sample_id,participant_id,diagnosis_label,EMSA_HI_exact_state_score,MBX_metabolomics_branch__SCFA_butyrate,MBX_metabolomics_branch__aromatic_amino_acid_indole,MBX_metabolomics_branch__bile_acid,MBX_metabolomics_branch__mucin_carbohydrate,MBX_metabolomics_branch__oxidative_stress_lipid,MBX_PC1,MBX_PC2,zoom
CSM5MCZF,C3012,CD,0.732002863190919,0.913998256535439,-0.826605073020273,-0.913018750241464,-0.4054294401234298,-0.9629810350511048,-1.0844343403826306,0.6913760691028871,I
CSM67UH7,C3022,nonIBD,-1.3483290042653688,0.0386419432875382,0.1589379865296946,-0.7381169938679462,-1.0463675510865682,-1.1895975383935211,-1.0893020173109678,0.0548323891358778,I
CSM79HGZ,C3022,nonIBD,-0.7239267112543104,-0.4996550575926932,-0.3233938826979417,-0.6948696197044056,-1.3864820920273653,-0.859490435943975,-1.4760928187011493,-0.5708069751559348,I
CSM79HHO,C3021,CD,-1.4995223093689416,-1.2464247941804436,-1.257197218834843,-1.14288547857717,-1.1257449363585788,-0.3149985907344441,-2.2397692684932653,-0.8402574094775347,I
CSM79HN6,C3021,CD,-1.52133191138826,-0.8470200133309852,-1.337415916661434,-0.7176000007213388,-0.8504603304915133,-0.8740780245637011,-2.0416018886052942,-0.33003035173237,I
CSM79HP4,C3022,nonIBD,-0.7513675092649043,-0.1896221031329298,-0.7384014880219809,-0.5763624752165303,-1.21693831022033,-0.5095807038050058,-1.296231318080152,-0.5689653392601423,I
CSM7KON8,C3012,CD,0.7012962945813574,0.6755039440683743,-1.2968456795778645,0.1844064476222428,-0.2506420564721383,-1.4153748942401454,-0.9396901016302606,0.6719730153433802,I
CSM7KOOH,C3022,nonIBD,-1.0564998911813503,-0.6714107915113144,-1.4394538939003547,-1.0325685806065703,-1.2192899302717777,-0.7478320614182756,-2.2397974174425266,-0.5355238160944493,I
CSM7KOOR,C3022,nonIBD,-0.6477603787386248,-0.6434685674730116,-0.2952025688654122,-0.8335622219136642,-0.9058322933562216,-1.0180282057149912,-1.5600569301607483,-0.1533391253958758,I
CSM7KOSV,C3021,CD,-1.5940152229118272,-0.6894630224463862,-1.5479984605165116,-1.0533440247123949,-1.130357708172279,-1.3104404763267916,-2.5429360279279405,-0.1933467696088873,I
CSMAG78W,C3022,nonIBD,-0.7805279253873304,-0.3640611666558097,-1.0536238752845215,-1.0825616086890346,-0.6762669392744075,-0.9310649955671654,-1.8914254717780783,0.0850095751614115,I
HSM67VHF,H4020,CD,0.3051063899142296,-0.7282333106259636,-0.3445380300125935,-0.591998793387644,-0.4879266162054925,-0.17050774154787,-1.005043942626412,-0.3626779577167848,I
HSMA33J5,H4045,nonIBD,-2.184902537268426,-0.6547326535074568,-1.41503883435018,-1.054894059488394,-0.667367899192956,-0.021088321601547,-1.7819343145808366,-0.4868359986683813,I
HSMA33J9,H4045,nonIBD,-1.835389641522284,-1.0076738110030046,-0.2046331795582234,-1.3270716793423256,0.6989235104331376,-0.3164197503667054,-1.2690355349200018,0.6654593588772977,I
HSMA33NY,H4045,nonIBD,-1.8539210839682765,-0.632428090106635,-0.294899380448496,-0.931790773207296,-0.3882039733536811,-0.6371319722305404,-1.322753195406057,0.0594940561722903,I
HSMA33QO,H4045,nonIBD,-2.141979476371482,-0.1751997976404744,-1.7218276087396396,-1.7083469004472218,-0.5340470808617545,-0.2338128086363017,-2.189700692214883,0.0154727736682386,I
HSMA33SG,H4045,nonIBD,-1.4158575810244445,-0.8112094342606989,-0.7617172118518392,-1.166472310959083,0.3795439351011639,-0.5248191343712061,-1.547999450258699,0.5374474274122061,I
HSMA33SK,H4045,nonIBD,-1.15351391928558,-0.7606580988452897,-0.0005257132199308,-0.706794237295991,-0.249866305815247,-1.527382715901806,-1.4496335179745352,0.5278112707806962,I
MSM6J2K6,M2042,nonIBD,-1.3794487945234704,-0.6115629284180027,-1.2627415363503545,-1.2156299578232914,-0.8535356865916707,-0.959054536983192,-2.2377554244889595,-0.0905911554223467,I
MSM6J2KE,M2027,CD,-1.138210995363262,-0.3771036086944156,-0.8862378111136783,-0.8423321289065009,-0.2743885144024875,0.669536409860976,-0.8663597453967676,-0.4811388295292302,I
MSM6J2QP,M2039,nonIBD,-1.14101026404486,0.0253215523951833,-1.6401216644099708,-1.2111892369160775,-1.704200297529236,-1.4157007405147266,-2.566381186946436,-0.2905921184036004,I
MSM6J2R8,M2027,CD,-1.371758726655155,-0.4864742338035832,-0.5809581062704526,-1.0455943641615235,-0.7681156278322717,-0.4068592224169076,-1.4662895097823108,-0.2726295798164841,I
MSM6J2RO,M2042,nonIBD,-1.3347458176686098,-0.3980710561990472,-1.3777903944131118,-0.7849201245599343,-1.1469436662880002,-1.395173330258763,-2.213661341594838,-0.1218244615533105,I
MSM79H5Q,M2039,nonIBD,-0.5683437407935359,-0.0602684633048373,-0.2431696778442539,-0.2976263600164728,-0.6294627722065823,-1.290227280274808,-1.0233911003040537,0.2539793242078637,I
MSM79H6Y,M2048,nonIBD,-0.6443490688554123,0.0701657592982136,-1.3924372986979248,-0.8397539766982813,-1.252477470489269,-0.3454147894820463,-1.6191576389616604,-0.5611380985461171,I
MSM79H7Q,M2047,nonIBD,-2.3530900598624944,-0.4602400617039571,-0.6252928252470746,-1.6414554369235552,-0.3022357765522548,-0.6077163516875453,-1.8101054790714408,0.3159469853102822,I
MSM79H7Y,M2047,nonIBD,-2.055533112927987,-0.0639331461996795,-0.6097014639652144,-0.9441384299426212,-1.1393574613755846,-0.8945193074528656,-1.5461809726476858,-0.1838590424309824,I
MSM79HA3,M2042,nonIBD,-1.7681276138664497,-0.5329708124778324,-1.3711514420260869,-1.2937958654868909,-0.8610505363759937,-1.3390410971427915,-2.476667009067816,0.1345860434929464,I
MSM9VZL9,M2084,nonIBD,-0.956902587776863,-0.1001199895010976,-1.4355182559343656,-0.8056357660536945,0.1542996491099094,-0.9178462290880144,-1.6109688328809295,0.6881108258079668,I
MSM9VZMM,M2084,nonIBD,-0.8135986379937455,-0.3061837443841098,-0.2993943555174853,-0.7141120667785888,-0.3953318919262831,-0.4701990046222279,-0.9865389175349256,0.026195026695331,I
MSM9VZMU,M2084,nonIBD,-1.041580367303639,0.217981521371024,-2.1120397178302523,-1.099441085929866,-0.5967696545814335,-1.3440761330213324,-2.3693027028745384,0.4963780826571757,I
MSMA26BB,M2084,nonIBD,-1.3239141989792276,0.4574811896164352,-2.202140503966607,-0.7403129825414351,-1.20082946932367,-1.732634519804071,-2.4166817122956896,0.2410495355421302,I
MSMB4LZX,M2084,nonIBD,-1.0968724834453838,0.5126821100090915,-0.9352200874099376,-0.928231466959982,-0.128242328542105,-1.0838977655029751,-1.3062688619073746,0.820653661233818,I
PSM7J16Y,P6017,nonIBD,-1.107221257126381,-1.207582418174879,-1.2339323609742503,-1.4035924078127149,-0.1616425566149999,-1.1247222994274282,-2.493996878488804,0.347164769793814,I
PSMA266I,P6037,CD,-0.9874444781202112,-0.9089815848398508,0.0275396557703086,-1.2252869834311169,-0.6985562242388812,0.3522600839797017,-1.08377908791857,-0.6721338479543544,I
CSM5MCXL,C3004,UC,-0.2983443992346561,-0.9451514473444178,-1.1959760241763635,-0.5144705307783947,-0.6745403886428448,-1.1938360485666666,-1.987887143541624,-0.114005655986852,I
ESM5MEDN,E5009,CD,-0.905093629160476,-0.3876440097127634,-1.0398882695793872,-1.127531977908017,0.0863855869530246,-0.3365642241935364,-1.4777223395282706,0.3457434641029067,I
HSM7CYXA,H4006,CD,0.3170187530624867,-0.4613229625735315,-0.7390016323389104,-0.558324507819052,-0.3774120882873421,0.0257547583260153,-0.9648060411026446,-0.3197189867770087,I
HSM7J4O1,H4024,nonIBD,-1.1909909510542085,0.4836183495284551,-0.8018574201055978,-1.3529930297011885,-0.7753423217778418,-0.1424556207516444,-1.2404441962817174,-0.0291022529174709,I
HSM7J4O3,H4024,nonIBD,-1.053497531728727,0.477616182916732,-1.2979875073136549,-1.355433824144784,-0.1651343628228285,-0.8346563432603986,-1.66218835153372,0.7400028673858624,I
MSM79H5G,M2061,nonIBD,-1.574294631097946,-0.8184035001090374,-1.0250551840281308,-1.2706352945094703,-0.6987984894407474,-1.106311435701858,-2.2621866934599346,0.0527451715620942,I
MSM79H9Q,M2061,nonIBD,-1.6922173404400789,-0.7467044757740076,-1.3238913028135668,-0.7809247086594221,-0.1470354688896559,-0.2945285688552953,-1.607414266306996,-0.0598028300050187,I
MSM9VZGO,M2061,nonIBD,-1.1538406240419277,-1.1062458913268016,-0.4830427959283438,-0.924153498234996,-0.9361095655706326,-1.2095698443677556,-1.9978817452024928,-0.2192379251834609,I
MSM9VZHB,M2061,nonIBD,-0.8588454308390647,-0.7082368851953234,-0.5036040207557052,-0.996235248112118,1.0207448568877715,-0.0429511658491948,-0.9047217689261176,0.7689411067957207,I
MSM9VZLJ,M2061,nonIBD,-1.709030840895464,-1.193901598280064,0.2511512471313146,-1.0215231923696768,-1.223243319662629,-1.115422068036176,-1.738014484829142,-0.4469977985531095,I
CSM79HIT,C3016,CD,-0.318700164777156,-1.5956222051951152,-1.0325894298316327,-0.204971441974337,0.3387771788282732,0.7657260592534767,-0.8886197412154736,-0.641482490111086,I
CSM79HRG,C3031,CD,-0.683049168096199,-0.7472249672232659,-1.519200784187123,-0.0126241926014594,-0.786603505832339,-2.00819742332153,-2.159818895289663,0.1458386130972064,I
CSM7KOLY,C3029,UC,-0.9236703417721192,-0.3719790777505229,-1.7764659261149844,-0.1359007009872822,-1.1074584498113091,-0.3344691808987894,-1.5473191815367415,-0.7912822545419207,I
CSM7KOO9,C3031,CD,-0.1009434386327525,-0.3205718154082609,-1.454397916548826,-0.1222316039107613,0.5146167802902648,-1.0135673061257588,-1.2641357412125198,0.7644130673986613,I
CSM9X1Y5,C3029,UC,-0.7679381126711778,-0.3529211929858085,-1.306288892576909,-0.7141302348084049,-0.4663673623375508,-0.1506765835869823,-1.4052851639475072,-0.2504425551995526,I
ESM718V8,E5013,CD,-0.7347381673540941,0.4032119123347166,-1.3070492542199543,-0.9769196006065926,-0.8053672201856754,-0.7461513357870401,-1.5864579207091098,0.113608748589592,I
ESM9IEP1,E5013,CD,-1.0119338431471578,-0.9080749199935024,-1.664784547072449,-1.594571696680522,0.9121656164042684,-0.1032226495059096,-1.999830215361384,0.7396294667272311,I
HSM5MD5P,H4004,CD,-0.4241128242116022,-0.3223671525569224,0.2949960679718495,-1.3262620837130226,-0.5625503439081103,-1.0914475526433516,-1.361825662394356,0.3849044588320098,I
MSM9VZOO,M2072,nonIBD,-0.1462418754753658,-0.6564170377463137,-0.3516346478297243,-0.1996360567940159,-0.2439658542038748,-0.8990256279575082,-1.0084852461352374,0.1132646144754737,I
MSMAPC6G,M2085,CD,-1.393786755395804,-1.1215105235154583,0.4889606178577923,-1.7628910498137222,-0.4449427568122598,-0.3999599101081536,-1.5242316914634482,-0.028940106851409,I
MSMB4LYB,M2085,CD,-1.5191911087054102,-0.9578959424484256,0.3458053345762835,-1.37723913142113,-1.0655697181696129,-0.9882034795790928,-1.7072969107169993,-0.229586259246237,I
MSMB4LYH,M2103,UC,-0.6613500086292606,-0.6554202481635031,-0.6617575546543133,-0.4832912880514593,-0.6607911982029833,-0.237338022055468,-1.1451008786915629,-0.4720852969610939,I
PSM7J156,P6014,nonIBD,-1.3334176331908405,0.3578867758505012,-1.0761234645783255,-1.3669977386745356,-0.8848479857179724,-1.5742557468410223,-2.101182770342319,0.5611140220785829,I
PSM7J19B,P6016,CD,-0.7014978785258005,-0.5357930358287252,-0.7831882014446848,-0.652533921715122,-0.5839925191273347,0.1014546851699852,-1.0908034954073995,-0.5131387773766133,I
CSM67UCK,C3010,CD,-0.9405782029535515,-0.6181413060413068,-1.7786316201009738,-0.9425271097273336,-0.9723318772360006,-1.38039570158208,-2.560148252443329,-0.0564269829118236,I
CSM79HJS,C3027,CD,-0.401143531166196,-0.8777908080406387,0.4485906359920388,-0.5281429086633138,-0.0292434542577731,-1.5129854241501877,-1.1007617616710217,0.622369641288282,I
CSM79HKB,C3010,CD,-0.9756835814186984,-0.368711061317117,-1.7926449925284798,-1.0227195442807102,-1.5676359189189943,-0.7389534653510617,-2.3688203931128435,-0.7137401596386166,I
HSM67VFZ,H4008,nonIBD,-1.2493146229789325,-1.1616261483124797,-1.325573615240322,-0.9761215155392046,0.1898904309482652,-0.5376689716862691,-1.9260359065695785,0.2178236498527713,I
HSM7J4IU,H4022,nonIBD,-1.4955855938481284,-0.204927138121035,-1.4870346551058573,-1.8661593866439687,-0.25819752197622,-1.1582937290240358,-2.515902738768569,0.7214633643077046,I
HSM7J4KC,H4023,nonIBD,-0.5301389420050654,-0.5216621364197653,-0.1574793912845438,-0.9599313331801254,-0.9794046454806652,0.3865427563366253,-0.9107923661306364,-0.8382070305367313,I
HSMA33JP,H4032,CD,-0.8119346945389363,-0.728762905281022,-0.4112776101797446,-0.5035699929454963,-1.0035680312724868,-0.7176356151790301,-1.351040696486427,-0.4877012141129841,I
MSM79H8D,M2075,nonIBD,-0.7896785076414511,-0.1371000129020514,-0.5964341513601872,-0.8169516332785511,-0.5500847769694475,0.2427855740471409,-0.8532922647918104,-0.3802713217935332,I
MSM79HAJ,M2064,UC,-1.4104853971786315,-0.9623168288210028,-0.9782014046483122,-1.9337260674285863,-0.4116285797503031,-0.6592796194905008,-2.427143562551836,0.148475502627793,I
MSM79HAN,M2064,UC,-1.4099656110196854,-0.6058939675176208,-1.04238169312358,-2.0670075803930974,-0.4314002794965747,0.1331458502576091,-2.045079835556201,-0.119294301728854,I
MSM9VZJZ,M2075,nonIBD,-1.462616014758002,-0.1271149271652832,-1.480941025346138,-0.5150933987969302,0.4729179060220973,-0.4280426235889907,-1.181744286698155,0.5942254759183554,I
MSM9VZLP,M2064,UC,-0.7921286208709697,-1.4809008686012413,-0.3657662527199097,-0.8906307496579278,-0.215818121549451,0.002741900560634,-1.369354240341309,-0.4301516992831627,I
MSM9VZLV,M2064,UC,-1.396567822270872,-1.237180235557756,-1.0677882015934106,-1.5874938151598512,-1.3263273560461295,-0.2625021905260437,-2.426167592522438,-0.8960346449199019,I
MSMAPC7J,M2075,nonIBD,-0.7432274511589885,-0.524683674653929,-1.0210722670318482,-0.4053373958310762,-0.2033045273773167,-2.23414088225854,-2.0016892211861714,0.8756326947474289,I
MSMAPC7T,M2077,nonIBD,-0.2564480977596153,-0.3385306861615167,-0.6978231379008166,-0.4099747583631943,-0.5679864276198741,-0.2764255541607571,-0.982041206763094,-0.2991212283073567,I
MSMB4LZC,M2077,nonIBD,-0.286783784104349,-0.2591088927379943,-1.072650724017634,-0.3028338142854273,-1.152567813239983,-1.914063876798335,-1.9402664703581092,0.0822194380550897,I
PSM6XBSK,P6010,CD,-0.1123237187334647,-0.978026257002726,-0.1811757199729463,-0.5680836293412677,-0.6039024971395542,0.0598361166217293,-0.9371866448838008,-0.6436456843856564,I
PSM7J14T,P6010,CD,-0.5528740783018705,0.5266756808808649,-0.2736786552769747,-1.4204476236290018,-1.1090356827971934,-1.5635543233242333,-1.6936284027046071,0.4988782469744203,I
CSM67UAQ,C3015,UC,-1.1385191325232675,-0.6094953334459531,-0.5387334099148023,-0.7884263367097935,0.5658826013664796,-0.1606888025447528,-0.9179034751965628,0.4779981385065802,I
HSM5MD6K,H4013,nonIBD,-0.467999745462026,-1.1604114898154103,-1.4762411449020088,-0.9747506803350502,-0.2662054984965486,-0.9388948303737014,-2.288165315897629,0.0798536137465858,I
HSM6XRVC,H4013,nonIBD,-0.800696733706846,-0.2605743744238559,-1.6155069988134148,-0.8628004743033573,-0.3592142982437211,-0.5507764035117149,-1.7662147695933077,0.0801336667464428,I
HSM7CZ3G,H4031,CD,-1.0770630011090054,-1.1455980744396277,0.1929441854605679,-1.0091289509908097,1.002455691332117,-0.5092416542337749,-0.9445557306159316,0.8827488713429743,I
HSM7J4MK,H4031,CD,-1.3072382180274584,-1.1525305387599234,0.1317150978378551,-0.8173646309122293,-0.6030263615186535,-0.0650623699130394,-1.0510689675288098,-0.5637599689719174,I
HSM7J4NU,H4040,UC,-0.3602539665963373,-0.3488090553591831,-0.822760682693538,-1.0041035450220357,-0.3724500216094377,-0.6069817380732198,-1.5034614144362732,0.1411079741573074,I
HSM7J4OE,H4031,CD,-1.2584430142773602,-1.1983112709188497,0.0097939208506752,-1.2343830747799327,-0.6889613206731897,-0.557958971578008,-1.6190698738330067,-0.3006154085957373,I
HSM7J4R2,H4013,nonIBD,-0.2939730447825981,-1.0782990300667097,-1.6472683896483964,-1.462444217579802,-0.3265132559876792,-0.8261704840018272,-2.5968269804009427,0.1130505985207869,I
MSM6J2J5,M2025,CD,-1.8906281267361111,-0.5264328082756233,-1.354353222394331,-0.4956520997515339,-0.7587714118540817,-0.7144178772233944,-1.691421144108309,-0.290989569917551,I
MSM9VZFR,M2079,nonIBD,-0.4229509245359486,-0.3337379482541245,-1.1405302946716065,-0.4168129781255169,-0.7266743907716083,-0.0931785615897714,-1.1709821599378385,-0.525382096784176,I
MSM9VZKE,M2079,nonIBD,-1.1177561026581613,-0.0788874419434118,-1.2140219746477403,-0.7675656547723528,-1.2440654130876645,-1.4181201432543225,-2.0171014172335893,-0.0720954326403849,I
MSMA26AL,M2068,CD,-0.9080929174457102,-0.9571053063458584,1.3962093018584547,-1.391129656391136,-0.2700139004384299,-1.5287170658223477,-1.218799122686176,0.677603675854718,I
MSMA26BR,M2079,nonIBD,-1.50503235514493,-0.1691880404005135,-1.1531057491318903,-0.8699128949616055,-1.008282424942166,-0.8382120381868882,-1.7726877688430842,-0.1948783740608134,I
MSMB4LZ8,M2079,nonIBD,-0.7396860333717558,-0.6083999112729395,-0.9007235532053448,-0.7845443399685872,-0.1212261747389128,-0.7069579968596923,-1.507167983669101,0.2336756914841507,I
CSM9X22Q,C3032,UC,-0.8307904873210274,-1.2569643533864183,-1.1014263476952466,-1.3578706157275962,-1.0090097647663694,-1.0836326068295747,-2.602029344590865,-0.3129356148748648,I
MSM6J2JH,M2042,nonIBD,-1.549030346700118,-0.3959768294908132,-1.5356761394429324,-0.8758808083881222,-0.492607989931219,-0.6472236772006912,-1.8637251649245443,-0.0064086630622716,I
PSM7J19V,P6017,nonIBD,-1.3897162823682707,0.2049201431325042,-1.2196882572736154,-0.9623954765208472,-0.8611312282491602,-0.4760770175778857,-1.5101580355081343,-0.1278586065302533,I
CSM5MCUC,C3004,UC,-0.3118920732585455,-0.614354539355751,-1.382565628982905,-0.7216550531211724,-1.1711581072907684,-0.3741601224100748,-1.82539287858556,-0.7405383335306749,I
MSM6J2NA,M2061,nonIBD,-1.692626744623985,-0.9682943395809728,-0.8436577816660548,-0.7332691880759978,-1.623187687501791,-0.9037851249198028,-2.0421997169305697,-0.8918391837576515,I
MSMAPC5F,M2097,nonIBD,-0.9665747281644748,0.0291911563870018,-1.1482879355189122,-0.3735644313576019,0.1872259110142103,-0.7607046426875423,-1.073560290663029,0.5874001183296342,I
PSM6XBTF,P6009,CD,-0.0644472475455084,-0.3013534104052085,0.6047175341038387,-1.013910284964557,0.1406541814991414,-1.135343415211834,-0.8587904559650131,0.8684914040597436,I
CSM5MCTZ,C3006,UC,1.4301261777329537,-1.2411582209355738,-0.0404937376889824,0.7604521191839669,-0.1279143165918121,-1.946779134798716,-0.9568261890789188,0.3212993670598928,I
CSM67U9V,C3016,CD,0.7864114974614416,-0.5935264988389163,-1.74451305533987,0.1241573688154737,-0.4684616914765798,0.3698145656947593,-1.0072736569155245,-0.8126144650667423,I
CSM7KOR8,C3017,CD,-0.6320116376603945,-0.6971561675319552,0.2014741920278338,-0.8359210228614891,-0.0332324799662292,-0.5147118475347586,-0.8969258011107293,0.2368114783331626,I
HSM5MD51,H4004,CD,0.4684284635767448,-0.6787327670716116,-0.5082910491478022,-0.2277550433539207,-0.9169129484322864,-0.4599293509842998,-1.0823394439881249,-0.6075725015300715,I
HSM5MD82,H4009,nonIBD,-1.6442874925000737,-0.1955933538059559,-0.1074907213394955,-0.6719893584039341,-0.5779134843280903,-0.4740825638732893,-0.8603715792574477,-0.069396299159109,I
MSM9VZM4,M2085,CD,-0.6819938499442133,-1.2294877638518138,-0.1741908621377494,-0.5746021661743581,-0.6437564719037063,-0.0824251787889567,-1.1154613354742973,-0.6821462313827925,I
CSM5MCXZ,C3010,CD,-0.844625150905761,-0.1551967642178467,-1.2264704330784273,-0.2457728515425307,-0.337020356867928,-0.5646035377154163,-1.1540148937082009,0.0110622366797597,I
HSM67VDX,H4022,nonIBD,-0.9822531742921212,-1.5567245112014798,0.1039617519614971,-1.3883834545260174,-1.1133095391593226,-0.1312338068912312,-1.725308771881001,-0.9028392497499076,I
HSM67VG6,H4008,nonIBD,-0.9548550420226044,-0.7678983484748843,-0.891409557167573,-0.2152954432048909,0.1862395001021033,-1.2684908388861584,-1.405696350349714,0.5545404355420486,I
HSM6XRSZ,H4008,nonIBD,-0.972597228484512,-1.5776557084957443,-1.0869892986661276,-0.3643161353309549,-0.7421166936652217,-1.3760392455760757,-2.204706395469564,-0.3104332459700026,I
HSMA33LV,H4043,CD,-0.1687633427291731,-0.5899501450815146,-0.0555972675929836,-0.4205290529450445,-0.5065504106697134,-0.9140319774932836,-1.0269775790507998,0.0174116968354882,I
MSM79H8J,M2075,nonIBD,-0.9209735690349848,-0.6255856207354467,-1.533943652997979,-0.4645083972120824,-0.5646852109641817,-1.4190067972825495,-2.0723460456575524,0.1570799014444018,I
MSM9VZH1,M2075,nonIBD,-0.5778298787439728,-0.6787598547394695,-0.8375789581678907,0.0621524074669788,-0.7106262141843122,-1.0550930390700806,-1.2944291676761972,-0.2413175696138847,I
MSMAPC7D,M2075,nonIBD,-1.0779425903004016,-0.5423288124838143,-1.800268515794634,-0.4168220263997482,-0.1842429552936265,-1.9097880306435435,-2.2731933638743747,0.6855799414969606,I
HSM5MD3L,H4014,CD,-0.970740664178659,-0.7531905543395275,-0.0988604518351,-0.8542349331605299,0.0630012346635659,-0.0423650867500502,-0.8563616297546023,0.0404640377963573,I
HSM5MD8H,H4013,nonIBD,-0.1957511167178824,-0.6242941445880177,-1.6384099858200691,-1.6699307666123286,-0.6863565848918352,-0.4587848712971865,-2.447953177798865,-0.1355984106133083,I
HSMA33JH,H4031,CD,-1.2729062510672309,-0.9455938031521508,0.1390377281881673,-1.6497149283830523,-0.5719328188159415,-1.208905710563731,-1.9513713837540403,0.3005043244410387,I
MSM5LLHM,M2025,CD,-1.5720237224044324,-0.3870609220169593,-1.4612388312994378,-1.5061525616171705,-1.413440120653783,-0.4694684073857788,-2.3362194772235934,-0.6129557937403249,I
MSM5LLIC,M2025,CD,-1.74064128097517,-1.0000899431770005,-1.4723522094696224,-0.8474011505236466,-0.6238454435652022,-0.3234043957893512,-1.9567159296556191,-0.4684061665806921,I
MSM9VZFJ,M2079,nonIBD,-1.1563101065294208,-0.6890743931077751,-1.3530291751110148,-0.737019563973054,-0.9666151182453336,-0.2207916327618263,-1.7344442536886782,-0.6880922091899265,I
