sample_id,participant_id,diagnosis_group,disease_group_binary,EMSA_HI_external_primary_weighted_modules,EMSA_HI_external_SCFA_bile_lipid,EMSA_HI_external_SCFA_bile_only,EMSA_HI_external_no_bile_sensitivity,EMSA_HI_external_SCFA_only,EMSA_HI_external_bile_only,EMSA_HI_external_lipid_only
PRISM.7122,PRISM.7122,CD,1.0,-0.027669192868686566,0.011229221734339207,-0.009581652030942883,-0.0820674029387541,-0.19548739895595252,0.17632409489406675,0.05285096926490339
PRISM.7147,PRISM.7147,CD,1.0,-0.03780922055364956,0.07856135570709394,0.24511683439544185,0.023287722682276954,0.7571564264792576,-0.2669227576883739,-0.2545496016696019
PRISM.7150,PRISM.7150,CD,1.0,-0.06771171091538637,-0.10205976518310984,-0.38496139257678025,-0.03956592847250245,-0.5966643900773594,-0.17325839507620108,0.46374348960423095
PRISM.7153,PRISM.7153,CD,1.0,0.006403623310518352,0.18662993467102232,0.43503413218974585,-0.07446434925745594,0.5604097439390697,0.30965852044042197,-0.3101784603664247
PRISM.7184,PRISM.7184,CD,1.0,-0.03351467514136669,-0.0019371239913649242,0.0607964330687741,-0.04781434257033688,0.10148378842027675,0.020109077717271457,-0.12740423811164298
PRISM.7238,PRISM.7238,CD,1.0,0.10463751159564472,0.2952754637704717,0.42400717791605397,0.1103848892974028,0.764929510618056,0.08308484521405193,0.03781203547930713
PRISM.7406,PRISM.7406,CD,1.0,0.1886761100636699,0.29690393772074253,0.6632311037013229,0.32019579427943395,1.630984913148091,-0.3045227057454452,-0.4357503942404182
PRISM.7408,PRISM.7408,CD,1.0,0.2167901339783478,0.1758005350506399,0.27213216244680627,0.1629961108365586,0.12574660413355532,0.4185177207600573,-0.016862719741692844
PRISM.7421,PRISM.7421,CD,1.0,0.05220923226231379,0.018644113755085887,0.07621295070092199,-0.06825091833416655,-0.35150889559727105,0.503934796999115,-0.09649356013658632
PRISM.7445,PRISM.7445,CD,1.0,0.02442960601002428,0.016626988358460732,-0.04811382784155169,-0.029880933846274497,-0.3243217861542481,0.22809413047114474,0.14610862075848557
PRISM.7486,PRISM.7486,CD,1.0,0.1861189052753384,0.12188893236865977,-0.07638180413437926,0.22034109522651255,-0.21054930122719379,0.057785692958435275,0.5184304053747378
PRISM.7496,PRISM.7496,UC,1.0,0.05887010736686146,0.02179235985489709,0.03360331630525392,0.03181050246145985,-0.09313699315160966,0.1603436257621175,-0.0018295530458165665
PRISM.7506,PRISM.7506,UC,1.0,0.09324537286082395,0.2269240195049577,0.49553980621375654,0.09677400889018131,0.9110666246767792,0.08001298775073389,-0.3103075539126399
PRISM.7547,PRISM.7547,CD,1.0,0.06901641629228321,0.1585111291892095,0.23803012818426042,0.06664150308527102,0.398137915549942,0.07792234081857886,-0.0005268688008923027
PRISM.7658,PRISM.7658,CD,1.0,0.060111329551319724,0.055140395465435164,-0.0038248741572644573,-0.01460155013672552,-0.3479343766960183,0.3402846283814894,0.1730709347108344
PRISM.7662,PRISM.7662,nonIBD,0.0,-0.4584893490193734,-0.3971988328564666,-0.2850548541813819,-0.613950858595223,-0.6946010202528268,0.12449131189006306,-0.6214867902066361
PRISM.7744,PRISM.7744,CD,1.0,-0.07063454151688864,-0.07465672407077345,-0.14676276957971265,-0.11613709708777224,-0.3935255810333502,0.1000000418739249,0.06955536694710494
PRISM.7759,PRISM.7759,CD,1.0,0.06799683243468228,0.09286355103425399,-0.04950573318736243,0.008093567910719171,-0.3916455407742688,0.2926340743995439,0.37760211947748684
PRISM.7762,PRISM.7762,UC,1.0,-0.2752992687739486,-0.4157455984315976,-0.25238144265903023,-0.20622534074017632,0.029563613582534343,-0.5343264989005948,-0.7424739099767323
PRISM.7776,PRISM.7776,UC,1.0,-0.022125872815084952,-0.007555555991940911,-0.024713896193115814,-0.1891883956150326,-0.6537863800709504,0.6043585876847187,0.026761124410408895
PRISM.7791,PRISM.7791,CD,1.0,-0.09895633762352503,-0.1363954813268524,-0.16298309276002665,-0.10457662543632207,-0.2480859271945172,-0.07788025832553608,-0.08322025846050392
PRISM.7843,PRISM.7843,CD,1.0,-0.10647606619552479,-0.30626217165543634,-0.4781390847245215,-0.07827337731731167,-0.744042019960219,-0.21223614948882394,0.03749165448273395
PRISM.7847,PRISM.7847,nonIBD,0.0,0.057930468204410494,-0.03359012789139826,-0.16780354836009573,0.04845103569552993,-0.4290854368329041,0.09347834011271268,0.23483671304599668
PRISM.7852,PRISM.7852,UC,1.0,0.030258651796061475,-0.07907034515709693,-0.20771163025001677,-0.04812569570789565,-0.7396232154359342,0.3241999549359007,0.17821222502874273
PRISM.7855,PRISM.7855,nonIBD,0.0,-0.18719308767444384,-0.1452677186419142,-0.25449369548373707,-0.20528695418295567,-0.3896463026999496,-0.11934108826752453,0.07318423504173148
PRISM.7858,PRISM.7858,nonIBD,0.0,0.04200147340825086,-0.08532401697368758,-0.18137582501744617,-0.030038698597107345,-0.6749037684632365,0.31215211842834417,0.10677959911382962
PRISM.7860,PRISM.7860,nonIBD,0.0,-0.2879398178316254,-0.22722500276978178,-0.22198970211377206,-0.3796490892885824,-0.4999493543595075,0.05596995013196337,-0.23769560408180124
PRISM.7861,PRISM.7861,nonIBD,0.0,-0.15847408326037737,-0.19148865692171038,0.04130584140713345,-0.24706731268842816,-0.09113884428054614,0.17375052709481303,-0.6570776535793981
PRISM.7862,PRISM.7862,nonIBD,0.0,-0.2924202147145045,-0.23188638151466703,-0.27808632112965004,-0.3858886026311759,-0.6142588822323135,0.058086239973013466,-0.13948650228470102
PRISM.7870,PRISM.7870,nonIBD,0.0,-0.14241366645424702,-0.0921936258644122,-0.01346642769867673,-0.32285148713449124,-0.5611610164940223,0.5342281610966688,-0.24964802219588314
PRISM.7874,PRISM.7874,nonIBD,0.0,-0.38355896467292333,-0.32036584168217525,-0.3379132670321605,-0.4924998067627694,-0.7007957272283203,0.024969193163999266,-0.28527099098220476
PRISM.7875,PRISM.7875,CD,1.0,0.1553043973043452,0.05025583220172095,-0.13152141843991966,0.24434933668702097,-0.0844287114991504,-0.17861412538068888,0.4138103334850022
PRISM.7879,PRISM.7879,nonIBD,0.0,-0.3971916111290237,-0.388629364013424,-0.29776712146485684,-0.42398614211748853,-0.29882212300743305,-0.2967121199222806,-0.5703538491105583
PRISM.7897,PRISM.7897,UC,1.0,-0.003356887882337836,-0.05423523056976417,-0.2608995708111398,-0.022703498468491335,-0.5909920434380174,0.06919290181573773,0.3590934499129871
PRISM.7899,PRISM.7899,nonIBD,0.0,-0.24354512961487143,-0.3520587553728845,-0.15844211123952304,-0.30625954185014886,-0.30851813874646505,-0.008366083732581029,-0.7392920436396074
PRISM.7904,PRISM.7904,nonIBD,0.0,-0.2292212486934768,-0.17738984238594235,-0.20957877463838662,-0.30003806825794765,-0.455499373950062,0.03634182467328878,-0.1130119778810538
PRISM.7906,PRISM.7906,nonIBD,0.0,0.014454138798563238,-0.12965126475492442,-0.050223569381096955,0.030097211228400443,-0.05623975594886763,-0.044207382813326285,-0.28850665550257937
PRISM.7908,PRISM.7908,nonIBD,0.0,-0.06198277054820111,0.012995464450684691,0.06455961402876158,-0.14833087428644015,-0.13270339041267218,0.26182261847019533,-0.09013283470546908
PRISM.7909,PRISM.7909,nonIBD,0.0,-0.23726281619885595,-0.2439373422290129,-0.1061430996268718,-0.3994680870594413,-0.5832931487820827,0.3710069495283391,-0.5195258274332951
PRISM.7910,PRISM.7910,nonIBD,0.0,-0.11451616541547376,-0.1749111330294829,-0.11663022661607515,-0.18462120880142383,-0.38163820051398933,0.14837774728183903,-0.2914729458562984
PRISM.7911,PRISM.7911,nonIBD,0.0,-0.0931004490612645,0.063377946903523,0.09387383212252273,-0.18715185845577376,-0.07184467192309979,0.25959233616814525,0.002386176465523524
PRISM.7912,PRISM.7912,nonIBD,0.0,-0.18503661644038277,-0.2712909527657892,-0.16050265658521434,-0.18759362724602102,-0.14555748725118953,-0.17544782591923913,-0.4928675451269388
PRISM.7938,PRISM.7938,CD,1.0,0.17030532854397573,-0.05052468510691286,-0.22894011025209723,0.1637789485064058,-0.6526594741890573,0.19477925368486287,0.3063061651834559
PRISM.7941,PRISM.7941,CD,1.0,0.21876987362458142,0.03511509939551446,-0.1214660052614169,0.20934121699434816,-0.4970593465107898,0.254127335987956,0.3482773087093772
PRISM.7947,PRISM.7947,CD,1.0,0.07529292088212114,0.01678528052318307,-0.019495816483843777,0.0750651138457477,-0.11513883023620912,0.07614719726852157,0.08934747453723677
PRISM.7948,PRISM.7948,CD,1.0,0.16990603398790718,0.10493986388458208,-0.0365238848743245,0.21683672285739966,-0.06696372047595937,-0.006084049272689633,0.38786736140239525
PRISM.7955,PRISM.7955,nonIBD,0.0,-0.0255027146465143,-0.15814365483255743,-0.17584424783948205,-0.10531284903122216,-0.6254737849751043,0.2737852892961402,-0.12274246881870819
PRISM.7971,PRISM.7971,CD,1.0,-0.2721390669423332,-0.5884905550527635,-0.466204762217576,-0.2094015289081173,-0.4250046898645089,-0.5074048345706431,-0.8330621407231386
PRISM.7989,PRISM.7989,CD,1.0,0.003195940312687209,0.08257801661671546,0.06573976527477043,-0.026257803337738753,0.017832051547756314,0.11364747900178454,0.11625451930060551
PRISM.8095,PRISM.8095,CD,1.0,0.08220911923389229,0.050397182349860715,-0.03814006773021934,0.056114568382329005,-0.25634382038769327,0.18006368492725458,0.22747168251002084
PRISM.8096,PRISM.8096,UC,1.0,-0.019860851653239312,0.08432750765210699,-0.212560819394722,0.0035870610868307413,-0.317331114360942,-0.10779052442850193,0.6781041617457649
PRISM.8101,PRISM.8101,UC,1.0,0.0029997554017027546,0.0008510624896277408,0.13421437173194184,-0.006773333159612823,0.22877990595724756,0.039648837506636135,-0.26587555599500046
PRISM.8106,PRISM.8106,UC,1.0,0.17385218593510804,0.06868688585246585,-0.19710422158738933,0.19747512141825926,-0.47947462104806965,0.08526617787329102,0.6002691007321762
PRISM.8129,PRISM.8129,UC,1.0,0.10213379431281294,0.10634919598390824,-0.05227659272693304,0.13125995346623423,-0.09746388294134926,-0.007089302512516813,0.4236007734055908
PRISM.8226,PRISM.8226,CD,1.0,-0.012968563265871556,-0.03145475711285117,-0.37096609736228336,0.11361200249310835,-0.2542865098625205,-0.4876456848620463,0.6475679233860132
PRISM.8244,PRISM.8244,nonIBD,0.0,-0.04182567400931672,0.09054413308751597,0.3614558309438428,-0.09800543039867629,0.5540632494369041,0.16884841245078153,-0.45127926262513773
PRISM.8264,PRISM.8264,CD,1.0,0.025465342195243906,-0.08514374502200626,0.06280373247186172,0.20790889131939203,0.784305431964035,-0.6586979670203116,-0.3810387000097422
PRISM.8275,PRISM.8275,UC,1.0,-0.023286720788960442,0.05062908509552779,-0.1920489350542128,-0.05472915946832532,-0.47872029436708347,0.09462242425865786,0.535985125395009
PRISM.8283,PRISM.8283,nonIBD,0.0,0.01213966691462817,0.15627855821942221,0.4540357595869439,-0.013544642371556777,0.799615692436066,0.10845582673782188,-0.4392358445156212
PRISM.8332,PRISM.8332,nonIBD,0.0,0.003279186706330393,0.3073074129022368,0.5553012772043467,-0.09316852795515845,0.7456444377217799,0.36495811668691364,-0.18868031570198304
PRISM.8336,PRISM.8336,CD,1.0,0.21362907018258903,0.1572772690335289,0.21257062185825987,0.4087481644112537,0.9432087768914235,-0.5180675331749037,0.04669056338406695
PRISM.8361,PRISM.8361,CD,1.0,0.022753853958591454,0.017343572552267206,-0.21742129642126545,-0.10316612653201918,-0.9297963736409123,0.49495378079838137,0.4868733104993325
PRISM.8374,PRISM.8374,CD,1.0,0.1504921275851794,0.24383446594553393,0.22173738714564994,0.027545358375453865,-0.16806773783035037,0.6115425121216502,0.2880286235453019
PRISM.8377,PRISM.8377,CD,1.0,-0.2882166082036134,-0.17994243525621137,-0.29566650601063177,-0.31205308346435806,-0.39250318604544293,-0.1988298259758206,0.051505706252629437
PRISM.8406,PRISM.8406,CD,1.0,-0.10613993291148065,-0.01789550743994137,0.013010478131330216,-0.22711525312115075,-0.32149656161212176,0.3475175178747822,-0.07970747858248454
PRISM.8441,PRISM.8441,UC,1.0,-0.24874162865930147,-0.31711128481278744,-0.315054277761969,-0.28165566900954236,-0.5047945781780396,-0.12531397734589836,-0.3212252989144244
PRISM.8444,PRISM.8444,UC,1.0,-0.1405638091899543,-0.1627767448874238,-0.10530041826948916,-0.1467166108856878,-0.09311003370802483,-0.11749080283095349,-0.2777293981232931
PRISM.8447,PRISM.8447,UC,1.0,-0.06234375757683455,-0.19843003790333189,-0.1045896030937526,-0.040748207183430966,-0.0658521346354072,-0.143327071552098,-0.3861109075224904
PRISM.8452,PRISM.8452,CD,1.0,0.17175425025071983,0.09770777119922301,-0.02861276338714716,0.36570248331147204,0.49832609695280655,-0.5555516237271009,0.35034884037196334
PRISM.8458,PRISM.8458,UC,1.0,-0.33247352709705935,-0.24698470930465163,-0.1437881690365609,-0.40695308127850793,-0.23440113915649458,-0.053175198916627225,-0.45337778984083305
PRISM.8462,PRISM.8462,CD,1.0,0.2513395537841398,0.31585676071642393,0.16787718369722493,0.20519054495364075,-0.08864396950406103,0.4243983368985109,0.611815914754822
PRISM.8464,PRISM.8464,UC,1.0,0.0667565765096156,0.021072772496074522,-0.08373296410745448,-0.0038122158655206667,-0.49885547613128556,0.3313895479163766,0.23068424570313253
PRISM.8466,PRISM.8466,CD,1.0,-0.05792307898816165,0.18040813288147242,0.15457349808372203,-0.17148980176246925,-0.05880513524804778,0.3679521314154918,0.23207740247697325
PRISM.8467,PRISM.8467,CD,1.0,0.24252336123692678,0.07270031853928864,-0.08553803523064843,0.23033383723455503,-0.4593101467071177,0.2882340762458208,0.38917702607916277
PRISM.8475,PRISM.8475,CD,1.0,0.12280091405431531,0.14017113045986737,-0.0672966313864036,0.12503070099327002,-0.24903247580604226,0.11443921303323508,0.5551066541524093
PRISM.8480,PRISM.8480,UC,1.0,0.2620820657755258,-0.12307390764566649,-0.3514246363285122,0.744885562646913,0.8455817748351524,-1.5484310474921767,0.3336275497200249
PRISM.8483,PRISM.8483,CD,1.0,0.18651282883054746,0.20144521648585725,0.11027200327136807,0.12511144749254535,-0.19622400230531922,0.41676800884805537,0.38379164291483564
PRISM.8485,PRISM.8485,CD,1.0,0.18214701182899332,0.205352187119927,0.056265102640143644,0.15632547498884364,-0.16644756969926722,0.2789777749795545,0.5035263560794937
PRISM.8496,PRISM.8496,CD,1.0,0.037059464753364725,0.020698630014374886,-0.05605564191148879,-0.0011511454838188976,-0.2924605369657809,0.1803492531428033,0.17420717386610224
PRISM.8502,PRISM.8502,UC,1.0,0.0796317465944034,0.017157242759824314,-0.183382035548664,0.2116951277780433,0.04884186174691826,-0.41560593284424624,0.41823579937680094
PRISM.8503,PRISM.8503,UC,1.0,-0.20760361458755383,-0.14781396111609332,-0.15916656602620438,-0.24179546564730675,-0.23894895893892848,-0.0793841731134803,-0.1251087512958712
PRISM.8511,PRISM.8511,UC,1.0,-0.11786227578448054,0.047502773252117686,-0.005202091463874375,-0.27052527624675676,-0.46502815887680393,0.4546239759490552,0.1529125026841018
PRISM.8513,PRISM.8513,UC,1.0,-0.26918535681912475,-0.3717240816068255,-0.2538765711198778,-0.34082670941316856,-0.5072228576482951,-0.0005302845914604982,-0.6074191025807211
PRISM.8515,PRISM.8515,UC,1.0,0.13165662315993748,-0.06614806128522512,-0.03626833581889463,0.13348937033619052,-0.19732049288677792,0.12478382124898865,-0.12590751221788607
PRISM.8523,PRISM.8523,CD,1.0,-0.14604845232965127,-0.26131640936958805,-0.6752901833591893,0.07196939654529012,-0.3869649811076969,-0.9636153856106818,0.5666311386096144
PRISM.8534,PRISM.8534,CD,1.0,0.14697480938948332,0.2911885628566611,0.27430749852621533,0.2792795599714318,0.8977830023452542,-0.34916800529282355,0.32495069151755274
PRISM.8537,PRISM.8537,CD,1.0,-0.16058271162431847,-0.2057507255406628,-0.11357452465888034,-0.17424286263663788,-0.11779190398964,-0.10935714532812067,-0.39010312730422775
PRISM.8550,PRISM.8550,CD,1.0,0.20140908642323688,0.22197501781654436,-0.005759498034011434,0.18803667295310822,-0.2630746330042423,0.2515556369362194,0.6774440495176559
PRISM.8564,PRISM.8564,CD,1.0,-0.00641599752122249,-0.10816757905068902,-0.11543157967934008,-0.07127359524770259,-0.467663153311758,0.23679999395307785,-0.09363957779338691
PRISM.8565,PRISM.8565,CD,1.0,0.25073405734883647,0.14961375743033,-0.05019823417739245,0.3612494091889824,0.06330204369692592,-0.16369851205171082,0.5492377406457749
PRISM.8573,PRISM.8573,CD,1.0,0.08371254677428883,0.05765882025981712,0.10303931346741023,0.10435666533263316,0.1997815247543229,0.00629710218049755,-0.03310216615536909
PRISM.8577,PRISM.8577,CD,1.0,-0.23221702844394718,-0.05242592795206905,-0.17545076257438064,-0.2836579150695341,-0.31158782155076503,-0.03931370359799623,0.1936237412925541
PRISM.8589,PRISM.8589,nonIBD,0.0,0.06662973333501551,0.11562116756382403,0.006965139369290829,-0.029836289892233834,-0.41444704169861885,0.4283773204372005,0.33293322395289043
PRISM.8591,PRISM.8591,CD,1.0,0.10853463718156009,0.24558364977112357,0.14012431496681121,-0.005738563651347994,-0.25681051037134295,0.5370591403049654,0.4565023193797483
PRISM.8592,PRISM.8592,CD,1.0,0.1043813400893441,0.14044971347519372,0.16120930916298062,0.026039762296701345,-0.07574363848579319,0.39816225681175443,0.0989305220996199
PRISM.8605,PRISM.8605,UC,1.0,-0.10830663554915726,-0.13348513998286873,-0.3830509482561675,-0.06005414923357781,-0.4768484372797548,-0.2892534592325802,0.36564647656372873
PRISM.8624,PRISM.8624,CD,1.0,0.0431220373516776,0.05196146971216959,0.04308800807369306,-0.012528017133975606,-0.165633725525491,0.2518097416728771,0.06970839298912265
PRISM.8628,PRISM.8628,UC,1.0,-0.16482181181486383,-0.1268940182205949,-0.13721976050562978,-0.12644006271736494,0.03431384991922512,-0.30875337093048466,-0.10624253365052515
PRISM.8629,PRISM.8629,CD,1.0,0.15624187458180216,0.03559357193632437,0.1381753240341057,0.20548762478075983,0.3047803367325005,-0.028429688664289087,-0.1695699322592383
PRISM.8667,PRISM.8667,UC,1.0,-0.0018054209689964435,-0.07773894333438867,0.03024197963873621,0.009852169808525435,0.10600534566217594,-0.04552138638470352,-0.2937007892806384
PRISM.8675,PRISM.8675,CD,1.0,-0.06210565565708561,-0.030370861836038113,0.00047842056616237416,-0.16815172904856399,-0.33461027842863356,0.3355671195609583,-0.09206942664043909
PRISM.8683,PRISM.8683,nonIBD,0.0,-0.1147359287409711,-0.22811546694605755,-0.2863146227850131,-0.04749019181238441,-0.20572180334685491,-0.36690744222317123,-0.11171715526814652
PRISM.8692,PRISM.8692,UC,1.0,-0.2371080052492624,0.017919162606496324,0.28930245346486394,-0.3043919225358061,0.5633982223544514,0.015206684575276505,-0.5248474191102389
PRISM.8696,PRISM.8696,UC,1.0,-0.04236177632582435,0.16895820221362934,0.280530066833963,-0.005071351819236783,0.7432610018934537,-0.18220086822552775,-0.05418552702703789
PRISM.8728,PRISM.8728,UC,1.0,-0.164043899048035,-0.09298885931771138,0.23072520707286007,-0.15764489692562214,0.6494905711528034,-0.18804015700708326,-0.7404169920988543
PRISM.8734,PRISM.8734,UC,1.0,0.24154927171904514,0.2412761758189926,0.2362006085133406,0.3360077891677365,0.5850713857402288,-0.11267016871354758,0.25142731043029654
PRISM.8735,PRISM.8735,UC,1.0,0.012580857379908111,-0.0921060376538594,0.19162074686322114,0.07132555446676034,0.59095325042223,-0.20771175669578773,-0.6595596066880205
PRISM.8746,PRISM.8746,CD,1.0,0.10724714212403072,0.1485100935272791,0.08263374718554212,0.3788598210656077,1.0765678982779672,-0.9113004039068829,0.28026278621075307
PRISM.8749,PRISM.8749,CD,1.0,-0.07655353376075572,0.06260477006087968,0.07489904517983142,-0.04798281523121508,0.333491818606196,-0.18369372824653313,0.03801621982297622
PRISM.8753,PRISM.8753,CD,1.0,0.18430584196289232,0.3283310771585708,0.20174905431158477,0.16244150384982378,0.13720099873627006,0.2662971098868995,0.5814951228525429
PRISM.8754,PRISM.8754,nonIBD,0.0,-0.040464192178415764,0.20779128987324427,0.3999770000765587,-0.10141998601187356,0.6118339654560664,0.18812003469705096,-0.17658013053338453
PRISM.8758,PRISM.8758,CD,1.0,0.25610239714668104,0.4761514374764779,0.5379595573643113,0.33210083791822825,1.1048108704752435,-0.0288917557466209,0.35253519770081104
PRISM.8764,PRISM.8764,nonIBD,0.0,-0.2684809906317238,-0.19805055070629637,0.052970359685408475,-0.20482513584943457,0.6131311654361254,-0.5071904460653085,-0.700092371489706
PRISM.8765,PRISM.8765,nonIBD,0.0,-0.012881159834941518,0.09466006499373934,0.28078737540454707,-0.020127956479795907,0.5472804232258317,0.01429432758326248,-0.2775945558278761
PRISM.8774,PRISM.8774,nonIBD,0.0,-0.07708199960641553,0.19945099238209177,0.05698612697113349,-0.04791128264869808,0.3004444421401229,-0.1864721881978559,0.4843807232040084
PRISM.8776,PRISM.8776,nonIBD,0.0,-0.10938894810180477,-0.08880729505202278,-0.03683938465645825,-0.03843928835721973,0.30177140283108217,-0.3754501721439987,-0.19274311584315185
PRISM.8778,PRISM.8778,UC,1.0,0.04752394226257514,0.1703181354320932,0.17895309153909683,0.0936541002471857,0.4833703332579081,-0.1254641501797145,0.15304822321808603
PRISM.8783,PRISM.8783,CD,1.0,0.2141254885360367,0.5441861625896968,0.5685225255676792,0.09683456877721994,0.4830786135037591,0.6539664376315995,0.49551343663373165
PRISM.8784,PRISM.8784,nonIBD,0.0,-0.12069614572225361,0.0921112928355241,0.4214940558452007,-0.19584463146887815,0.681877435862813,0.16111067582758837,-0.5666542331838291
PRISM.8785,PRISM.8785,UC,1.0,0.11501765495388189,0.1935620050337473,0.17064517091851503,0.027736878341272735,-0.10103022541413627,0.4423205672511663,0.23939567326421177
PRISM.8788,PRISM.8788,nonIBD,0.0,-0.20105628977416692,0.12375375855219423,0.2865252181203002,-0.26762156681993604,0.5244869370931331,0.04856349914746729,-0.2017891605840177
PRISM.8789,PRISM.8789,nonIBD,0.0,-0.05130003177141422,0.02933839237611287,0.15585278988400295,-0.08942806234529946,0.22002549688735043,0.09168008288065545,-0.22369040263966727
PRISM.8794,PRISM.8794,CD,1.0,0.06447409839408937,0.21557950602750378,0.30754426841419746,0.07297316130549743,0.5824859243520858,0.03260261247630918,0.03164998125411649
PRISM.8795,PRISM.8795,UC,1.0,0.1720638510799981,0.16171386647966052,0.20358411736693183,0.2556061745840093,0.5483880967939072,-0.14121986206004356,0.07797336470511791
PRISM.8800,PRISM.8800,CD,1.0,0.17548911690932353,0.24270780677566606,0.06149665884582607,0.1752861083043483,-0.053257081486328545,0.1762503991779807,0.6051301026353461
PRISM.8802,PRISM.8802,CD,1.0,-0.060527975289120926,0.09670810376814665,0.2973242596546117,-0.07387643946318863,0.6051197539455904,-0.010471234636366965,-0.3045242080047834
PRISM.8803,PRISM.8803,UC,1.0,-0.19547611728882855,-0.18879761889265145,0.19888958927544334,-0.17188686561798464,0.6817149896053799,-0.2839358110544932,-0.9641720352288411
PRISM.8805,PRISM.8805,UC,1.0,-0.015202681778512694,-0.07525505632328491,-0.12022544002817331,0.03837412000662811,-0.024335191583555904,-0.21611568847279072,0.014685711086491896
PRISM.8806,PRISM.8806,CD,1.0,0.18253847346318697,0.18643507180860372,0.04371142214979826,0.33707029754660206,0.48437871114921616,-0.39695586684961964,0.4718823711262146
PRISM.8807,PRISM.8807,CD,1.0,0.14502690426198522,0.20007480862755042,0.015116194821132602,0.16697520922415704,-0.032488371011575694,0.0627207606538409,0.5699920362403861
PRISM.8809,PRISM.8809,UC,1.0,-0.17340575929637414,-0.04032525612733821,-0.015795286386784305,-0.1981624070290807,0.04897775752515607,-0.08056833029872468,-0.08938519560844603
PRISM.8815,PRISM.8815,UC,1.0,0.26233823938791684,0.14979022627295888,-0.08349886303635018,0.3123406027779431,-0.24182710274801875,0.0748293766753184,0.616368404891577
PRISM.8841,PRISM.8841,CD,1.0,-0.3064708972627175,0.024214653711176717,0.09257536134335978,-0.4517184826212909,-0.05305682514521306,0.23820754783193263,-0.11250676155318941
PRISM.8843,PRISM.8843,CD,1.0,0.2602637765551518,0.48280056002021093,0.28488609605162535,0.27708305065546635,0.37258069342427835,0.19719149867897232,0.8786294879573819
PRISM.8844,PRISM.8844,UC,1.0,0.12986987415059245,0.22238285600326657,0.4633702295742731,0.12158016793892878,0.765784186704215,0.16095627244433114,-0.2595918911387465
PRISM.8846,PRISM.8846,UC,1.0,0.12052568149503334,0.27969709043114643,0.3581924095082497,0.058720957885797787,0.3640914239868327,0.3522933950296668,0.12270645227693987
PRISM.8847,PRISM.8847,CD,1.0,0.2641480046001526,0.36337697209779135,0.2743904927759296,0.37122918893332746,0.6861874222011125,-0.13740643664925334,0.5413499307415149
PRISM.8849,PRISM.8849,UC,1.0,0.3147996805349139,0.19068202227202027,0.07549586022102177,0.4150237896935881,0.21203244925215783,-0.061040728810114304,0.42105434637401734
PRISM.8878,PRISM.8878,CD,1.0,0.2807220259678939,0.6086465462663823,0.40674164458242124,0.2879393903462038,0.5598263796156109,0.25365690954923154,1.0124563496343042
PRISM.8882,PRISM.8882,UC,1.0,0.1431810889609927,0.05159369605071807,-0.0532890719517128,0.20297819589696023,-0.025520081854540085,-0.0810580620488855,0.2613592320555798
PRISM.8892,PRISM.8892,CD,1.0,0.024855832713491215,-0.07177238533587588,-0.22791041707035814,-0.0367296845983179,-0.7116223567734916,0.25580152263277534,0.24050367813308865
PRISM.8894,PRISM.8894,UC,1.0,-0.29572903701619435,-0.12396817748939354,0.0817303275868648,-0.31945428973198076,0.37021999450572485,-0.20675933933199525,-0.5353651876419102
PRISM.8898,PRISM.8898,UC,1.0,0.2541419951510006,0.36888316987972075,0.12339009375517683,0.253331636934307,-0.010400650953248249,0.2571808384636019,0.8598693221288086
PRISM.8924,PRISM.8924,UC,1.0,-0.4184883279461715,-0.01400348356806532,0.3374041950117407,-0.4821094556433688,0.8547174891051629,-0.17990909908168146,-0.7168188407276773
PRISM.8932,PRISM.8932,UC,1.0,-0.07238643522355125,-0.24394279816019823,-0.6261972591606756,0.0069786500224483594,-0.8823890134253014,-0.3700055048960498,0.5205661238407565
PRISM.8982,PRISM.8982,UC,1.0,-0.01409027483027174,0.09276706374277188,0.3460537126798444,0.019581768819461498,0.8324678638764602,-0.14036043851677138,-0.4138062341313732
PRISM.8998,PRISM.8998,UC,1.0,-0.3034038743952163,-0.4761841314239455,-0.6155237741339702,-0.16426674842500916,-0.40587945148444726,-0.8251680967834931,-0.19750484600389617
PRISM.9010,PRISM.9010,UC,1.0,-0.19326170861439368,-0.08481274916936367,0.20141478655233438,-0.24432974426001305,0.40458614804798987,-0.0017565749433210906,-0.6572678206127598
PRISM.9018,PRISM.9018,UC,1.0,0.07358640695198726,0.2997621601683288,0.5271497428001303,-0.006126811886262629,0.6817885080048364,0.37251097759542423,-0.15501300509527413
PRISM.9030,PRISM.9030,UC,1.0,0.17844138156384542,0.2494792521500688,0.20066764145457042,0.2393787999639224,0.4514092203455839,-0.05007393743644305,0.34710247354106555
PRISM.9033,PRISM.9033,UC,1.0,-0.1071226007058033,0.054501853973884185,0.301715179481492,0.04847328950756292,1.2940375479689108,-0.6906071890059268,-0.4399247970413315
PRISM.9074,PRISM.9074,UC,1.0,-0.044202134893147525,-0.046922690703683025,0.06740727775452082,0.021313250674807122,0.4246993862820191,-0.28988483077297744,-0.2755826276200907
PRISM.9079,PRISM.9079,UC,1.0,-0.006749013871132826,-0.22333079462036343,0.02396318802883944,0.029399011985878968,0.19023048689260597,-0.14230411083492708,-0.7179187599187692
PRISM.9126,PRISM.9126,nonIBD,0.0,0.042263086261588464,0.12980979111019395,0.15157896888353506,0.004018411971424548,0.11747732291736698,0.18568061484970316,0.08627143556351168
PRISM.9148,PRISM.9148,nonIBD,0.0,-0.3496362863258147,-0.20864960063780735,-0.23854997150965418,-0.42293969164211126,-0.40235142662960566,-0.0747485163897027,-0.14884885889411367
Validation.LLDeep_0001,Validation.LLDeep_0001,nonIBD,0.0,-0.18491473097886899,-0.259021448010276,-0.15534796068127654,-0.164840701201104,-0.0505035787170654,-0.2601923426454877,-0.466368422668275
Validation.LLDeep_0003,Validation.LLDeep_0003,nonIBD,0.0,-0.08590708040507793,-0.11818573766508522,-0.21231377413390312,-0.11136039116201664,-0.43417038320124846,0.009542834933442188,0.07007033527255055
Validation.LLDeep_0010,Validation.LLDeep_0010,nonIBD,0.0,-0.08347418470875341,-0.24342366743462782,-0.20582864950934418,0.03547511036534511,0.1178767422179346,-0.529534041236623,-0.3186137032851951
Validation.LLDeep_0011,Validation.LLDeep_0011,nonIBD,0.0,0.0029217853659231525,-0.04204701433433142,-0.024866389342163037,-0.043839146450641686,-0.22800805836236737,0.1782752796780413,-0.07640826431866818
Validation.LLDeep_0012,Validation.LLDeep_0012,nonIBD,0.0,-0.22815445716823488,-0.2585075892467296,-0.2348490844485852,-0.3115824447848227,-0.5543986652911399,0.08470049639396945,-0.3058245988430185
Validation.LLDeep_0015,Validation.LLDeep_0015,nonIBD,0.0,-0.1708097926549162,-0.32710547865467127,-0.207133502044751,-0.26360630127846824,-0.5914441187729061,0.17717711468340416,-0.5670494318745118
Validation.LLDeep_0018,Validation.LLDeep_0018,nonIBD,0.0,-0.2031883812755357,-0.30610479352540226,-0.3342721812212598,-0.2285342683131898,-0.5604030575581866,-0.10814130488433296,-0.2497700181336873
Validation.LLDeep_0021,Validation.LLDeep_0021,nonIBD,0.0,-0.08773194143512776,-0.1931784959001254,-0.12105066312100424,-0.10661235898599711,-0.2251709506226407,-0.01693037561936777,-0.3374341614583677
Validation.LLDeep_0022,Validation.LLDeep_0022,nonIBD,0.0,0.022900241345061422,-0.003152019790802411,-0.1993839549527366,-0.022637736815345245,-0.5924355693520595,0.1936676594465864,0.38931185053306594
Validation.LLDeep_0024,Validation.LLDeep_0024,nonIBD,0.0,-0.05541666435946593,-0.20298217668933072,-0.2087965956267689,-0.049972366169847966,-0.3417604086830045,-0.07583278257053326,-0.19135333881445432
Validation.LLDeep_0026,Validation.LLDeep_0026,nonIBD,0.0,-0.08279306501725317,-0.11563786845915659,-0.026136905874131616,-0.12918723311337538,-0.14345887709146837,0.09118506534320514,-0.29463979362920656
Validation.LLDeep_0027,Validation.LLDeep_0027,nonIBD,0.0,0.12945440825179425,0.06272377699125835,-0.01124810078806196,0.07441833069366174,-0.3583359006709149,0.335839699094791,0.21066753254989895
Validation.LLDeep_0028,Validation.LLDeep_0028,nonIBD,0.0,0.01548360135222989,-0.10820245584477918,-0.05487119679855036,0.01200756809896603,-0.1382611196490701,0.02851872605196936,-0.21486497393723683
Validation.LLDeep_0029,Validation.LLDeep_0029,nonIBD,0.0,-0.0845886659579595,-0.12138710352925375,-0.06682480542681028,-0.06178344237965853,0.03645864352296758,-0.17010825437658814,-0.2305116997341407
Validation.LLDeep_0030,Validation.LLDeep_0030,nonIBD,0.0,0.17059471264572096,0.001217047322155033,-0.15025917646989864,0.19729421568932506,-0.37098992917200285,0.07047157623220555,0.3041694949062624
Validation.LLDeep_0033,Validation.LLDeep_0033,nonIBD,0.0,-0.21568691536013704,-0.1663909797136159,0.056026148420974614,-0.2746123999946613,0.10676864482262025,0.005283652019328978,-0.611225235982797
Validation.LLDeep_0034,Validation.LLDeep_0034,nonIBD,0.0,0.09107931999172908,0.10343076882547085,0.001541061271311539,0.06509980115385412,-0.18542039309113706,0.18850251563376014,0.30721018393378946
Validation.LLDeep_0037,Validation.LLDeep_0037,nonIBD,0.0,-0.1847806891011752,-0.27984617509478693,-0.1981954499908793,-0.16199003585501454,-0.12614526120748107,-0.27024563877427754,-0.4431476253026022
Validation.LLDeep_0039,Validation.LLDeep_0039,nonIBD,0.0,0.19341195442667802,0.16500856300082914,0.015915640585061674,0.15525285744442194,-0.3046772869400151,0.33650856811013846,0.46319440783236404
Validation.LLDeep_0043,Validation.LLDeep_0043,nonIBD,0.0,0.27774093580435305,0.1882390471641365,0.21037674625097605,0.2257533316657751,-0.051940958822068437,0.47269445132402055,0.14396364899045744
Validation.LLDeep_0047,Validation.LLDeep_0047,nonIBD,0.0,-0.17780343005849036,-0.3655312626975061,-0.28762814083774424,-0.17728631002494746,-0.39551365149121226,-0.1797426301842762,-0.5213375064170297
Validation.LLDeep_0052,Validation.LLDeep_0052,nonIBD,0.0,0.008051304133827536,-0.16705053035221243,-0.16180147654869748,0.04672014424519023,-0.18664610681361238,-0.13695684628378255,-0.1775486379592423
Validation.UMCG0333264,Validation.UMCG0333264,CD,1.0,0.04413735079778116,-0.06248339570973468,-0.020164469198122002,0.056667435899073214,-0.03747847006417991,-0.002850468332064092,-0.14712124873296004
Validation.UMCG1180653,Validation.UMCG1180653,UC,1.0,0.08611023221461551,0.1649798718057572,0.3398641311371653,0.09090505245968449,0.6115986059787238,0.06812965629560674,-0.18478864685705898
Validation.UMCG1576297,Validation.UMCG1576297,CD,1.0,-0.07086045568243013,-0.16799205604712278,-0.1847607246058126,-0.10469722247429912,-0.4255488689987038,0.05602741978707862,-0.13445471892974312
Validation.UMCG1705352,Validation.UMCG1705352,UC,1.0,0.2157205991252528,0.04646361627252702,0.025263237470575267,0.3535744372326903,0.35175776871878833,-0.3012312937776378,0.08886437387643052
Validation.UMCG1708847,Validation.UMCG1708847,UC,1.0,-0.10941223436948763,-0.2255508365206251,-0.09756129098510165,-0.07439269164837334,0.045612937603462966,-0.24073551957366626,-0.48152992759167196
Validation.UMCG2023308,Validation.UMCG2023308,CD,1.0,0.17917816774421091,0.08861372241581762,-0.039480562521514856,0.1189863685673112,-0.48385853970061465,0.40489741465758494,0.3448022922904826
Validation.UMCG2136686,Validation.UMCG2136686,UC,1.0,-0.01548976654905919,-0.15083559626764395,0.02113549350327791,0.021866444619550483,0.19784654543790128,-0.15557555843134546,-0.4947777758094877
Validation.UMCG2739287,Validation.UMCG2739287,UC,1.0,0.010216128268699323,-0.0866971993344842,-0.04649430547128813,0.07600711428886374,0.14351145836434098,-0.23650006930691725,-0.16710298706087637
Validation.UMCG2788516,Validation.UMCG2788516,CD,1.0,0.030953149886879704,-0.01976668072050215,-0.01822106176513824,-0.007527226880026546,-0.21169668629305466,0.17525456276277818,-0.02285791863122996
Validation.UMCG3243705,Validation.UMCG3243705,UC,1.0,0.07472940040156222,-0.03084053441291799,0.05880068454928131,0.14000676423821165,0.2876620830844359,-0.1700607139858733,-0.21012297233731658
Validation.UMCG3299495,Validation.UMCG3299495,UC,1.0,0.15802537052167206,0.14601610264620918,-0.13115027848765307,0.2529035973401418,-0.06453257692771673,-0.19776798004758941,0.7003488649139337
Validation.UMCG3321127,Validation.UMCG3321127,UC,1.0,0.04159649903320649,0.08266758429506321,0.06175212030481937,0.116515757600798,0.3628549612049005,-0.23935072059526177,0.12449851227555091
Validation.UMCG3595094,Validation.UMCG3595094,UC,1.0,0.10030342837575841,0.023217658154978827,0.011125114973950766,0.1504216378079483,0.10989008694285526,-0.08763985699495373,0.04740274451703496
Validation.UMCG3748218,Validation.UMCG3748218,UC,1.0,-0.05868354194833384,-0.06318055151503464,-0.3120588319630478,0.10275745417171828,0.03996961347243377,-0.6640872773985294,0.43457600938099167
Validation.UMCG4000898,Validation.UMCG4000898,UC,1.0,-0.06052736874715156,-0.16633495058219602,-0.18769834573015445,-0.03711823634361593,-0.22708507619989882,-0.1483116152604101,-0.12360816028627916
Validation.UMCG4081271,Validation.UMCG4081271,UC,1.0,-0.012682271916328541,-0.24466562267476846,0.00255971857015852,0.03165547892684142,0.18406827471853288,-0.17894883757821584,-0.7391163051646225
Validation.UMCG4268471,Validation.UMCG4268471,UC,1.0,0.23821029488046577,0.06367618406681612,0.14949435564075791,0.36349377054883525,0.5305914501574355,-0.23160273887591962,-0.10796015908106749
Validation.UMCG4722506,Validation.UMCG4722506,UC,1.0,0.0033307830372723644,0.12257217742198974,0.07068139173800696,-0.05213865913008893,-0.06997840768886329,0.2113411911648772,0.22635374878995534
Validation.UMCG4789724,Validation.UMCG4789724,UC,1.0,-0.14441188126328774,-0.21739912513970686,-0.30578015680360204,0.009942987630031297,0.11168232600602995,-0.7232426396132341,-0.04063706181191647
Validation.UMCG4851027,Validation.UMCG4851027,UC,1.0,0.061583664915901476,0.1505754104781364,0.13604289426517982,-0.0041546119053829916,-0.036016414465358575,0.3081022029957182,0.17964044290404965
Validation.UMCG5113553,Validation.UMCG5113553,UC,1.0,-0.1986042772958974,-0.40419998874054786,-0.1713755943983482,-0.27215430789736594,-0.4199595262563061,0.07720833745960969,-0.8698487774249472
Validation.UMCG5308346,Validation.UMCG5308346,CD,1.0,0.22561622321062413,0.2157047725498625,0.17468912407729864,0.24584231186247402,0.19960985738841025,0.14976839076618706,0.2977360694949902
Validation.UMCG5437940,Validation.UMCG5437940,CD,1.0,0.17700015851503662,0.14169921131375393,0.03872373784987171,0.14913430444261275,-0.20404963558688266,0.2814971112866261,0.3476501582415184
Validation.UMCG5613882,Validation.UMCG5613882,CD,1.0,0.12262548140253975,-0.06041497354318324,-0.3058270902574151,0.12117446175725247,-0.7397209855871973,0.12806680507236715,0.4304092598852805
Validation.UMCG5792346,Validation.UMCG5792346,CD,1.0,0.33821262779502953,0.26610980338480783,0.22357223473641066,0.24961622684905113,-0.22330466186962744,0.6704491313424488,0.35118494068160216
Validation.UMCG5921444,Validation.UMCG5921444,CD,1.0,-0.18346163399783172,-0.13998416310034908,-0.04927362070911793,-0.255993690259501,-0.18708081840166413,0.08853357698342827,-0.32140524788281144
Validation.UMCG6047689,Validation.UMCG6047689,UC,1.0,0.13714912002161672,0.1513727585136182,0.12881027340147067,0.18223695319089436,0.28955080116611576,-0.0319302543631744,0.19649772873791327
Validation.UMCG6054655,Validation.UMCG6054655,UC,1.0,-0.05034741336819491,-0.26572334519204793,-0.31246147075032976,0.11390995094619785,0.04138958804650825,-0.6663125295471678,-0.1722470940754842
Validation.UMCG6262744,Validation.UMCG6262744,CD,1.0,0.12640087674218858,0.16916645110589298,0.1405191518583921,0.11218110952932055,0.10131329992634046,0.17972500379044373,0.22646104960089472
Validation.UMCG6628208,Validation.UMCG6628208,CD,1.0,-0.018244629203594907,-0.11794193304616367,0.06993772067038441,-0.06160870771218048,-0.004495223862832114,0.14437066520360092,-0.4937012404792598
Validation.UMCG6720116,Validation.UMCG6720116,UC,1.0,0.10481060594263425,0.017617884101128897,0.0052784824458251695,0.07564366278412754,-0.2036296778953841,0.21418664278703445,0.04229668741173635
Validation.UMCG6738619,Validation.UMCG6738619,CD,1.0,-0.03019755968137559,0.007594520430511657,0.07426404443573001,-0.06054064135095912,0.06493909229189732,0.08358899657956272,-0.12574452757992505
Validation.UMCG6868484,Validation.UMCG6868484,CD,1.0,-0.043088584937571006,0.02202110317881795,0.007681477919929097,-0.10754331496946873,-0.18325369684218723,0.19861665268204542,0.05070035369659566
Validation.UMCG6966873,Validation.UMCG6966873,UC,1.0,0.08471620644078104,-0.051056216392056486,-0.10922783427764982,0.2508882437138759,0.31997326477802523,-0.5384289333333249,0.06528701937913019
Validation.UMCG7115152,Validation.UMCG7115152,CD,1.0,0.23410335703531046,0.1612924117803667,0.05257132986308199,0.26953261867075345,0.003899033823764872,0.1012436259023991,0.3787345756149361
Validation.UMCG7198526,Validation.UMCG7198526,UC,1.0,0.19395931799009733,0.21375200912098744,0.3475680273840774,0.20649095711619403,0.5481703835009201,0.1469656712672347,-0.05388002740519245
Validation.UMCG7563651,Validation.UMCG7563651,CD,1.0,-0.020975176198232904,-0.1312159848415687,-0.1236832553386109,0.028020260795428565,-0.04265844575275832,-0.20470806492446347,-0.14628144384748437
Validation.UMCG8089650,Validation.UMCG8089650,CD,1.0,-0.07818293882702666,-0.279363502603493,-0.2707816450857077,0.051832250913940156,0.024176610184236974,-0.5657399003556524,-0.29652721763906376
Validation.UMCG8255148,Validation.UMCG8255148,UC,1.0,-0.02881712271030117,0.01670881990103721,0.007284779256452885,-0.015371785965519283,0.09380669401613904,-0.07923713550323327,0.03555690119020586
Validation.UMCG8438880,Validation.UMCG8438880,CD,1.0,0.22363898109648714,0.13716403600167582,0.048589051185659565,0.31016029719311683,0.19799405663719366,-0.10081595426587453,0.3143140056337083
Validation.UMCG9119812,Validation.UMCG9119812,CD,1.0,0.10815642424525497,0.12998782000817447,-0.12186446167051491,0.12258684832749392,-0.29777125727788883,0.05404233393685901,0.6336923833655532
Validation.UMCG9189151,Validation.UMCG9189151,CD,1.0,0.014801573872821888,0.10035775781651429,0.12207713409619748,0.07922752847888635,0.4709500240923149,-0.22679575589991993,0.05691900525714792
Validation.UMCG9830707,Validation.UMCG9830707,CD,1.0,0.10139410984505243,0.02670357446402812,-0.0475087963438124,0.08501707320618597,-0.2578255899284264,0.1628079972408016,0.17512831607970916
