config_id,history,dynamics,alpha,n_features,features,mae
R023,1,1,31.622776601683793,3,score_t2|delta12|dt12,0.4619974216093753
R062,2,1,31.622776601683793,4,score_t1|score_t2|delta12|dt12,0.462196296429829
R022,1,1,10.0,3,score_t2|delta12|dt12,0.46235984274216374
R061,2,1,10.0,4,score_t1|score_t2|delta12|dt12,0.46278934038751723
R047,2,0,3.1622776601683795,3,score_t1|score_t2|dt12,0.4633285179499714
R021,1,1,3.1622776601683795,3,score_t2|delta12|dt12,0.46360390538117824
R060,2,1,3.1622776601683795,4,score_t1|score_t2|delta12|dt12,0.4637733144011177
R046,2,0,1.0,3,score_t1|score_t2|dt12,0.4638599309328801
R063,2,1,100.0,4,score_t1|score_t2|delta12|dt12,0.4639973574738203
R020,1,1,1.0,3,score_t2|delta12|dt12,0.46408006026704396
R059,2,1,1.0,4,score_t1|score_t2|delta12|dt12,0.4641367180797021
R045,2,0,0.31622776601683794,3,score_t1|score_t2|dt12,0.4641623516709295
R019,1,1,0.31622776601683794,3,score_t2|delta12|dt12,0.46423653140605464
R058,2,1,0.31622776601683794,4,score_t1|score_t2|delta12|dt12,0.46425467994535907
R044,2,0,0.1,3,score_t1|score_t2|dt12,0.46426287679236466
R018,1,1,0.1,3,score_t2|delta12|dt12,0.4642893121401629
R057,2,1,0.1,4,score_t1|score_t2|delta12|dt12,0.4642946405723067
R043,2,0,0.03162277660168379,3,score_t1|score_t2|dt12,0.4642955034376801
R017,1,1,0.03162277660168379,3,score_t2|delta12|dt12,0.46430606460071455
R056,2,1,0.03162277660168379,4,score_t1|score_t2|delta12|dt12,0.46430775273390784
R042,2,0,0.01,3,score_t1|score_t2|dt12,0.46430802572097807
R016,1,1,0.01,3,score_t2|delta12|dt12,0.4643113683934833
R055,2,1,0.01,4,score_t1|score_t2|delta12|dt12,0.4643119025421414
R041,2,0,0.0031622776601683794,3,score_t1|score_t2|dt12,0.46431198888079206
R015,1,1,0.0031622776601683794,3,score_t2|delta12|dt12,0.4643130462208361
R054,2,1,0.0031622776601683794,4,score_t1|score_t2|delta12|dt12,0.464313215164898
R040,2,0,0.001,3,score_t1|score_t2|dt12,0.46431324246883404
R014,1,1,0.001,3,score_t2|delta12|dt12,0.4643135768585401
R053,2,1,0.001,4,score_t1|score_t2|delta12|dt12,0.46431363028648637
R024,1,1,100.0,3,score_t2|delta12|dt12,0.46468846554475635
R048,2,0,10.0,3,score_t1|score_t2|dt12,0.46516889259398636
R076,2,3,100.0,6,score_t1|score_t2|delta12|abs_delta12|velocity12|dt12,0.47203476602207456
R077,2,3,316.2277660168379,6,score_t1|score_t2|delta12|abs_delta12|velocity12|dt12,0.4721928862795134
R037,1,3,100.0,5,score_t2|delta12|abs_delta12|velocity12|dt12,0.4722225536276832
R038,1,3,316.2277660168379,5,score_t2|delta12|abs_delta12|velocity12|dt12,0.47234474112601793
R049,2,0,31.622776601683793,3,score_t1|score_t2|dt12,0.47374924929756806
R064,2,1,316.2277660168379,4,score_t1|score_t2|delta12|dt12,0.4768927873765452
R025,1,1,316.2277660168379,3,score_t2|delta12|dt12,0.4778580167431514
R075,2,3,31.622776601683793,6,score_t1|score_t2|delta12|abs_delta12|velocity12|dt12,0.4805580690125968
R036,1,3,31.622776601683793,5,score_t2|delta12|abs_delta12|velocity12|dt12,0.48080145636944793
R078,2,3,1000.0,6,score_t1|score_t2|delta12|abs_delta12|velocity12|dt12,0.4865591894363329
R039,1,3,1000.0,5,score_t2|delta12|abs_delta12|velocity12|dt12,0.4868231726499978
R074,2,3,10.0,6,score_t1|score_t2|delta12|abs_delta12|velocity12|dt12,0.4871674905702538
R035,1,3,10.0,5,score_t2|delta12|abs_delta12|velocity12|dt12,0.487356830281927
R050,2,0,100.0,3,score_t1|score_t2|dt12,0.49048388378088026
R073,2,3,3.1622776601683795,6,score_t1|score_t2|delta12|abs_delta12|velocity12|dt12,0.4908587249219667
R034,1,3,3.1622776601683795,5,score_t2|delta12|abs_delta12|velocity12|dt12,0.49093929637386213
R033,1,3,1.0,5,score_t2|delta12|abs_delta12|velocity12|dt12,0.4934181881008043
R072,2,3,1.0,6,score_t1|score_t2|delta12|abs_delta12|velocity12|dt12,0.4934223541681286
R032,1,3,0.31622776601683794,5,score_t2|delta12|abs_delta12|velocity12|dt12,0.4944232800838031
R071,2,3,0.31622776601683794,6,score_t1|score_t2|delta12|abs_delta12|velocity12|dt12,0.4944265125986438
R031,1,3,0.1,5,score_t2|delta12|abs_delta12|velocity12|dt12,0.4947663325925136
R070,2,3,0.1,6,score_t1|score_t2|delta12|abs_delta12|velocity12|dt12,0.49476837950652286
R065,2,1,1000.0,4,score_t1|score_t2|delta12|dt12,0.49485743293158047
R030,1,3,0.03162277660168379,5,score_t2|delta12|abs_delta12|velocity12|dt12,0.4948789064491383
R069,2,3,0.03162277660168379,6,score_t1|score_t2|delta12|abs_delta12|velocity12|dt12,0.4948795822698452
R029,1,3,0.01,5,score_t2|delta12|abs_delta12|velocity12|dt12,0.4949148008996415
R068,2,3,0.01,6,score_t1|score_t2|delta12|abs_delta12|velocity12|dt12,0.49491501753295036
R028,1,3,0.0031622776601683794,5,score_t2|delta12|abs_delta12|velocity12|dt12,0.49492618163824026
R067,2,3,0.0031622776601683794,6,score_t1|score_t2|delta12|abs_delta12|velocity12|dt12,0.49492625043787253
R027,1,3,0.001,5,score_t2|delta12|abs_delta12|velocity12|dt12,0.4949297835472953
R066,2,3,0.001,6,score_t1|score_t2|delta12|abs_delta12|velocity12|dt12,0.49492980533313446
R026,1,1,1000.0,3,score_t2|delta12|dt12,0.49509656211221725
R010,1,0,31.622776601683793,2,score_t2|dt12,0.5011621829993079
R011,1,0,100.0,2,score_t2|dt12,0.501248416668987
R051,2,0,316.2277660168379,3,score_t1|score_t2|dt12,0.5022602823610772
R009,1,0,10.0,2,score_t2|dt12,0.502663578511928
R008,1,0,3.1622776601683795,2,score_t2|dt12,0.5036129471353639
R007,1,0,1.0,2,score_t2|dt12,0.5039794043013927
R006,1,0,0.31622776601683794,2,score_t2|dt12,0.5040980425481066
R005,1,0,0.1,2,score_t2|dt12,0.5041358419086838
R004,1,0,0.03162277660168379,2,score_t2|dt12,0.5041478236159305
R003,1,0,0.01,2,score_t2|dt12,0.504151615421919
R002,1,0,0.0031622776601683794,2,score_t2|dt12,0.5041528147822404
R001,1,0,0.001,2,score_t2|dt12,0.5041531940818814
R012,1,0,316.2277660168379,2,score_t2|dt12,0.5042666639618151
R052,2,0,1000.0,3,score_t1|score_t2|dt12,0.5072854922838426
R013,1,0,1000.0,2,score_t2|dt12,0.5076135251553003
