participant_id,sample_t2,MBX_metabolomics_branch__SCFA_butyrate,MBX_metabolomics_branch__aromatic_amino_acid_indole,MBX_metabolomics_branch__bile_acid,MBX_metabolomics_branch__mucin_carbohydrate,MBX_metabolomics_branch__oxidative_stress_lipid,MGX_EC_function_branch__SCFA_butyrate,MGX_EC_function_branch__aromatic_amino_acid_indole,MGX_EC_function_branch__bile_acid,MGX_EC_function_branch__mucin_carbohydrate,MGX_EC_function_branch__oxidative_stress_lipid,MGX_EC_function_branch__pathobiont_inflammatory_potential,MGX_pathway_function_branch__SCFA_butyrate,MGX_pathway_function_branch__aromatic_amino_acid_indole,MGX_pathway_function_branch__bile_acid,MGX_pathway_function_branch__mucin_carbohydrate,MGX_pathway_function_branch__oxidative_stress_lipid,MGX_pathway_function_branch__pathobiont_inflammatory_potential,MGX_taxonomy_branch__SCFA_butyrate,MGX_taxonomy_branch__pathobiont_inflammatory_potential
C3001,CSM67UA2,-0.0781078171577475,0.8463323572756655,-0.6658624933684332,-0.436981857318144,-0.4318002387761249,-0.0189731649334389,-0.1559225476649358,-0.0865127963199691,-0.5024669408485842,0.2369227997758279,-0.3256685311791548,-0.8254215181475866,0.6467066118292879,-0.1462064739465535,-0.8432573042787791,-0.2110140452999142,-0.2945801721738365,-0.0354507870121206,-0.4107581990223193
C3002,CSM5MCVN,-0.1373115498795212,0.4929196755920935,1.444751747931546,-0.6634652113657525,0.9332462049698949,0.2894104627916354,0.5302379884444803,0.6317492650584994,0.6568220211341927,1.1838693208080653,-0.2902241914700639,0.07023098222885,0.8766113363859406,-0.1383351650022016,1.282717556964111,-0.2889711364319975,-0.2425535172096375,0.2730377974202045,1.3441178072751292
C3002,CSM67UBN,-0.0086117358217717,0.1854629322273203,0.9358257830276244,0.5400203611393515,0.8233500340649784,0.1791743899573254,0.2391787372146868,-0.3571617242986578,0.5215238924437849,0.3949038008675984,-0.2964695929624433,0.4803107585565257,1.1423283918301796,-0.1383351650022016,1.0655571424726775,-0.3206853541700213,-0.2486590943758033,0.7080074308200663,0.6693000052603538
C3003,CSM67UBZ,0.9625998994988072,1.514557650121053,1.107627541230664,-0.5865434518922287,-0.2307532054175259,0.5202107889190112,0.3009437565403666,0.0941212127247947,1.1317529277613991,0.8209715636314403,-0.1654135134385759,0.2015695509645381,-0.7820509518224267,-0.1084327415607319,0.2388014987845767,-0.2132632511343145,-0.2148176594419601,-0.0927252443191658,-0.2401228812733549
C3004,CSM5MCXL,-0.945151447410045,-1.1930156194431594,-0.5144705307783254,-0.6307311021682515,-1.1921752228888076,-0.2485273015777495,-0.3574870657319456,-0.6844235502687539,-0.4015317087202648,-0.301794202422262,-0.223866784817595,-0.2160357147910801,0.0491892559437946,-0.1113122162579901,-0.5205079735853118,-0.2990923663372618,-0.2155207038613086,-0.3572964759203355,-0.1323184408780045
C3004,CSM67UDN,-0.5369792364243497,-0.8782465068599266,0.1329230362350677,-1.4121134011857248,0.3073701508758646,-0.2608524067752863,-0.43750925049691,-0.1635498729408087,-0.1991783344523481,-0.3752104201637597,-0.1991773244610568,-0.2790076302444813,0.1521559527404683,-0.1113122162579901,-0.3387449670013754,-0.2202178548988383,-0.2254283939922354,0.0435542012635812,-0.1812998490333456
C3005,CSM5MCY8,-0.640771843447181,-1.207273359146592,0.3085771726025256,-1.92539059790016,0.0576820113727491,3.71829321140701,10.259836504561518,-0.4639879589522864,10.60989982543822,1.713233361661011,-0.0062727786602544,-0.1032265655821234,0.039475535954436,-0.1383351650022016,0.1549702342762904,0.0317795296548335,-0.0883779976748984,-0.1800081682337877,0.4017200078941713
C3005,CSM67UEA,-0.7412669105653322,0.8620972414314465,0.5541856750804024,-0.9255851759224184,0.6807855555487895,-0.2560296292562399,-0.3940029686141427,-0.1666506539237913,0.2929323745335106,-0.0625365439830981,-0.463894607476868,-0.1496728123510529,-0.2868659927424843,-0.1383351650022016,-0.8165821608771187,-0.3206853541700213,-0.3311753567580927,-0.1517911071491891,-0.0298916948438374
C3006,CSM5MCX3,-0.5762975315116402,0.4017065049442097,0.173219606979501,-0.0701982107282765,-1.845834026560712,0.1115100002366647,-0.7956924101708522,-0.2048798965777387,-0.4971675496694696,-1.2336627943097105,-0.0502657864077078,0.0982210563840157,0.3796820423635905,-0.1462064739465535,-0.0548584031925769,0.3282063918663492,0.025114019153964,-2.995714405742202,0.1039056407917781
C3006,CSM67UFZ,0.3957478328645176,1.4851500390578587,2.2231022051895795,2.234969788277711,0.5876354418304552,-0.824181574593471,-1.2229454266435786,-0.287375434884585,-1.1545531708077672,-1.448180737489978,-0.3321595429612639,0.0028753142421298,-0.3892399909857807,-0.1462064739465535,-0.5756531701982764,-0.3290806311856404,-0.3459986377787505,-0.6975878073826478,-0.4212516069447335
C3009,CSM67UAA,-0.1108238477980444,1.241719066056807,2.044897635524989,0.3154493168669583,1.0140178946845069,0.9519747760984254,-5.354525178612135,0.2651051343651228,-24.11934967985949,23.908292408764154,-0.395625459400878,0.4555019733856104,2.5546441293802404,-0.1084327415607319,2.281920165729632,2.85162399061929,9.948833751788788,0.3359929952215392,1.6261472365886784
C3009,CSM79HI7,-0.7307636861215129,-0.1356805326511209,1.0463073139917614,0.8908878237548365,0.7070618927284296,2.1845543242591985,2.260766986371433,0.0703035188181917,-0.3229245564691856,2.0073372680412325,1.249753898351006,0.7313485599268253,2.946773290582996,-0.1084327415607319,3.0934791944039817,6.188976979605327,8.88990978795679,0.4027161347495437,2.4237557577986277
C3010,CSM67UCK,-0.6181413060378553,-1.7785818720605,-0.9423613581806212,-0.9948631771471136,-1.4489350097301947,-0.8251655630060243,-1.108938758327466,-0.1314187516174175,-1.5122715382131473,-1.118579529217424,-0.3210182460881484,0.0449691659074822,-0.3604802508432702,-0.1462064739465535,-0.2889658335573574,-0.3461462799823559,-0.3483225211119846,-0.4308009179703879,-0.4540951458821585
C3011,CSM67UEW,0.8456824932291301,2.4582202397675874,2.07950506893695,-0.3152439907361638,2.2883575304755346,-0.6038593904523842,-0.7499355144163063,0.0338793610994806,-0.8233437831367764,0.0886612793113106,1.1699682699139742,-0.3840025126877242,-0.4915098516853811,-0.1462064739465535,-0.3283642027611486,-0.2286607329720833,1.3565428928573642,-3.4662159596415467,0.668097410890597
C3012,CSM5MCZF,0.9139982565169044,-0.8264752086921686,-0.912743050509738,-0.3224069973378906,-0.9344318851959456,1.1048038731909988,1.24880506728425,-0.0654864731110595,1.1923241300802474,1.8390298889038967,-0.3334620332493318,-0.5747926558406757,-0.2480905662198602,-0.1462064739465535,-0.2507545203512554,-0.3461462799823559,-0.3543203247426041,-0.1631328760754901,-0.4131182911328536
C3012,CSM67UGO,1.2009524877363944,-1.1550473815228393,-0.3475005803659445,-0.4064922615690086,-0.2749999052514623,1.7751107439483411,1.27673533693714,0.1138625565525782,1.6619978776240243,3.1924211635402067,-0.3334620332493318,-0.7822636929199447,-0.5331334901990368,-0.1462064739465535,-0.1428089512889798,-0.3461462799823559,-0.3543203247426041,0.5520227376490623,-0.5054180190415171
C3015,CSM67UAQ,-0.296104664427995,-0.494634229466339,-0.788084333208825,0.4877542814763085,-0.1110520551647602,0.599793382316374,0.6400978116504006,0.684716371031264,1.539617527371771,2.063501147226678,-0.3294666476354462,-0.152105797354711,-0.1996066137029233,-0.1383351650022016,1.6440696570115771,-0.3206853541700213,-0.2545716617063005,0.0972226406317201,-0.4111858405286307
C3015,CSM7KOPI,-0.3411907713037566,-0.8364851345791172,-1.1378736992218696,-0.3752115757672397,-1.6571660854202572,0.3725465398516415,0.6441292873055209,0.1369465164525692,0.9947116130159503,0.9817096883186656,-0.1914098563582321,0.0293268174484122,0.2169908903342179,-0.1383351650022016,0.0715795987762496,-0.3206853541700213,-0.2504280096720381,-0.1006741887736977,-0.4201909208893347
C3016,CSM67UB1,-1.39688084854951,-1.2945381028484928,0.3034069079735105,1.6530967116326738,1.0144278820806218,0.308916438849394,0.4656014968390115,-1.8938349566149812,0.3604444589491263,0.2100417551903594,-0.4390707209153216,-1.141868766797273,0.8121655347729367,-0.1140708511349854,0.4160469448108631,-0.1097757405882375,0.2651435256590822,-0.1318632667990856,-0.232784631783585
C3016,CSM79HIT,-1.5944900293398627,-1.2604468088169714,-0.2056419946602515,0.2648407545156193,0.7669131135169703,0.3487040309232284,0.5442373272224201,-2.023706424313976,0.4123713172537673,-0.1579373201596197,-0.292286496758795,-0.5901414974718124,0.2582772362790521,-0.1140708511349854,0.4704928355564488,-0.1513844834473098,-0.2134683045856176,0.729986268667629,0.2816905425187007
C3016,CSM7KOPS,-0.2405426143246499,0.448198067203912,1.6244690220550166,0.9677765717090016,1.3054340777993862,1.3652543956828902,1.973596742647257,2.419284269830898,1.7455591083294588,1.821533705777472,0.6427506156685618,0.4780336061967263,1.579467637119203,-0.1140708511349854,0.7832929282400244,-0.2200045497439193,1.4830427416297158,-0.3857164095977222,0.2023785683497317
C3017,CSM67UBB,-0.299361087860605,1.0990888808159418,-0.0534055440929438,0.1647851128779642,-0.2168040667747454,-1.3531435768069129,-2.4081867408087927,-0.3184894458862202,-1.370620737405874,-0.4235379037234294,-0.2683118930209225,-0.1548598478645245,-0.4681408155167321,-0.1140708511349854,-0.6832402247486606,-0.3363939264701503,-0.2753568931242336,0.1303582822606203,-0.2630765856773931
C3022,CSM79HGZ,-0.4996550576230211,-0.3222190498631671,-0.69486961970438,-1.4118554368311669,-0.8594751794898909,-0.0805510775742563,-0.3430640748266471,-0.7038183652776215,-0.1295563599141816,-0.3357037997125638,-0.2402812372976792,-0.4958365173358537,0.3849033863446108,-0.1113122162579901,-0.3324843674010738,-0.2990923663372618,-0.2158520251835145,-0.3479248833855894,0.0276992024665854
C3022,CSM7KOOH,-0.6714107915679761,-1.4387317003919595,-1.0325685806064997,-1.213825167818858,-0.7467757813134264,-0.4927607397218205,-0.7301293086389454,0.2504288830165764,-1.037202462252102,-0.6342889264008318,-0.2471783210886286,-0.3984562463700301,-0.4882615508265194,-0.1113122162579901,-0.3749751202936099,-0.2990923663372618,-0.2165907940270751,-0.4555919415917333,-0.0539269755806947
C3023,CSM79HH8,-0.9395706655419276,1.0783913240427911,-0.2905334614372705,2.9535210746385987,0.0089724461257647,0.7300085182605494,1.8598162798133675,-0.3346356443951986,1.841388871283671,1.890617635281227,1.6248482487842208,0.0969507995607704,0.382322137471124,-0.1462064739465535,0.3159042900501494,0.05316104716305,-0.0197670937744043,0.5216719497905561,1.1310251495118644
C3023,CSM7KONK,-1.4455065776582694,0.8294127668052415,-0.1579140929420393,-0.1048139255900823,-0.2327772047460071,-0.1718941300882253,-0.3631942313396131,-0.1287512919163575,-0.7218362566538618,0.4862046460346065,-0.1917019064647713,-0.0747569692958127,0.6049679483367021,-0.1462064739465535,-0.7441864500595659,-0.2640761990717477,-0.2991769668707625,0.3341794580361982,0.9304824444238632
C3027,CSM79HJS,-0.877790808086348,0.4475601586373194,-0.5281429086633243,-0.0304674654328928,-1.5127503260352904,0.0601334046234146,-0.2528029544458624,-0.4170754098227412,-0.1756012706060968,0.1969458576007459,-0.2349958477538785,0.5016839860662908,0.2895705392100098,-0.1113122162579901,-0.1410780443034264,-0.2990923663372618,-0.2131170032366738,-0.3520710787054614,0.8238910634444532
C3027,CSM7KOOV,-0.9046770355191802,-0.018717870147882,-0.4970950945108156,-0.0858377979592122,0.2874980573866049,-0.2228749361524458,-0.7219300985012486,0.8456557396384133,-1.1008183675519656,-0.4612600952414208,-0.1520619133191275,-0.1528048203762493,-0.032856765916057,-0.1113122162579901,-0.5537926095020106,-0.2990923663372618,-0.1646933753681889,0.3170289403247884,-0.321419938479713
C3032,CSM7KOU9,-0.8584699177689781,-1.2537285268788405,-1.1390577812264786,-2.635217983524344,-1.5559132124166082,0.353156087574956,0.2236325883441153,-0.1164067036172037,0.2048419050182042,0.0111211365309568,-0.238230911298923,0.0768443420317301,-0.4925591070320031,-0.1113122162579901,-0.1665752741914494,-0.2990923663372618,-0.2155207038613086,0.6157428880246449,1.6448768945945609
C3034,CSM7KORU,0.898261281946515,1.1052524336718577,0.8486869693736074,-0.1248751656292491,0.3094907711931918,0.677647266056133,0.7308438433846923,-0.0939049684394539,-0.0636106956923106,0.1942606614813691,-0.3352550663329524,1.2285653744767655,0.0315841253599319,-0.1140708511349854,-0.0501631906013642,-0.3363939264701503,-0.267625952890747,-0.0012430733763189,0.602670925229675
E5004,ESM5MEBU,0.433349370058823,0.3891275712189827,0.2006519576130089,-0.0020044845178762,-0.0506751127375667,0.6013826020410479,-0.2418100649838214,-0.3586325420540133,-0.2772140916420261,-0.4341594166221244,-0.2266143988377943,0.4564038073617888,-0.0561875184598495,-0.1113122162579901,0.2514314298672437,-0.2990923663372618,-0.2168892154655876,1.4529241942385722,-0.4750934963936534
E5004,ESM5MEC5,0.5722373244960384,-0.6128531976253274,-0.3222405958990177,0.2669015215331219,-0.1296979452962105,0.0577389908138609,-0.2535631955986279,-0.759489105304305,-0.3120320049874355,-0.4507107755826277,-0.2152735601371609,-0.4481144454511726,0.0988806410419643,-0.1113122162579901,-0.2309280828869744,-0.2473311133705037,-0.2145259456578772,0.2058576518510184,-0.381025412209534
E5009,ESM5MEDD,0.6450896443244177,-0.7489171180993273,-1.3023884760643163,0.2745886374913014,-1.006297154210037,-0.2508983028752498,-0.3622498588218595,-0.0805097706693709,-0.2888605551895842,-0.1125613986065869,-0.4428363792669405,-0.74043385471036,-0.6506059060728395,-0.1462064739465535,-0.5352742912922858,-0.2507658191332668,-0.3133983579003861,0.225857449083659,-0.4079993780294967
E5009,ESM718UH,0.197954754360249,-1.1499612037864224,-1.210872934789988,0.3226809955411976,-1.140326774928942,-0.8479621921293725,-0.7214803487862288,-0.1535224803630157,-0.8290780631608516,-0.2958586624325576,-0.4012231461154684,-0.8266856442060011,-0.8614115822708985,-0.1462064739465535,-0.710838693112366,-0.3214709155115743,-0.3552501121646972,0.1082573078964849,-0.3151842170470016
E5013,ESM718V8,0.4045615272262977,-1.3631357874757473,-0.9771391570000304,-0.651382999380636,-0.7537905190222189,-0.6909002227268464,-1.4031706131571522,0.151163929722976,-1.643000363042652,-0.441604780816926,-0.3060474349494232,-0.8452673570791505,-1.3622350186234775,-0.1140708511349854,-1.0793920912985002,-0.3196759160021805,-0.2726324089957272,0.0111781672283473,-0.2509412169356666
E5013,ESM718TM,-0.8639618278593773,-1.2084076751615769,-0.2121438394347852,0.270537554268727,0.733601267638749,-1.0787262340586392,-1.9463738259692795,0.0595226718576702,-1.9009245968109136,-0.4673773178319428,-0.4750645986054002,-1.0428301985008677,-1.566847253802307,-0.1140708511349854,-0.5624306390310366,-0.3363939264701503,-0.2430094209218603,-0.3862300775216928,-0.2993802284138167
H4001,HSM5MD79,-1.9060240019229768,-0.6491011342130926,0.3137105701456747,0.4346806627128209,1.5309939148068594,-0.358225134151545,0.2516371839123977,-0.3128432373775887,0.669555659029768,0.0697497695327022,-0.1860350316043348,0.1297152473733381,1.2219700916554086,-0.1084327415607319,1.0387335030101734,-0.0218539623148929,-0.1608567824829703,0.2883006928476322,-0.2018385724950179
H4004,HSM5MD5P,-0.3081042778078263,0.1953548358332686,-1.3264347027248056,-0.5620160062741798,-1.0989404658008326,-0.1111438056858396,-0.016906718118962,-0.0429921813328713,0.0800110527859548,0.0616363167735759,-0.1332640844204591,-0.0550226535778005,0.0280339864625028,-0.1084327415607319,-0.2956666793854118,-0.152590061191254,-0.0091314374074788,0.0346032288699855,0.296948892501947
H4004,HSM6XRSG,2.2168780408185107,1.7483569047269747,0.0588086982439141,0.5771215837122713,-0.1651404115273809,-0.0732293118815308,-0.3571976061489346,-0.0241672984126076,-0.245468594466451,-0.4819333710742662,-1.1109185156417358,0.4560643457724305,0.542297808774456,-0.1084327415607319,0.0429476072535282,2.139515161271884,-0.3488717852393006,0.4027161347495437,-0.1591564893742553
H4004,HSM7CYZT,-0.5127199319722575,-1.2374047926356588,-0.3056044796979204,1.1355361813562697,-0.8872540820858597,-0.1981165404154366,0.7445524043690798,-0.1242190718009845,0.3446696496565753,-0.2186469584988057,3.82996475388862,0.3279902147897374,0.0687611478817577,-0.1084327415607319,-0.209605684776175,1.033566983777149,0.2149220251446954,0.4027161347495437,-0.0176180444239388
H4006,HSM5MD7O,4.032132164420772,2.185753690244296,1.9482309803855704,2.091820532488247,1.6724814256322738,-2.7263849877595563,-6.514740700904437,0.1081857709807925,-7.162829231397987,0.1271549431853595,12.67960948983817,0.8283909520913564,-0.0615137559941375,-0.1113122162579901,3.739150390958738,5.192002419832137,1.5132180284423271,0.4438668415048679,7.573492809230376
H4006,HSM67VEE,1.300379269098605,-0.2799998223031311,-0.580819613668736,0.926301552947775,0.7528291825621273,-0.2735443717162445,0.0570843917965913,-0.8556380501945208,-0.1087743838932225,0.1400206292132901,-0.1191350441440808,-0.226501796395286,0.7240281570781127,-0.1113122162579901,-0.4284551954319157,-0.2990923663372618,0.2930493437451167,-1.3603159428883065,0.3219074811096889
H4007,HSM5MD4O,0.1182934803153111,0.0892210357882235,2.273314241263519,-0.9612823176502204,0.7717879133653651,0.1189953095301095,0.2108194881115615,-0.1158082834623085,0.380383257217447,0.0812078592675384,0.0588699997707768,0.1089360331041652,0.2677867275883008,-0.1113122162579901,0.3857566198140036,-0.264497492010195,-0.0066699616401911,0.1637635811355892,0.9440123999483896
H4008,HSM5MD5D,-0.5269834539662731,0.1872739744012478,-0.6632145691484762,3.661639840471672,-1.202543864108574,-0.5055115023240884,-0.2512959469423397,-0.0815454145556143,-0.2648784102537472,-0.4423966436688559,-0.3087164037189921,-2.2755303501150035,-0.3313347906203456,-0.1462064739465535,-0.1963948384115766,-0.3461462799823559,-0.3636047597206915,-0.1318693830206469,-0.3507181025293064
H4008,HSM67VFZ,-1.1616261483244683,-1.3253987862413172,-0.9767086127086618,0.3040003045731829,-0.5346966224605738,0.0883200101732889,0.5778799946983333,0.0003346661570299,0.540574690190182,0.4380084724011702,0.168680356740916,-0.4209765595136811,-0.1623595201699705,-0.1462064739465535,0.3910368301943981,-0.0059376862234642,0.2682273576837419,0.0796180776420034,-0.0278544517578982
H4009,HSM67VGA,-0.4796015686573767,-1.0195815833646489,-1.347830837507781,0.7010301443557546,-1.3904706073158644,-0.165955932490796,-0.5310308957007451,-0.2173488075374186,0.3865654491521609,-0.0968897480705909,0.1439706574623856,0.6956818509381109,-0.2546658999371211,-0.1113122162579901,0.4994271318426593,-0.2219724195333741,-0.2102270000030465,-0.8760012808096592,1.1454547016459662
H4010,HSM5MD43,0.4608218829251588,0.4329199637545843,0.358877078870717,-0.7401811775215469,0.5987230023061058,0.3484461209969156,0.4539787259261045,-0.0850770986962708,0.3176288176574811,1.7288591996404277,-0.2421703805810353,0.2665143161369394,0.0536774615238557,-0.1462064739465535,0.1843109332730674,-0.1957947196566268,-0.2864942777179889,-0.1017593693887272,0.2215140460680924
H4010,HSM5MD3Y,1.1372524144084402,0.7688661878392603,-0.4955170194414538,-0.26549417943915,0.1790381961535496,-0.8215856758191991,0.1225075052832523,0.0280038643284018,-0.0894073573785674,0.6675829021943055,0.2906268548026643,-0.093888040398553,-0.3954689409381208,-0.1462064739465535,-0.5505211587319837,-0.1141499049106674,0.2316331372308859,-0.507678558080389,1.9920742507247824
H4010,HSM6XRTM,-0.2402108578957958,0.7709676413313864,0.4932179760438777,-0.2252620385108819,0.7039503466788588,0.6147422488989105,0.558325651362876,-0.049931732793341,0.251159827244491,-0.1921594852611198,-0.3768003781775529,0.672135721039285,0.1154554989687794,-0.1462064739465535,-0.114248385889309,-0.3233770687105182,-0.2115884286286516,-0.1154895336060099,0.3341223974858557
H4013,HSM6XRRJ,0.1116283692432541,-0.978791369602436,-0.9271035501846544,1.3255912523019842,-0.5019119136761261,-0.120956005965337,0.8342689150631362,-0.4026802722379606,0.0998950089214686,-0.1274408700858924,-0.2750635518934582,-0.1965368704877094,0.110983317433988,-0.1383351650022016,0.1963988534922015,-0.3033009891370666,-0.2136544765812711,-0.4462187415838143,-0.2664898002387905
H4013,HSM6XRVC,0.205528961160656,-1.7982056777345476,-0.8626739639576538,-0.259696985961217,-0.4416816111776649,-1.387037877592005,0.9384832884430164,-0.3560610229977141,-1.1652135937433652,-0.4007914043042069,-0.2441031135845352,-0.474858314637672,-0.2652994310272946,-0.1383351650022016,-0.7351438134376023,-0.3206853541700213,-0.1742657481402735,-0.3650623476298791,-0.2322086935056531
H4013,HSM6XRVK,-0.0890308980447999,-1.4592091347609033,-0.6441637161334055,0.660697092078225,-1.844853881885735,-0.4263683495056319,0.4248818503614805,-0.1514759139662403,-0.2194897639322664,-0.5079571737744877,-0.0103835630728001,-0.0637504690765694,0.3667313296572606,-0.1383351650022016,-0.3482988251344328,-0.3206853541700213,-0.1661244154286438,0.1882413195971723,-0.2336415184779499
H4014,HSM5MD6A,0.0033066914278465,-0.4563198476842044,0.2529304992709721,-0.0511828528966487,0.2907784686811525,0.4544261551747954,0.2036841260431941,-0.6543179099750646,0.0119979567517488,0.9474784804646018,-0.0180341620906982,1.0277752453228215,0.7122259757662888,-0.1383351650022016,0.8713564370143536,0.2805799368907407,-0.0965874245363763,1.4480205251206155,0.5751273528224362
H4014,HSM6XRRV,-0.2685142498982497,0.6650258641164336,0.2957783342140289,0.5925572037079994,0.1296864957639729,-0.4963255242508771,-0.0294575335808245,-0.5185356963930148,-0.8280019749249999,-0.8640474779824249,-0.0480394647969267,0.5517854470935727,0.492788177042186,-0.1383351650022016,-0.0218389807039795,0.2288774979960096,-0.216217586369306,0.8979522641532975,0.0610797699876072
H4014,HSM6XRVO,1.9314793190305135,0.227135908778932,1.227651143767159,1.6304141118324855,-0.0767470642072883,-0.3770611201172869,0.061143474630726,0.1457201764465535,-0.4365289965777806,-0.4211757004068984,-0.1742356372015559,1.3099115971895812,0.197606639140518,-0.1383351650022016,-0.372802047283241,-0.1132117080546209,-0.194932777302765,1.1927378024248794,0.386569214624135
H4015,HSM5MD73,-0.3173792712955499,0.0857189052943634,0.6342249206933189,-1.992097105160337,1.1864518020420265,-0.0620134732421104,-0.8838462203195137,-0.3712083195149603,-0.5371249266703549,-0.9005219499441367,-0.2027657963197334,-0.6505655419886999,-0.2098449488750486,-0.1084327415607319,-0.3246851969199074,-0.2026747924859453,-0.3060319216730343,-0.2173170478755608,0.6733213688747401
H4015,HSM7CYZ7,-0.257566153530821,-0.0447798007596964,0.9200128140182348,-0.3082657080690566,-0.5130161755807245,0.2864096474405814,0.5452630773827241,-0.0521910683795206,0.4015255857719508,-0.5970101685100717,-0.1019216933887301,0.8348000018209083,0.6589591476579503,0.6041354160265437,-0.3534954334361683,-0.0420120126572601,-0.082488362940224,0.7155244866131365,2.093268607205064
H4016,HSM67VF3,0.0653278263004052,0.5028232110467987,0.1579902361876139,-0.4599340986025979,-0.1549560263195721,0.1721105810445027,-0.1662847130549121,-0.3976500740650825,0.2282740665514152,0.2359749591305147,-0.3058843553956323,0.0657846844685466,0.0651119211150014,-0.1383351650022016,0.6918508919166138,-0.3206853541700213,-0.2442973126661909,0.1846669919288063,-0.4173884686303816
H4016,HSM7J4I3,0.5605761836998107,0.2205103527398738,-0.5155835777947642,1.024137732473117,-0.5846369914408293,0.2655901769308709,0.3225828679039306,-0.4109108716640509,0.486247211285989,0.1547884758926132,-0.3105980766962624,-0.0779994100053713,0.2400089409941724,-0.1383351650022016,0.3386667825152156,-0.3018041371050646,-0.1734151894643374,0.0173430461924181,-0.3757519340226027
H4018,HSM67VFR,-0.9275265387550976,0.6045979731855995,0.425399143841337,0.2830490025580641,-0.8241170759731662,0.7113603659567527,0.3874423511470867,-0.4322355773398161,0.5770803669548582,-0.028017671792553,-0.370234615469099,0.6375388703638439,0.468017765668577,-0.1140708511349854,0.513173025071021,0.7684464209762225,0.9872470618454042,1.0378959445027949,-0.2053267778339122
H4018,HSM7J4LD,-0.739371294799689,1.179999626234038,0.0934741585418654,-0.1466766207501006,0.1219006911177817,0.1776968709171076,0.1508678664802308,-0.2896741749904626,0.187963517156547,-0.0386822340806251,-0.2412394020563465,0.6770353436700711,0.2704688826914379,-0.1140708511349854,1.3996225669590272,0.0343696615154871,-0.1793276743257006,0.7955148430379395,-0.2357584359675693
H4019,HSM6XRRD,0.960167783575604,-0.3410525678738665,0.4905888605036109,-0.0831865444646602,0.2761092242117129,-1.3599772942407988,-1.3990207757393671,-0.3290299973041954,-2.1055261003208066,-0.2641470728044273,0.0195350716325244,0.2114548577258161,-1.208892503676672,-0.1140708511349854,-0.6152128520572706,-0.3363939264701503,-0.1111182642271872,-0.4786140252037133,-0.3585235902158784
H4019,HSM6XRV2,0.5424202572818672,-0.381437587522386,1.390109342658835,-0.0628852904963453,1.046495185478418,-1.3078862595533518,-2.2980914432593944,-0.4095243529841487,-2.327010604064045,0.1046908831182282,0.3992732184370672,0.51837766146387,-0.2587154467363581,-0.1140708511349854,-1.1867911940647091,-0.249453943777848,0.3743507469145445,-0.3797477323819181,-0.0513556051883743
H4019,HSM7J4M4,1.851739698586413,0.958570426098077,1.7641685960152258,-0.7301983385095356,0.9541964709024215,-1.6778021160236476,-2.91038921962798,-0.0330327159885113,-3.291108090694874,0.1665141156168346,1.825149158387684,-3.5388720356639936,1.4884473731753536,-0.1140708511349854,-1.6746789947789342,-0.1882109439242917,1.7806720211539016,-0.4248828400237471,0.9247949957981
H4022,HSM67VES,-0.9490881708946064,-2.282738179992907,-1.5691168031394322,-0.2313369904503485,-1.1332552214455112,-0.4379396364513259,-0.4324550218442173,-0.3147845010785313,-0.2473667343746575,-0.3428861326781612,-0.2781555868367165,-0.2165047755700324,-0.6697611591711048,-0.1113122162579901,-0.0848868579043476,-0.2922472212395086,-0.1478932141032611,0.087844512648367,0.478059599837399
H4022,HSM7CYZJ,-1.1707691600778416,-1.8607235423989588,-1.3985365987252711,-2.20662384269099,-0.8764723618475151,-0.4982367544778482,-0.2698599822481394,-0.1885895752960372,-0.2907705996790202,-0.394073647582044,-0.234109687475619,-0.1072253409428606,-0.7383268602274266,-0.1113122162579901,-0.4195805739526705,-0.2896349764014507,-0.2018163090789916,0.1205089017866167,1.2088083615448286
H4022,HSM7J4G1,-1.3511761978035517,-1.293782245545061,-1.294970585945579,2.589264208938149,-0.7358563687613445,-0.7405624804113213,0.9216756075964792,0.2001804975993308,0.3826756439290327,-0.1885208459646664,-0.7525201527559692,-0.2982234269894585,0.2825794308492812,-0.1113122162579901,0.4457986076172739,-0.13365098419357,0.5859581393961056,0.412924885369089,-0.4666053484225288
H4023,HSM6XRQ8,-0.7621624794684678,-0.2444338339916869,-0.4452675385645302,-1.6628438583900569,2.5355539268593423,-0.2154692074858662,-0.9962894703819002,0.4892789511244356,-1.0230004833922468,-0.1377990358783071,-0.2365081576018456,0.3682894412505688,-0.5945175868508257,-0.1084327415607319,-0.4202355667704642,-0.2132632511343145,-0.2059198872595566,-0.653222033622678,-0.174784088671844
H4023,HSM7J4HC,-0.9832669735574068,0.1709636154982505,-0.2831531013621471,0.1727825619650495,-0.3527323877333395,-0.3566513666436391,-0.5560122242941513,-0.3753365498165487,-0.6734261944044881,-0.6311361690808379,-0.0564410549221098,-0.3215053649317787,-0.579911542255234,-0.1084327415607319,-0.201412646815286,-0.201802119051306,-0.1778438840775137,0.1419292676073788,0.0521430894766706
H4023,HSM7J4KC,-0.5066960141125609,-0.1893066583369083,-0.959635179535885,-0.9789786889561868,0.3318217482155012,-0.3128614753913964,-0.7242253683534924,-0.0612102250595419,-0.6745710595852317,-0.1774744115833625,2.15760343255064,0.910331707384785,-0.0963611539232063,-0.1084327415607319,1.9796303628641727,-0.0428972017533127,10.738626116336542,0.0549989344759248,2.367852484082151
H4024,HSM7J4O1,0.4836183494988963,-0.8009671104844819,-1.3532598519302574,-0.6929824004920467,-0.1415724988715416,-0.9473943041333102,-0.2373688184522804,-0.3034471992356687,-0.210170283699673,-0.5892317281326462,-0.3429694821257136,-0.4788259077794286,0.2312136334803093,-0.1462064739465535,-0.4550468178032346,-0.3461462799823559,-0.3514250296328944,0.2414980539807502,-0.4153703917097727
H4027,HSM7J4NE,-0.5606695107881786,-0.5436002196476475,0.7620565313426237,-0.7778536199942521,0.2794892235574568,-0.0252449371173444,0.0362056482569353,-0.1909377088577827,0.0888294536877035,-0.0881300466335904,-0.2924435539142139,-0.2441224891051418,-0.0035955558726491,-0.1462064739465535,-0.2995116112031847,-0.3461462799823559,-0.3500393519038062,0.5568637037017176,0.2862742993373526
H4027,HSMA33O1,0.3369406626400933,-0.713017207456893,0.5916515552978079,-1.741907512374916,-0.3685864806936578,0.4459555029229357,0.5796335562617804,-0.0396134231270148,0.2409686428880318,-0.1603850141515871,-0.3334620332493318,-0.4412831235402265,-0.1783123142184102,-0.1462064739465535,-0.5414642710690436,-0.3461462799823559,-0.3543203247426041,0.4304151377908852,0.4349950426182006
H4031,HSM7J4MK,-0.9333257559578376,0.269263387379151,-0.8171388916169643,-0.6086374924471267,-0.1187358041681747,-1.2661712886305347,-0.9733233555299908,1.3572419854204332,-1.4516785506711214,-1.8123318209854904,-0.2132178869844985,-0.1001100926802346,-0.9770454705398836,-0.1383351650022016,-0.7662824803868612,-0.2886933660896748,-0.2454337982838549,-0.1065407629335053,-0.188821486658974
H4035,HSM7J4JZ,1.93094523064583,-0.6883998297094316,1.7192204680117598,-0.101082633546991,2.339327618576023,-0.0879283832149156,0.3284147753726226,3.4125131617692155,0.4721253925418825,2.2691410850319134,-0.0561090838275898,-0.5282362795859853,0.5812218948589081,-0.1084327415607319,0.3176646323913527,-0.2132632511343145,-0.233711657408102,1.8596219057368195,0.1741438674431517
H4035,HSM7J4K8,0.1868419947887969,-0.6647279082033394,0.8023921661031592,0.4316929029094749,-0.0527479345940565,0.0924375564267317,0.3978812920681575,4.131608952042339,0.382913646369768,-0.1533617272547821,-0.2627901628950645,0.2339999917664101,0.4357279541335292,-0.1084327415607319,0.7510976147889608,-0.2132632511343145,0.3151564955682476,0.9120009978587996,1.463505082436667
H4035,HSMA33OR,1.4478261849809728,-0.881794784830124,1.4188094605077752,-0.0710755157341495,0.0513363546672564,-0.2017808766330814,0.019116759276066,-0.0827034639774207,0.0682783721279114,-0.514133237611233,0.5843958983923849,-0.0199298510052612,-0.2366236309675283,-0.1084327415607319,-0.2722937889646392,-0.0230932112087699,-0.0377690256424494,0.319485681552158,-0.1642922547370318
M2008,MSM5LLDA,-0.3206637728172625,0.1250786264679669,0.6031566444855531,-0.2100509131704712,0.8915046025223048,-0.4793486847596929,-0.824291508899556,-0.0459454747977656,-0.8837190137641594,-0.5170261805589044,-0.1937799314574705,-0.4614060383590664,-0.0229687647547324,-0.1113122162579901,-0.1182778648529592,-0.2186925435800026,-0.1845192351202697,0.4841090960250688,-0.4068566592708475
M2014,MSM6J2IQ,-0.1388155543276705,0.3856445992021544,0.1097623810592996,-0.5339969679314909,0.8819255759608711,-0.1459387207047963,-0.3660890429792945,-0.3031070032017639,-0.3360431181864229,-0.4575403449838517,-0.3082669317919994,-0.3034665796922088,-0.5391378200753446,-0.1140708511349854,-0.2735519634205391,-0.3363939264701503,-0.2747716546767476,-0.3895813489158911,-0.483638730675167
M2014,MSM6J2J1,0.2093982951195931,0.5227328870536655,0.5237996351228799,-0.7907172282144875,0.7237656272596161,0.0175945614700734,0.2767794023379237,-0.2643772306941187,0.0613880987615294,-0.3023092222336464,-0.1484672267029985,1.4701949996653088,-0.0941520645116204,-0.1140708511349854,5.319107886278671,-0.1732728586250375,-0.0687949565362609,0.1542257864993024,-0.3926841524547818
M2025,MSM6J2J5,-0.6631922629989009,-1.307494337496874,-0.4955224060254281,-0.7751236141933091,-0.7723518982871411,-1.13182118957295,-1.0566997419463506,-0.3265115727491489,-2.320842197824128,-1.93025059678534,-0.3691747024190244,-1.287579358430437,-0.8294556710637838,-0.1383351650022016,-1.0456859497761348,-0.3206853541700213,-0.1762381995008735,-0.2912454332762441,-0.0161973927685954
M2027,MSM6J2KE,-0.3457239750331026,-0.8009583794572127,-0.8421315651332331,-0.2734364506590049,0.7082285603466411,-0.2708078900249183,-0.701209905902551,-0.4320845135209655,-0.953927584847768,-0.3849287368922889,-0.2485642017043088,0.0516807624839027,-0.9175179244691306,-0.1084327415607319,-1.258145660554584,-0.8522452352622214,-0.2148176594419601,-0.6390500115846359,-0.2070222158514921
M2034,MSM5LLF4,-0.3510608023847429,-0.3477791753182381,0.2433352611643073,0.0595513020403426,-0.360849368646248,2.5284808707059683,-1.827428973848531,0.0504723616067085,-1.665295041260526,-1.1998511810852364,1.659413809510062,2.427740954787953,-0.0036475208691217,-0.1113122162579901,2.2992962002670123,17.455291739653784,-3.071216803578742,3.653144895140101,21.448325929637257
M2039,MSM6J2QP,0.0465384887627112,-1.6860405825394926,-1.211055523946621,-1.7044395555974825,-1.3913228461065086,0.3088625954413153,0.3887463065667991,-0.6465950584045648,1.195644074850501,0.7895359236568512,-0.2485642017043088,0.1851275539514335,1.1026471196287482,-0.1084327415607319,0.4850023413625138,-0.2132632511343145,-0.2148176594419601,-0.0346729314150968,-0.2500892801888701
M2047,MSM79H7Q,-0.4602400616961605,-0.6255198170464837,-1.6414095404609907,-0.4131561054896444,-0.584020241160652,-0.7601201094334894,-0.8780470672569074,-0.1714367538691717,-0.9630797629249228,-0.4805814746319142,-0.3072917943216081,-1.2625834550793749,-2.4401248484673164,-0.1462064739465535,-2.3590609930553623,-0.3461462799823559,-0.3588180117111026,-0.6492067012606091,-0.4477440805222665
M2047,MSM79H7Y,-0.0639331462086388,-0.6096712613057091,-0.94418008158027,-1.115414787196603,-0.8868354043281027,-0.2964570319719969,-0.3457995214226979,-0.1779058980966739,-0.7022894227802986,-0.3489308076498318,-0.2742442691858357,-0.99012946897972,-1.901148315619713,-0.1462064739465535,-1.7961848075400648,-0.3461462799823559,-0.3183172526800404,-0.5043167745154471,-0.4291747789478419
M2060,MSM9VZF7,1.7917907884513775,0.3037086379649878,-0.1014032960524827,1.1979701163712024,-6.665152406332347,-0.3489592714526668,-1.220475653778371,-0.1789871898926908,-0.1390033454633612,1.0030309287488377,-1.0597146415055598,0.2185223794526232,-4.475374774013098,-0.1084327415607319,-2.0067889190625934,-0.2132632511343145,0.9960099557589116,0.5243444525253863,-0.2258280289170859
M2061,MSM9VZGO,-1.1062458913883075,-0.4826489532915459,-0.9241534982350466,-0.9497517828449392,-1.2088117415064583,-0.7157498519503152,0.677393833918603,0.1901218609908498,0.1207534830708238,3.932174727000804,-0.1957046528785807,-0.4290446684571575,-0.6083132612459198,-0.1113122162579901,-0.6461716455767916,-0.1408496558847274,-0.1570849902424896,-1.3103558707048593,-8.015905491846167
M2068,MSM9VZEK,-0.447387721329424,1.1774778254785283,-0.995016756874582,0.670465739176084,-1.384347960786185,0.0285070906328313,0.1573707618117162,0.2888563479787903,0.0825526889383034,0.5643229673689631,-0.3686371641596027,0.0887104109281112,-0.7527985004043432,-0.1383351650022016,0.8799531690208805,-0.3206853541700213,-0.2399870383683113,0.2525340884561524,-0.4020310485023551
M2068,MSM9VZES,-0.3376177555229575,1.3460315872472182,0.1017053243392953,0.3214351622577248,-0.7512532280208785,0.7118298345604054,0.8274367939583239,-0.1319423150208189,0.7028462388041368,0.4046331319780203,-0.1955518724621069,-0.0209912155852076,-0.2677462577912385,-0.1383351650022016,1.3096861711886878,-0.3206853541700213,-0.2054506367783085,0.3257646072651808,-0.2720092306017264
M2069,MSM9VZEW,-0.0850021597837458,0.3884471067388829,1.1851084496770747,0.9586129259739042,0.0736761423209313,0.0534805283513662,0.3031081707504378,0.6835446791731205,-0.0969951504741085,-0.1715492299167374,-0.2736950117526326,0.4786718832144204,0.4408836180810544,-0.1113122162579901,0.2597303976230469,-0.270066011128269,-0.1246140464663327,-0.6521726710347415,-0.82515670330881
M2072,MSM9VZOI,-1.0200720648817978,-1.2639394055772188,-0.1997194547129898,3.8060672794858488,-1.5378729801074542,-0.1186521965540788,-0.2792237993614432,0.4921360753193838,0.1254781829948915,-0.5217868392434271,0.0932395132604229,0.3015368059410238,0.3950078303527329,-0.1462064739465535,-0.8056628455100674,0.0737448107171792,0.1368986061675736,0.0113789152000139,0.1448053621294884
M2075,MSM9VZJZ,-0.1271149272427524,-1.479090932509176,-0.5150933987968173,0.4467906626473487,-0.4248983299465638,-0.1300049352630903,-0.443891056489719,-0.2130295481226697,0.0050472769635626,-0.2036217655506199,-0.238230911298923,0.1419048045621491,0.0775196791521875,-0.1113122162579901,-0.3915653653399864,-0.2990923663372618,-0.2155207038613086,0.0119953670991044,-0.4944141308701522
M2079,MSM9VZFR,-0.3092647650622625,-0.9946798731344648,-0.4164058152512017,-0.740169858387556,-0.1894107625043494,-0.1287142260261193,-0.5119609003349482,-0.3663137727867981,-1.0191809573741883,-0.3497068879046876,-0.3025442436570198,0.1345473135993112,-0.5488410675122948,-0.1383351650022016,-1.598996765443865,-0.3101971984990248,-0.2464387456376207,-0.0046580216228275,-0.4014003451241531
M2079,MSM9VZKE,0.0436047468427698,-1.2510194142609663,-0.7675442621830016,-1.2497133298250789,-1.480006769201222,-0.2335336488170346,-0.3373514452434137,-0.2251672342552214,-1.005094577808177,-0.3967366412907092,-0.2442887940502703,0.0972293503885829,-0.3559125540616764,-0.1383351650022016,-1.124609342849039,-0.3206853541700213,-0.2485239489829596,0.378063366076086,-0.3830924626953688
M2084,MSM9VZMU,0.2131707013359022,-2.006949232921173,-1.099026723617245,-0.4960742539401129,-1.3041306876773184,-1.0326109533140937,-0.9962862488206532,-0.2058902636822515,-0.8499454129424773,-0.220544823416286,-0.1952120362738658,-0.6733659003435303,-1.6345600871847037,-0.1140708511349854,-1.1846517149263385,-0.3363939264701503,-1.203026541250639,-3.048141949648324,-0.455513693855527
M2084,MSM9VZL9,-0.1027943907377906,-1.353358953523334,-0.8053000105113258,0.2584501864944848,-0.8963682317669125,-0.8988593921594482,-1.0258180640874728,-0.3416090963462638,-0.9536448093849812,-0.3145072043438838,-0.3279914675376875,-0.8178221669872539,-1.1034062072727604,-0.1140708511349854,-1.260079567641953,-0.3273252725107047,-0.2714692465060229,-0.6071286485527464,-0.4266799256201861
M2085,MSM9VZPL,-0.1118304163560558,0.4664859504721093,-0.800095995116973,-0.8883389398701778,-0.5943639051866091,0.0461384710605667,-0.3019021062163219,-0.0721969082520034,0.060253843811433,-0.3830077794986175,-0.2563821187933496,-0.512413179421083,-0.153288206015858,-0.1462064739465535,-0.3639798891752323,-0.3461462799823559,-0.3170860810313838,-0.7081981477560347,-0.6449294506278401
M2085,MSMA26CX,-0.6083804570160597,0.1409743357189642,-0.5463073026367111,-0.1441858580280657,0.9339854239614084,-0.079716812425457,-0.0034518159501157,-0.1708454140974147,0.6182016128223023,-0.0079837625322794,-0.2855683833752778,-0.7681119734597781,0.0555103721926456,-0.1462064739465535,-0.2495938587700399,-0.3461462799823559,-0.324118903555566,-0.2038513938966111,-0.8577448194467702
M2085,MSMAPC6G,-1.1215105235171183,0.4885434805458502,-1.7632042918990878,-0.5394365514149835,-0.4999545770315492,-0.3799686675385145,-0.1722543287078091,-0.1248423715146827,-0.2810446294117089,-0.3157438649278531,-0.2581172154699426,-0.950967533736065,-0.1126392980343349,-0.1462064739465535,-0.4195856076302603,-0.3165778310428691,-0.3073770187957771,0.207737303945786,-1.016449981817468
P6005,PSM6XBQY,-0.325621378291956,-1.5057328439553448,0.5059341757116366,-0.4462448865800302,0.9098897660189036,1.826332557403818,1.2967383690136856,-1.1072950130057235,2.870206434650819,0.3880130948062957,-1.648470344863426,0.7160073283661312,0.8899063920881498,-0.1383351650022016,0.1799073735574053,-0.3206853541700213,1.378818101770614,1.1314020736515955,0.7820935090937176
P6005,PSM6XBSS,-0.369429970003636,-0.8567202972024229,0.2299928759732644,0.5644789394727892,0.1718629075379062,0.3987065812800518,4.879452206397657,-0.252972744119567,3.556585201474568,0.903080958657876,-0.332101535099567,0.0618597486703691,-0.1461329447719798,-0.1383351650022016,-0.2202896801294299,-0.3206853541700213,-0.2500841284462769,-0.3217581386229934,-0.4396993905290409
P6009,PSM7J1CU,1.7909700133630095,1.8375942566558372,0.8512781002427003,1.560829731845601,-0.2343026516028586,-0.4968643569602544,-0.036244406052776,0.4053503876161544,-0.2296925555857084,-0.7626427312955902,-0.2049089544867741,0.5252580179651418,0.1738971405530024,-0.1462064739465535,0.0883921072427443,-0.3198793699136399,-0.1935528506332798,0.2339952061286683,-0.1050166875436644
P6010,PSM6XBSK,-0.9491163929199604,-0.1849310556063028,-0.5680066920957074,-0.6033378017342808,0.0705402015626528,-0.6361161585695272,-0.1987362147017333,-0.1455933184886177,-0.1313882480491786,-0.3083538362760813,-0.2043677957942903,-0.6828279428809154,0.0587283670758538,-0.1084327415607319,-0.7654613994327696,-0.2132632511343145,-0.2039309813881045,-0.7531775389980917,-0.1630897825061074
P6010,PSM6XBUO,0.2399975408880798,1.245995343818538,0.8643713725310076,0.4770817672071525,-0.2382770592392953,0.2529805417846471,0.06370293482074,0.1290068389533527,0.2381248769440902,-0.0411835785390046,-0.2649725285676095,-0.3676552775015075,0.0375735746361577,-0.1084327415607319,-0.221830606077178,-0.2132632511343145,-0.2113246064945873,-0.30552395236661,0.2457494887373637
P6010,PSM7J14L,4.178231823554101,1.7465389778421618,0.9914516906842308,-0.3705389931491514,0.5226038651686538,0.7701427845737732,2.8486561719263155,1.3283652647990185,1.67839189975148,3.068449193119464,2.78971673306264,1.6011022540034852,-0.1545278015244928,-0.1084327415607319,3.3722995809154144,-0.2288778328796197,14.488748151315225,0.4027161347495437,2.575943263618028
P6016,PSM7J158,1.4069297121795954,-0.3263009865984061,0.4961175484204187,-0.0778680505990115,-1.436382896872952,-0.6656448987193135,-0.6117118017750572,0.4228453250831712,-0.3029793170313933,-1.4573149334420028,-0.0859995101674811,-0.650708176020536,-0.831189784056104,-6.128764556784595,0.1892530296774709,-0.2132632511343145,-0.1885929695722918,0.0107625184732642,-0.2265190663103288
P6018,PSM7J15M,1.0564043425543337,0.5679575776312903,-0.3862565157907154,-0.3981231867940386,-1.0722496182664598,5.771779901630027,2.854741487671997,-0.0832047705868121,0.4320075766010243,-0.0411958328628119,0.1568730162006635,0.8873027153367673,0.6477101311303092,-0.1462064739465535,0.4981766505217798,0.2031755174503398,0.1081975940839024,0.043529924852126,0.8873138272106734
P6024,PSM7J12J,-0.1124106039208407,0.4181517241215325,0.7572683891544905,-0.4350326890771974,1.0055521678612362,1.6383581284551638,6.041901145994292,0.0787347643034888,4.036022100107057,4.463229609094015,0.2726149630325927,0.586800287109255,1.070621003221329,-0.1462064739465535,0.1535424491627573,0.4137488324057021,0.9094791375308624,0.5428933986227793,0.4645445250908903
P6024,PSM7J12R,0.2932783991413176,1.1175491990508963,0.4590414816051928,-0.48986945683549,0.7990821612434474,0.7521016023786636,2.203817758532657,-0.101120071504599,1.6696757209643855,2.44387164744505,-0.2053660742212166,0.1815829527537058,0.2052769605922061,-0.1462064739465535,0.8503454742441953,0.6442093116247015,0.3311299822525145,0.2972160428054954,0.7679268190807909
P6035,PSMA267P,0.8978839615179935,0.857924199333675,0.3170783190925198,-0.3124743623489873,-0.3301729893188729,0.4474726802158574,0.1451754232254288,-0.3104381568019271,0.1909526508992596,-0.3754691567495932,-0.2574440849431967,0.7625354610740185,-0.0375747526102292,-0.1140708511349854,0.7614837325819499,-0.3363939264701503,-0.2502448321748076,-0.5250357567028606,-0.4831091396119159
