perplexity,seed,trustworthiness_k5,kl_divergence,mean_pairwise_knn_jaccard_k5
5,20260930,0.8466369281903262,0.7073832146037582,1.0
5,20260931,0.8466369281903262,0.7073832146037582,1.0
5,20260932,0.8466369281903262,0.7073832146037582,1.0
5,20260933,0.8466369281903262,0.7073832146037582,1.0
5,20260934,0.8466369281903262,0.7073832146037582,1.0
5,20260935,0.8466369281903262,0.7073832146037582,1.0
5,20260936,0.8466369281903262,0.7073832146037582,1.0
5,20260937,0.8466369281903262,0.7073832146037582,1.0
5,20260938,0.8466369281903262,0.7073832146037582,1.0
5,20260939,0.8466369281903262,0.7073832146037582,1.0
15,20260930,0.85263710312254,0.5976406337951273,1.0
15,20260931,0.85263710312254,0.5976406337951273,1.0
15,20260932,0.85263710312254,0.5976406337951273,1.0
15,20260933,0.85263710312254,0.5976406337951273,1.0
15,20260934,0.85263710312254,0.5976406337951273,1.0
15,20260935,0.85263710312254,0.5976406337951273,1.0
15,20260936,0.85263710312254,0.5976406337951273,1.0
15,20260937,0.85263710312254,0.5976406337951273,1.0
15,20260938,0.85263710312254,0.5976406337951273,1.0
15,20260939,0.85263710312254,0.5976406337951273,1.0
30,20260930,0.8590221289250415,0.4207084623674136,1.0
30,20260931,0.8590221289250415,0.4207084623674136,1.0
30,20260932,0.8590221289250415,0.4207084623674136,1.0
30,20260933,0.8590221289250415,0.4207084623674136,1.0
30,20260934,0.8590221289250415,0.4207084623674136,1.0
30,20260935,0.8590221289250415,0.4207084623674136,1.0
30,20260936,0.8590221289250415,0.4207084623674136,1.0
30,20260937,0.8590221289250415,0.4207084623674136,1.0
30,20260938,0.8590221289250415,0.4207084623674136,1.0
30,20260939,0.8590221289250415,0.4207084623674136,1.0
