participant_id,sample_t2,persistence_class,score_t2,tSNE1,tSNE2
C3001,CSM67UA2,1,-0.4429634435259171,-5.648394,-2.3633316
C3002,CSM5MCVN,2,2.6376027764622205,11.738763,-10.63527
C3002,CSM67UBN,2,2.416832774894447,8.073477,-10.714697
C3003,CSM67UBZ,2,1.692415593281384,10.553201,-0.368545
C3004,CSM5MCXL,1,-0.1351605937163387,-10.044372,2.0734022
C3004,CSM67UDN,2,1.22290169388758,-8.399536,-7.4665194
C3005,CSM5MCY8,1,0.3530699094060271,15.506862,-5.397619
C3005,CSM67UEA,1,0.3409141077720007,-4.188188,-8.770691
C3006,CSM5MCX3,2,1.169649090683342,-2.5082402,0.5374831
C3006,CSM67UFZ,2,2.477280808325552,15.3914585,0.91217685
C3009,CSM67UAA,2,0.4697440973145803,19.284412,-12.150781
C3009,CSM79HI7,1,0.054596522529824,17.727957,-12.145941
C3010,CSM67UCK,0,-1.4453857689888965,-12.163762,4.124512
C3011,CSM67UEW,1,0.2648455596793094,17.450512,0.76550686
C3012,CSM5MCZF,2,0.6549159545095814,3.2056894,3.1454265
C3012,CSM67UGO,2,0.5706021702658829,4.133041,3.0650508
C3015,CSM67UAQ,0,-0.6139148656544332,-0.0588826,2.9262936
C3015,CSM7KOPI,0,-0.7888535673601657,-5.9352555,3.35218
C3016,CSM67UB1,2,0.64134762678001,0.02927153,-17.72478
C3016,CSM79HIT,1,-0.2415901447967264,0.296965,-17.04507
C3016,CSM7KOPS,2,1.3756077555391364,12.956937,-13.534646
C3017,CSM67UBB,1,0.0040194415078876,-1.6897229,-7.9640326
C3022,CSM79HGZ,0,-1.22079920514253,-8.887752,0.703881
C3022,CSM7KOOH,0,-1.673439603641946,-12.472802,3.0848608
C3023,CSM79HH8,1,0.4564144618660115,3.0043294,7.050063
C3023,CSM7KONK,1,0.2662108452996437,-1.1120846,-5.462811
C3027,CSM79HJS,1,-0.3615724723150915,-4.308393,1.041465
C3027,CSM7KOOV,0,-0.7412710701298884,-2.660007,-3.8954005
C3032,CSM7KOU9,0,-1.6646033360113597,-15.0275345,0.732977
C3034,CSM7KORU,2,1.845289510642387,10.468176,-2.191502
E5004,ESM5MEBU,2,1.5011288810803556,4.878157,-8.934865
E5004,ESM5MEC5,2,1.4207207540298954,-1.2236881,6.6105304
E5009,ESM5MEDD,0,-1.2401216363052077,-10.415261,10.47612
E5009,ESM718UH,0,-1.0923707889799474,-11.801017,10.549178
E5013,ESM718V8,0,-0.723439524716205,-14.580684,11.6743555
E5013,ESM718TM,1,-0.4470081535607733,-13.260624,14.350528
H4001,HSM5MD79,1,-0.4438035846868702,8.581993,-12.608177
H4004,HSM5MD5P,0,-0.5096401867798525,-6.0518656,0.76177067
H4004,HSM6XRSG,1,-0.0916740729260147,14.722181,4.3165054
H4004,HSM7CYZT,1,-0.313446088964761,0.80180544,12.75455
H4006,HSM5MD7O,2,0.7178024811124614,2.8433113,13.80014
H4006,HSM67VEE,1,-0.22851969166923,-0.107881844,8.841101
H4007,HSM5MD4O,2,1.5410138704945706,12.309958,-9.431414
H4008,HSM5MD5D,0,-1.4032330478330608,-5.8360395,13.105857
H4008,HSM67VFZ,0,-1.8489304414658945,-5.612539,5.8185015
H4009,HSM67VGA,0,-1.395481783913221,-3.6579952,4.352165
H4010,HSM5MD43,1,0.5077686214946318,9.450873,-4.2617536
H4010,HSM5MD3Y,1,-0.2862456624078056,8.3556385,4.1931677
H4010,HSM6XRTM,2,1.3344243723480234,10.590914,-3.6550648
H4013,HSM6XRRJ,1,0.0596440472940954,-2.518762,7.8591
H4013,HSM6XRVC,0,-0.8353930706742966,-11.609403,8.142336
H4013,HSM6XRVK,0,-1.0237872390521687,-5.062083,8.248294
H4014,HSM5MD6A,1,0.1134313766003426,5.865302,-10.54588
H4014,HSM6XRRV,1,0.5886795767612966,5.192762,-7.5521536
H4014,HSM6XRVO,2,0.8047549235136636,12.439772,4.1315284
H4015,HSM5MD73,2,0.481490541041179,-6.3259363,-10.525345
H4015,HSM7CYZ7,1,0.1072545125481547,5.9049993,-13.208438
H4016,HSM67VF3,1,0.0163164376338148,7.820928,-4.4202685
H4016,HSM7J4I3,1,-0.0202632194415137,0.16140147,6.4536514
H4018,HSM67VFR,1,0.3285003703138388,6.733368,-8.466175
H4018,HSM7J4LD,1,0.0616702989787165,7.328727,-7.013299
H4019,HSM6XRRD,1,0.0225867537397576,10.23802,9.9314
H4019,HSM6XRV2,2,1.7120667101911111,11.153629,9.987928
H4019,HSM7J4M4,2,1.4874694606202314,-4.633902,-12.604563
H4022,HSM67VES,0,-2.207368688474367,-10.752253,5.1337147
H4022,HSM7CYZJ,0,-2.3536944447247943,-14.120719,1.6502388
H4022,HSM7J4G1,0,-2.000454817996613,-4.489934,11.36353
H4023,HSM6XRQ8,1,-0.0937624765020399,-8.553386,-12.195257
H4023,HSM7J4HC,0,-0.8350180857102778,-3.0138977,-6.019376
H4023,HSM7J4KC,0,-0.6572700484330074,18.38633,-8.662094
H4024,HSM7J4O1,0,-1.41910741956514,-9.727476,8.205281
H4027,HSM7J4NE,2,1.3878557746838394,-7.6237226,-8.396862
H4027,HSMA33O1,2,0.8785811643337748,-9.625698,-8.6136875
H4031,HSM7J4MK,0,-1.3510461170059047,-1.938122,-2.839067
H4035,HSM7J4JZ,2,1.764506040079027,12.47309,-16.954224
H4035,HSM7J4K8,1,0.3848979583949661,12.614491,-16.134888
H4035,HSMA33OR,2,1.6326739728247417,8.007697,8.018569
M2008,MSM5LLDA,2,0.9808499819585002,-5.86624,-8.227911
M2014,MSM6J2IQ,2,0.7846302357927332,-4.566995,-7.3241005
M2014,MSM6J2J1,2,1.720559222509429,9.364553,-7.739473
M2025,MSM6J2J5,0,-1.8936981955180827,-13.131465,12.490532
M2027,MSM6J2KE,0,-0.8296988659027588,-16.815676,5.7190742
M2034,MSM5LLF4,1,0.0791676168647953,16.89261,-13.73299
M2039,MSM6J2QP,0,-0.8664773354726196,-8.021096,3.4949114
M2047,MSM79H7Q,0,-2.332765919975506,-17.601875,11.73628
M2047,MSM79H7Y,0,-1.9023471928799995,-16.481081,12.152258
M2060,MSM9VZF7,1,0.0285124845451064,-17.443275,14.456418
M2061,MSM9VZGO,0,-1.5749571303993135,-11.337498,-2.514663
M2068,MSM9VZEK,1,-0.3469612984963803,3.9263654,-3.2341108
M2068,MSM9VZES,2,0.7699101318390796,5.635449,-3.914733
M2069,MSM9VZEW,2,0.7647601128469157,13.522675,-1.6455097
M2072,MSM9VZOI,1,-0.4902978155938085,-3.4086554,12.044777
M2075,MSM9VZJZ,0,-1.4171514853551086,-4.1294446,7.203178
M2079,MSM9VZFR,0,-1.1583744728409489,-15.732119,5.1284184
M2079,MSM9VZKE,0,-1.5676033298372347,-14.238893,4.4502025
M2084,MSM9VZMU,0,-1.3550114740945454,-15.986224,9.228464
M2084,MSM9VZL9,0,-1.1572350012077346,-13.559689,10.583395
M2085,MSM9VZPL,1,-0.2129245776485976,-6.6028266,-1.221901
M2085,MSMA26CX,0,-1.797995359531179,-5.6229267,-5.2585225
M2085,MSMAPC6G,0,-1.6360676008624768,-8.343185,-2.2077913
P6005,PSM6XBQY,2,0.9455396861820302,3.9379625,-11.624642
P6005,PSM6XBSS,2,0.8970072589679337,2.7285078,0.1927631
P6009,PSM7J1CU,1,0.2944382379047279,13.825505,3.4305904
P6010,PSM6XBSK,1,-0.2024455186426182,-6.96023,-3.9736004
P6010,PSM6XBUO,2,1.192464863551116,12.5508,-0.36863163
P6010,PSM7J14L,2,1.6778786299798425,19.581463,-7.816774
P6016,PSM7J158,2,0.9035871039608953,6.0149474,11.006436
P6018,PSM7J15M,0,-0.6072213414125792,6.3863297,0.9449262
P6024,PSM7J12J,2,0.7987844999914083,13.824454,-5.9267993
P6024,PSM7J12R,1,0.4417661716307458,11.57122,-5.644907
P6035,PSMA267P,1,-0.1897238724741156,8.938636,-2.0209959
