section,endpoint,preferred_model,source_step,n,primary_metric,primary_value,secondary_metric_1,secondary_value_1,secondary_metric_2,secondary_value_2,accuracy,balanced_accuracy,AUROC,AUPRC,interpretation_role,reporting_decision,safe_wording,boundary
continuous_score_prediction,predicted_next_HI_score,ridge_delta_base,Step55,152,R2,0.705572394641903,MAE,0.4207177336690063,Spearman_r,0.8432226846820987,,,,,primary_continuous_output,main_text,Predicts the next continuous HI-axis molecular state score.,Molecular state score prediction only.
continuous_delta_prediction,predicted_delta_HI,ridge_delta_base,Step55,152,MAE,0.4207177336690063,R2,0.1227257027545363,Spearman_r,0.3474941736889946,,,,,supporting_continuous_output,main_or_supplement,Estimates expected HI-axis score change from the current state.,Do not interpret as clinical worsening or improvement.
state_stratum_prediction,next_three_state,ridge_delta_base,Step55,152,Balanced_accuracy,0.8046026300743283,Accuracy,0.8026315789473685,Macro_F1,0.802153225031241,0.8026315789473685,0.8046026300743283,,,primary_state_endpoint,main_text,Predicts next low/intermediate/high HI molecular state.,"Model-derived molecular strata, not clinical severity classes."
event_endpoint_prediction,next_high_state,ridge_delta_base_uncalibrated,Step55/Step57,152,Balanced_accuracy,0.8181906425936711,AUROC,0.8938070277615997,AUPRC,0.8094783294413272,0.8486842105263158,0.8181906425936711,0.8938070277615997,0.8094783294413272,primary_event_endpoint,main_text,Predicts whether the next sample will fall in a high-HI molecular state.,Not relapse-risk prediction.
event_endpoint_prediction,next_high_extreme,ridge_plus_modules_score_calibrated,Step57,152,Balanced_accuracy,0.7875,AUROC,0.9104166666666668,AUPRC,0.7301495601307971,0.881578947368421,0.7875,0.9104166666666668,0.7301495601307971,primary_or_secondary_event_endpoint,main_text_with_caution,Predicts whether the next sample will fall in the high-extreme molecular intensity stratum.,High-extreme is a model-derived molecular intensity stratum.
ordinal_intensity_prediction,next_five_state_ordinal,ridge_delta_base,Step56,152,Adjacent_accuracy,0.9473684210526316,Quadratic_weighted_kappa,0.7970783206481709,Severe_error_rate_ge2,0.0526315789473684,0.5855263157894737,0.5726522187822497,,,ordinal_intensity_output,main_text_or_supplement,Five-state prediction showed ordinal consistency; near-miss adjacent errors were distinguished from severe cross-state errors.,"Five states are ordered molecular intensity strata, not clinical severity."
direction_or_movement_endpoint,meaningful_improvement_delta,ridge_delta_base_uncalibrated,Step57,152,Balanced_accuracy,0.6656189977300506,AUROC,0.6815086432687271,AUPRC,0.6214004360056524,0.6842105263157895,0.6656189977300506,0.6815086432687271,0.6214004360056524,secondary_directional_endpoint,main_text_or_supplement,Reports meaningful improvement delta as an event-oriented molecular movement endpoint.,Molecular movement endpoint only; not clinical worsening or remission.
direction_or_movement_endpoint,meaningful_worsening_delta,ridge_plus_modules_uncalibrated,Step57,152,Balanced_accuracy,0.6311445341159208,AUROC,0.6889214966984593,AUPRC,0.5631564776399318,0.6907894736842105,0.6311445341159208,0.6889214966984593,0.5631564776399318,secondary_directional_endpoint,main_text_or_supplement,Reports meaningful worsening delta as an event-oriented molecular movement endpoint.,Molecular movement endpoint only; not clinical worsening or remission.
direction_or_movement_endpoint,five_state_downward_transition,ridge_delta_base_uncalibrated,Step57,152,Balanced_accuracy,0.6405782652043869,AUROC,0.6835742771684945,AUPRC,0.3903096822670674,0.8157894736842105,0.6405782652043869,0.6835742771684945,0.3903096822670674,secondary_ordinal_movement_endpoint,supplement_or_brief_main,Reports five state downward transition as an event-oriented molecular movement endpoint.,Molecular movement endpoint only; not clinical worsening or remission.
direction_or_movement_endpoint,five_state_upward_transition,ridge_plus_modules_uncalibrated,Step57,152,Balanced_accuracy,0.6301096709870389,AUROC,0.6247507477567299,AUPRC,0.370609804635275,0.8157894736842105,0.6301096709870389,0.6247507477567299,0.370609804635275,exploratory_ordinal_movement_endpoint,supplement_or_brief_main,Reports five state upward transition as an event-oriented molecular movement endpoint.,Molecular movement endpoint only; not clinical worsening or remission.
conditional_persistence_endpoint,among_current_high_predict_next_high,ridge_delta_base_uncalibrated,Step58,49,AUROC,0.731981981981982,Balanced_accuracy,0.7094594594594594,AUPRC,0.8875828240886161,0.8163265306122449,0.7094594594594594,0.731981981981982,0.8875828240886161,conditional_persistence_secondary_endpoint,report_as_secondary_risk_score_endpoint,"Among currently high-HI windows, the predicted score ranked high-HI persistence with moderate discrimination.",Conditional molecular persistence only; not flare or relapse prediction.
conditional_persistence_endpoint,among_current_high_extreme_predict_next_high_extreme,ridge_plus_modules_uncalibrated,Step58,27,Balanced_accuracy,0.7777777777777777,Balanced_accuracy,0.7777777777777777,AUPRC,0.8927596721972367,0.8148148148148148,0.7777777777777777,0.8271604938271605,0.8927596721972367,conditional_persistence_secondary_endpoint,report_as_secondary_event_endpoint_with_low_n_caution,"Among currently high-extreme windows, the model predicted persistence of high-extreme molecular intensity.",Conditional molecular persistence only; not flare or relapse prediction.
