path	sha256
Figure_caption.txt	4a027c262a7465bdf819e881797fb0f94892d85a8485c9d0f69dde7c414f976b
README.md	e689d6a0789bb883258f2d2fe980a4048251e611772492471e28cd72215d62ea
Supplementary_Fig4.pdf	e14602c4c00861acd50b3e05e63370e87a8598010851aabab95d4583bd094d05
Supplementary_Fig4.pptx	1f7a19eb0190f231950531eccb47e94d4bd94f80d552ddee67639b5743dda5d3
Supplementary_Fig4_600dpi.png	71fbca99dc68bc6afe90ad2cfdf50ac558531e936977b098cbf715af8c9f5609
Supplementary_Fig4_600dpi.tiff	a05bd82b8853cfc230a05e52f064da6a93327833ff148344b840a4f3b0433d63
code/build.mjs	cecd9258168552cd5000cb88cae73023fa2fe16c226f403d9eb55e468f9880d8
code/locked_HI_pipeline_reference.py	c0eeda2bb4e095ef643474f51c78a16b7e8a8e7c57b3ba8ddc6279365e6d2ba6
code/recompute.py	db98e65d6023cc95aaef9e7d8bc6032eda7394fa712130c2693021b382ef232a
code/requirements.txt	0937ad8669a637505bfffd978a2b0feee238ef1eff639429c22b1640ba37699c
code/upstream_source_reference.py	466c4f6ed152bd66b8a66f3e5db53bda9eaf04670a85fbae6242732037854aad
code/verify.py	6e0d63b35b663b58daee86072acc2608157fac21600ac86d541c92c826a1802f
data/HI308_axis_fold_0_all_visits.csv	926c8a5cb30e4474f3cf69a115670574ddd92ac0c91cbf4c74367cb5c7fa3a2d
data/HI308_axis_fold_1_all_visits.csv	3f4e4e936e2bc911744d234fdc8b94042afe81df2d566a9dab08c6eb74548f32
data/HI308_axis_fold_2_all_visits.csv	95f645a79350ef2a747d327e5fd731ff3fe9a779c0ef6ea3a6195f6ab71dad9e
data/HI308_axis_fold_3_all_visits.csv	51ed89597c6bf18ca2c78d88e7f2624e31d82e0d45d55634fd6783a8bf5ba4bb
data/HI308_axis_fold_4_all_visits.csv	c123584e2656737d073489f9fdb113337e77158113c9a96195d4661e89cbfc4e
data/MBX_metabolomics_branch__SCFA_butyrate_features.csv	61e93f08353439a03523e9a5aebb0efe876d4cc5054e2594dd77b675ee87170e
data/MBX_metabolomics_branch__SCFA_butyrate_raw.npz	6fae9a7f96cbf3af432ac8aaf9ec82cb5806965c10fb504df124f6a319b072c9
data/MBX_metabolomics_branch__aromatic_amino_acid_indole_features.csv	ee9958e8a8162bad7af3aa92abdc7bc698d74c1cfd08b5694e796d255b653293
data/MBX_metabolomics_branch__aromatic_amino_acid_indole_raw.npz	c8861560618c2d25f4cf6fb83b3ffe38769c47b03afa314cd35b84478915958f
data/MBX_metabolomics_branch__bile_acid_features.csv	b5014c5379d8f99769c1a39bbc80015a827334e7247db894736b4750827f3a79
data/MBX_metabolomics_branch__bile_acid_raw.npz	782fb8d9fcdf5d3455a2a41642bd7722c63e586e2568ca84ce34db6fa7bb313a
data/MBX_metabolomics_branch__oxidative_stress_lipid_features.csv	57565b5286ef6bdf94a37d466d5082e87fcf5026b5030f0e909a5b4d9f1f743c
data/MBX_metabolomics_branch__oxidative_stress_lipid_raw.npz	da5a7a65ca9c6420a3438db33485ab7d9ba8cf3c38c1822813180d4f6b72510d
data/MBX_metabolomics_branch_metadata.csv	c2ad88af99f7149b03b9504ba23cd57f7d2b79060ccaba24fa4da7fa17f0a9ef
data/all_model_predictions.csv	50c2725f6312a7228bbd0b561be1dbf60652827dcf455595c508d733c042e212
data/family_nested_OOF_predictions.csv	52b4e072a1d877e7d0f41c3d844988d472d3b64e6ac6c4852e0710231d536eee
data/inner_calibration_inputs.csv	837769c490efca213a737360ad6ec2123bb9535b6bc6f32280d79c1646808a90
data/inner_folds.csv	8a76819b45dad954b486f1d065b76afa84c69ffdc04758a394303a5f4464ca5a
data/inner_parameter_sensitivity.csv	ba7f4b89274cbdc2f444972038ecda46cec29535fddb88ffa63b913cb08f0841
data/isolation_audit.csv	c5ba632d638d00c4652c48628f30fb691de85a57f96dd1badbd351cd46b70e2d
data/locked_calibration_bins.csv	dd764948b56c9f2fb92ee7dec7b21bbdf0ab7c1fba0ef9d4eaca09103d29747c
data/locked_calibration_membership.csv	2e3c4c23704b9316dc583ad126721c575ffba9181287e1d601c5ed5cb34b7ccc
data/locked_predictions.csv	4ca8773c300b00512aeeef7e7dbce17a1c6f37db19c6c4e667c681070453ebad
data/module_MBX_metabolomics_branch_SCFA_butyrate_outer_0.csv	2c13cf870f9e918a01c47aa2f28f1960842e134298fbac307aa593cb68a6858f
data/module_MBX_metabolomics_branch_SCFA_butyrate_outer_1.csv	ef4ce8464102a382a78593fceaa9a5d7b39bcb7e1d4f2668e1ba02d8f200bfd6
data/module_MBX_metabolomics_branch_SCFA_butyrate_outer_2.csv	822882bc5532b333f5f6c459c8c6efab3996ff0bb1211aa2fba8e3896f7db22b
data/module_MBX_metabolomics_branch_SCFA_butyrate_outer_3.csv	ec4cc781d018d00966754469cc5b3a5c262c0ae148299dbcd9bddc519e51947f
data/module_MBX_metabolomics_branch_SCFA_butyrate_outer_4.csv	44a6289cd5336b01d700f8e588bb9e84fb6933b6bbf93dd66cc8326345b5fe72
data/module_MBX_metabolomics_branch_aromatic_amino_acid_indole_outer_0.csv	be1f259db123a871d0de5aaeb23a2534b9a4404b3855b21c303f7b3e0e1c5188
data/module_MBX_metabolomics_branch_aromatic_amino_acid_indole_outer_1.csv	43c7e8cccff9f50bfedfe84af3049f04ece38b339c4c22ad656b2854729dbeb5
data/module_MBX_metabolomics_branch_aromatic_amino_acid_indole_outer_2.csv	217e5272e7d873d1f7f4ea5654ea541c2684b6a417fd5a9ce70a867170c55e6a
data/module_MBX_metabolomics_branch_aromatic_amino_acid_indole_outer_3.csv	b3ccf3de142bc2a15a726b74c1681f8e0407edbd4952ed109e2a383660973f13
data/module_MBX_metabolomics_branch_aromatic_amino_acid_indole_outer_4.csv	7589e242ebcf91b8d244c61c79bfa6150d78c471d2bf731142bd6558bd0aabbc
data/module_MBX_metabolomics_branch_bile_acid_outer_0.csv	9db9d49e221c7180cb5c116b7dcf2b7923d277a23aeea1b8abf34ce6afdaeeb2
data/module_MBX_metabolomics_branch_bile_acid_outer_1.csv	4eedf0e23753e0df5378d98c5cb342a7d9ec47e9defb32c39152203c9dad0da5
data/module_MBX_metabolomics_branch_bile_acid_outer_2.csv	c9407506c5e75146f0e47f637aeea5a252cd1400788bd84099a7d6062bad319b
data/module_MBX_metabolomics_branch_bile_acid_outer_3.csv	58c0db3725892e11ca7fe5d241d711d4f651049963b37674825c63fff164041d
data/module_MBX_metabolomics_branch_bile_acid_outer_4.csv	0b5c68e0099e6187841c4158bbda0600bab267da847675c779ef0cae956600f9
data/module_MBX_metabolomics_branch_oxidative_stress_lipid_outer_0.csv	ffb94ed389de96fa73c74c9fe231d0ddd5908dd3528c08ca5868fcadd7e70416
data/module_MBX_metabolomics_branch_oxidative_stress_lipid_outer_1.csv	36f30c9cfcc9d6168449db1c714cd47b8b12e3bbba8a27a32c1be1b093b1150a
data/module_MBX_metabolomics_branch_oxidative_stress_lipid_outer_2.csv	04497478bdc2dbc51180a1da13e7a67939d499d98dfe99797efe264c3513df23
data/module_MBX_metabolomics_branch_oxidative_stress_lipid_outer_3.csv	c08a4dce1f29c516da2e7f789f633951339a3a0b0dcf41041a84ae44d4714d10
data/module_MBX_metabolomics_branch_oxidative_stress_lipid_outer_4.csv	63ec198cd03ed6f03b6a3e2a3249f8493fb5e78eaf830f3f41b0e4f0031d9594
data/module_outer_selected_parameters.csv	2f10dab38839021538d87d57aeea885b001ec63ecff11871267576c095fa7011
data/performance_and_paired_differences.csv	68aea8a7fb48f08ba6fe96ba9c8f629576575ae7aaa760c15064f2e2f41a755b
data/plot_data.json	16cf1dd61939085f27a353cbbed79201e1b0832be70d8ee97673549599a3f96a
data/selected_configurations.csv	82c1dac374931c5df6544cfe0f4e8ee78c79eb1af8dc5812af0eb83c69797d78
data/trajectory_selected_configurations.csv	24fb3a8d66b74950e399ec58d416909f0af1c72cfdeec3482e5e7b49c05e7183
data/upstream_isolation_audit.csv	f4735a22b1ca6e5f335c1e9a06f30fb29b618c0a94fd31930d701bdc6e1ebfc4
models/modules_fold_0.joblib	4bdab1104b65fdcce9b6edc95b5c9b2bb04f55303ab16410272ffe144eb24773
models/modules_fold_1.joblib	ab90f82a5a759df0a380c6fe9ffbcb7ae154ff21fa7036e5fb1a93b51015b4d7
models/modules_fold_2.joblib	d0755b67912f1acbf18a0865de0b53f5512f8f63490a42e7daf711cc5236d341
models/modules_fold_3.joblib	812ebadd60938b2f0ff2c0eb918794b5c824649b60b6c6df5028d0cb705c29a3
models/modules_fold_4.joblib	9e33ed96732c3a883b98c5ea10922b82853bdc42495b42d60ef5c5d3e13137b7
models/ridge_fold_0.joblib	b10299f556254b1df56e4a605cd1e60595d1b90f3554ea2ed05ff030a5991fe7
models/ridge_fold_1.joblib	97e04169b91574321b80acef299d34c20c3ff3f017e57f665b9836eeabaf0f09
models/ridge_fold_2.joblib	768f1d73aa87d9152d10c6ba4bc86a32cbea8950e66adfc8c1057eb0bfeb2282
models/ridge_fold_3.joblib	06599a1257a5c36ed9b9fa27b7388cfb836b02b70f83aecacbcc9698ed9581d6
models/ridge_fold_4.joblib	e6adc764a53dde58c9278493783adcecfb31314bf2f3979d2dea95cc51360188
models/upstream_MBX_metabolomics_branch_SCFA_butyrate_outer_0.joblib	1cabd375afbe2b155db2c4d85b5a5eb44a6e10ea0cdb4b1e3383133910c2ac43
models/upstream_MBX_metabolomics_branch_SCFA_butyrate_outer_0_inner_0.joblib	de6226bc7c836f3e862cc8c8a5dcbfded36347f4b4b01bbbf0098653bb39a2f9
models/upstream_MBX_metabolomics_branch_SCFA_butyrate_outer_0_inner_1.joblib	a07edd381e69ad89d8e9eaa88ec7b84a59f325510425d9141e8d1b3bd6546fdd
models/upstream_MBX_metabolomics_branch_SCFA_butyrate_outer_0_inner_2.joblib	d7d764db011915a3c88f1e60a9cf084df51251b2e7b0c1cba9ecd49dc37bba19
models/upstream_MBX_metabolomics_branch_SCFA_butyrate_outer_0_inner_3.joblib	134959ef35db31751ebf73bcc0e62cf1c687c9ec28ce1cc53fb95a9a83de03e8
models/upstream_MBX_metabolomics_branch_SCFA_butyrate_outer_1.joblib	e1681a6fc5bbd16f8c2db10ed992c1d79263bb69ac107fb5a5d8521e13e60d98
models/upstream_MBX_metabolomics_branch_SCFA_butyrate_outer_1_inner_0.joblib	41868107771f3cca12d517c9092feac77a6c81e918e26d2414b9751453aa951b
models/upstream_MBX_metabolomics_branch_SCFA_butyrate_outer_1_inner_1.joblib	6ccdfb462ab92f97893e9ae5cb1c2920f998da8a4fc526aca1911f39caa0cbb2
models/upstream_MBX_metabolomics_branch_SCFA_butyrate_outer_1_inner_2.joblib	4f9578516d1e4733de42997e001d5fd2cd7bfbaa5220db04a7d9dd8e0be24fcb
models/upstream_MBX_metabolomics_branch_SCFA_butyrate_outer_1_inner_3.joblib	4dd50301bb97f05a41209a8ca94f73c32c0ce97d11500086fea19afb64eb1b1c
models/upstream_MBX_metabolomics_branch_SCFA_butyrate_outer_2.joblib	3256d669e8752b6fe79772ff716755dc51e974354ca5ea0975fba4242b25786c
models/upstream_MBX_metabolomics_branch_SCFA_butyrate_outer_2_inner_0.joblib	a63a52029dd61e092e0a2942fed607fd728ed4519dc73160d7b0cc3b1e660e5f
models/upstream_MBX_metabolomics_branch_SCFA_butyrate_outer_2_inner_1.joblib	3822baf7baffd7ae5ff58fe543abc06d4e54f7a7b5efe79237403656795cf4c2
models/upstream_MBX_metabolomics_branch_SCFA_butyrate_outer_2_inner_2.joblib	e0bdcb1152b81d13f36af518c44c516dd1793698787fb6366bf197be869ce501
models/upstream_MBX_metabolomics_branch_SCFA_butyrate_outer_2_inner_3.joblib	201acc6b2b358c34c32bf92d49f7ca38b3959583d3ded6ba4bf400aebf63f133
models/upstream_MBX_metabolomics_branch_SCFA_butyrate_outer_3.joblib	8e16c7e243ea051465440ceff50776eb6741718b915e0fb6ca08eb7294bb55d3
models/upstream_MBX_metabolomics_branch_SCFA_butyrate_outer_3_inner_0.joblib	457e59bc63c58573db24ce040af5abdd5f8e479e15c807efe09d8114a537fb3d
models/upstream_MBX_metabolomics_branch_SCFA_butyrate_outer_3_inner_1.joblib	97988615b9f96d75ef3015aec7192c13e02ee603a1ee08eaa7bafcde0b14d1f6
models/upstream_MBX_metabolomics_branch_SCFA_butyrate_outer_3_inner_2.joblib	154fcbfe1095940f82031edb6225645af8d360f144ec95a1fd1c61691b725e6e
models/upstream_MBX_metabolomics_branch_SCFA_butyrate_outer_3_inner_3.joblib	39f60a4e8ea1b5007b47856a3c98a9daf70f08152d53557098197a549762b703
models/upstream_MBX_metabolomics_branch_SCFA_butyrate_outer_4.joblib	dff07e3960bdd17b53bee8475e253fd56de13621a520a4234b3db461393a2ff3
models/upstream_MBX_metabolomics_branch_SCFA_butyrate_outer_4_inner_0.joblib	2ba3cb41f6125dab2808cc977fd4630115f7171f487868303b84e65dede93cf8
models/upstream_MBX_metabolomics_branch_SCFA_butyrate_outer_4_inner_1.joblib	f8bcbc56c97fc989e60411d13ea942fee79752fe7f8c2bb95e857be52bd48f55
models/upstream_MBX_metabolomics_branch_SCFA_butyrate_outer_4_inner_2.joblib	b9bc6afe8f09363b99f9958c18e8ef75e1c293b2e67589df0d1d317d98912ae8
models/upstream_MBX_metabolomics_branch_SCFA_butyrate_outer_4_inner_3.joblib	9fe57bf98384c9d012bdb4ba11260aa2d618c6aeeed10f97899cc8fea1981f18
models/upstream_MBX_metabolomics_branch_aromatic_amino_acid_indole_outer_0.joblib	0f72ee889799b3cc79738da530549ffd3aedb56570390574ca944416b2ebb299
models/upstream_MBX_metabolomics_branch_aromatic_amino_acid_indole_outer_0_inner_0.joblib	aed0ec9f151552067aa38a629f2f0c2cd613af1a2caea064013b8e628e1ee7e9
models/upstream_MBX_metabolomics_branch_aromatic_amino_acid_indole_outer_0_inner_1.joblib	6354f666ae0feb49059c3b10f29ff006dd054db8bbb8b54ceafea63db9a30d3c
models/upstream_MBX_metabolomics_branch_aromatic_amino_acid_indole_outer_0_inner_2.joblib	468d71016c9828a69701a50c2b144137a77956c0f3b97a7b8579b82232aad8f5
models/upstream_MBX_metabolomics_branch_aromatic_amino_acid_indole_outer_0_inner_3.joblib	84fa9a44ef7e3b57178a1411b8f0ebd5ef2e34ff19fbccf4a38b8dfe72c555f4
models/upstream_MBX_metabolomics_branch_aromatic_amino_acid_indole_outer_1.joblib	51e6fbf22d35f8d80e5f6e8579aa1eb9afc45e2d296c78fd4c4344de55e3032b
models/upstream_MBX_metabolomics_branch_aromatic_amino_acid_indole_outer_1_inner_0.joblib	698d1e6bc757c53c68c62a2a6b63ae8189ab0c2c510bb723bbf9a0df6282236d
models/upstream_MBX_metabolomics_branch_aromatic_amino_acid_indole_outer_1_inner_1.joblib	cb1a1ec0c09a93ac1aaef93d664db786d137a49d003dfa20835aaab6e035fa2c
models/upstream_MBX_metabolomics_branch_aromatic_amino_acid_indole_outer_1_inner_2.joblib	8f3615bec28c43f9c1d3be6316d19cf6f70b19dc052a14967566a55dd8f4c5ba
models/upstream_MBX_metabolomics_branch_aromatic_amino_acid_indole_outer_1_inner_3.joblib	d4f1ff1d031c3f110d7da92e7b0960a9dd62c3cd919fd70b846f944a0ae4e7da
models/upstream_MBX_metabolomics_branch_aromatic_amino_acid_indole_outer_2.joblib	a02e7e0699a8a7e14a7d933a837ac3b4abdb174c9e8486d1912f3201aa4d39c0
models/upstream_MBX_metabolomics_branch_aromatic_amino_acid_indole_outer_2_inner_0.joblib	1972915d5b31907afda66b01ba9ca983d2c3d2c42b193c0867da473eef1350e6
models/upstream_MBX_metabolomics_branch_aromatic_amino_acid_indole_outer_2_inner_1.joblib	b651afc899a9a97ae5e51412b91ad693c462e93d74f40e01fbd9de0e554ff668
models/upstream_MBX_metabolomics_branch_aromatic_amino_acid_indole_outer_2_inner_2.joblib	fe35e3c9b5b9485b628df5828b2cce5e71c5e64ce95b58909247942190d4f40a
models/upstream_MBX_metabolomics_branch_aromatic_amino_acid_indole_outer_2_inner_3.joblib	42cd44712ddd9c9678de0ea63c3b08c37a29995d5b769fe2d67bad19029a157b
models/upstream_MBX_metabolomics_branch_aromatic_amino_acid_indole_outer_3.joblib	bc2f1cb8f4f62682430ef2363f56c9a722776a158b5a71faecd04c36697b2dad
models/upstream_MBX_metabolomics_branch_aromatic_amino_acid_indole_outer_3_inner_0.joblib	4b9f2796c82eb0b3da352d605a1fb36ee7457bec68cdfc8e364d3573ae61c91e
models/upstream_MBX_metabolomics_branch_aromatic_amino_acid_indole_outer_3_inner_1.joblib	a5bb3a0db7e7ff84d30bf7a1d98b8d554523a8feb38762e71424375eade2805f
models/upstream_MBX_metabolomics_branch_aromatic_amino_acid_indole_outer_3_inner_2.joblib	3235e7f15195aeb8ca63e5dab58f837da54cf71a9f272b2963ed3044fdffa4ab
models/upstream_MBX_metabolomics_branch_aromatic_amino_acid_indole_outer_3_inner_3.joblib	649e9e70f8ef9c20e7556e5376085456a71cc7dbdf4edd96aa49610fc09bc3d7
models/upstream_MBX_metabolomics_branch_aromatic_amino_acid_indole_outer_4.joblib	81c39662a6cdd3d01f676be9fd48ed904dbeaadd00ff0a611da3e699ee3f2703
models/upstream_MBX_metabolomics_branch_aromatic_amino_acid_indole_outer_4_inner_0.joblib	9faa478ab812b209d4e60deb5cc96eaf22989fd2f0ead994188e9912084c252e
models/upstream_MBX_metabolomics_branch_aromatic_amino_acid_indole_outer_4_inner_1.joblib	d2bd61be170389c114cae35f1162de42ca60ddd065fd385635f8897b2a7d4702
models/upstream_MBX_metabolomics_branch_aromatic_amino_acid_indole_outer_4_inner_2.joblib	aae1193001ffb5d01c16200ecb58ce3231f7de823fdc703daaaffba8f9ecef95
models/upstream_MBX_metabolomics_branch_aromatic_amino_acid_indole_outer_4_inner_3.joblib	3b7df3376c616827d286337f2778c0f64b90c67cdbd33dd6144ea100fc0552b2
models/upstream_MBX_metabolomics_branch_bile_acid_outer_0.joblib	c377e23073b28b12b7c9f483c6046a0b2592d6bba87638346777ac7cae972b20
models/upstream_MBX_metabolomics_branch_bile_acid_outer_0_inner_0.joblib	b55d02df56da6386ed394224b64552989752025463b5c9779d176682377e7977
models/upstream_MBX_metabolomics_branch_bile_acid_outer_0_inner_1.joblib	e7b3751a9725910318d2d38cb0d83d9fea4048980b6db5f89155c66b9f19d842
models/upstream_MBX_metabolomics_branch_bile_acid_outer_0_inner_2.joblib	8e135b8ac8ee52a4a9581e37e64b0b2ec9546048fb664fa2d492b9f4bf6b6d6f
models/upstream_MBX_metabolomics_branch_bile_acid_outer_0_inner_3.joblib	5cf3f95d521c7d6cc0ac2e52509f9a12a82b32173bf6d673ad09aa9ff06faed4
models/upstream_MBX_metabolomics_branch_bile_acid_outer_1.joblib	4808496ac1b4e601ada08cf38aa7a70192f0b1ee9943d082d896e5539b41fa15
models/upstream_MBX_metabolomics_branch_bile_acid_outer_1_inner_0.joblib	ef322ef0283d6eab000862b27633affd833eaa286e6572634ffe8e6af20be072
models/upstream_MBX_metabolomics_branch_bile_acid_outer_1_inner_1.joblib	3f4e2fbc63f01888f39d26baac0e41da51b6fb7921a85f5387f9ba41a4ba9dd5
models/upstream_MBX_metabolomics_branch_bile_acid_outer_1_inner_2.joblib	0ceb5668ac1e33ba3b88bd88cbbe68b62ddb535bc22039df8e26658ffde90bfd
models/upstream_MBX_metabolomics_branch_bile_acid_outer_1_inner_3.joblib	81dbe6fa28754e0196467ca9826e2f76ab4fc9f693c3eea6c7822aeafce7c545
models/upstream_MBX_metabolomics_branch_bile_acid_outer_2.joblib	c8ba2cacea7fa499b2e2fa2f3ff8899032c8cf0401d93f00ef4dbf831676f373
models/upstream_MBX_metabolomics_branch_bile_acid_outer_2_inner_0.joblib	b0999e393cfb1be9d293323e1acfcad5ec6a3bf536a983b6729f9c30930c6a96
models/upstream_MBX_metabolomics_branch_bile_acid_outer_2_inner_1.joblib	179f9097b8da549e274c29eaf7f3cf9240fb53a280ca895cd4256246aa69ffa9
models/upstream_MBX_metabolomics_branch_bile_acid_outer_2_inner_2.joblib	5c1a361a1672c6058a9e26816375b8c568d2b05ebed872e7b01e6842b8eb5a3b
models/upstream_MBX_metabolomics_branch_bile_acid_outer_2_inner_3.joblib	322b7d5a7d9c47a28c7d3b6c8fefb83932de7f389d9a2b43635a029a4b414b4b
models/upstream_MBX_metabolomics_branch_bile_acid_outer_3.joblib	de1b73f4db57fec00859ed9d3544d65ec1425c91f670c8cfd9e84754f21f34f4
models/upstream_MBX_metabolomics_branch_bile_acid_outer_3_inner_0.joblib	1bb20fe3c1211f2f4b57198d3d621e599a8c717c25e3cfb2a574dfbdc47dd0fe
models/upstream_MBX_metabolomics_branch_bile_acid_outer_3_inner_1.joblib	c4e66a4fa1b332eb5af52096990be238b9b6044843fba276152d4bcb4ee0d8f6
models/upstream_MBX_metabolomics_branch_bile_acid_outer_3_inner_2.joblib	b4efe6a9e043ec17b05730b0f01bcea1fbb0e850ddc461bc7ffca5cf72f8dd6f
models/upstream_MBX_metabolomics_branch_bile_acid_outer_3_inner_3.joblib	9c38a9c6cf436511e1cb87053ac41a4eb7669002016f4ccd14da32e4cb5fbacd
models/upstream_MBX_metabolomics_branch_bile_acid_outer_4.joblib	d90604655118a75ca882fab7f11bd6fc6366be8e4b76f6a1c62417377d15c6eb
models/upstream_MBX_metabolomics_branch_bile_acid_outer_4_inner_0.joblib	abc208ab7a7249b5a39f4f8f248dbc080645551761a1e60e2f8484bde3c23818
models/upstream_MBX_metabolomics_branch_bile_acid_outer_4_inner_1.joblib	811ca8f8902232b0fa01d6cf7baedf3e629cd9a1646bc199f166839838268607
models/upstream_MBX_metabolomics_branch_bile_acid_outer_4_inner_2.joblib	9bf5fad69b08abc128dc14453cfb42504c84d3e5341241cc353b102cc0cfcc63
models/upstream_MBX_metabolomics_branch_bile_acid_outer_4_inner_3.joblib	6e19ade19e6111b2f3f6b4c0679ba75f7f6071c20b493ac4e65b6c08ff5eca8f
models/upstream_MBX_metabolomics_branch_oxidative_stress_lipid_outer_0.joblib	45a70131081e5f97b75010e945e1f1ce7c3aa1636ccc249e60fcc9638b66f3fe
models/upstream_MBX_metabolomics_branch_oxidative_stress_lipid_outer_0_inner_0.joblib	760c816469adabf8d1ce7dc5247807452dd291ae38628ac7a5d4382296e09f48
models/upstream_MBX_metabolomics_branch_oxidative_stress_lipid_outer_0_inner_1.joblib	b43b8c4ff7abdc811cd366814fb297b778f518069d5e3ec283b141742474c13b
models/upstream_MBX_metabolomics_branch_oxidative_stress_lipid_outer_0_inner_2.joblib	2395ebb590ec432f390b86bba887f7b5329ddc70bb9db52d9f23a2f96c626672
models/upstream_MBX_metabolomics_branch_oxidative_stress_lipid_outer_0_inner_3.joblib	fd9ec66137d026bf7e6cc73b659bfb0482944f39d9c54fc8106098cf006b2e2a
models/upstream_MBX_metabolomics_branch_oxidative_stress_lipid_outer_1.joblib	d6dd767a5fbcb1ac53d9238dc0a5faeaff771f45a32833bbd466029ebe81cfe0
models/upstream_MBX_metabolomics_branch_oxidative_stress_lipid_outer_1_inner_0.joblib	dc33da234858f973327b0fc1ce7a49a470bdf85e8d7dea95d6323f24bc3e6baf
models/upstream_MBX_metabolomics_branch_oxidative_stress_lipid_outer_1_inner_1.joblib	71ab5130cbabeea8cc600dfb78c9081f3b6fbb3808c56ccf6b121aee454b6a3c
models/upstream_MBX_metabolomics_branch_oxidative_stress_lipid_outer_1_inner_2.joblib	b194f85d09f71938b008b80eba772fee1e91d2c7616ecd87c1d8e347eea0bbc5
models/upstream_MBX_metabolomics_branch_oxidative_stress_lipid_outer_1_inner_3.joblib	16589158228d9054c5192bd39afe59bd91d2bd9fe3b3f2fe4076d2e4a29560b3
models/upstream_MBX_metabolomics_branch_oxidative_stress_lipid_outer_2.joblib	4903931737dfcb5ef1c90c21b1cbbdc1fd8022ad8163910bdc29f2d674eb4c3e
models/upstream_MBX_metabolomics_branch_oxidative_stress_lipid_outer_2_inner_0.joblib	37e6cae2d8cf5eea0f8cc43a1b1d5b0e14402bbc3ebff10a45c180ca9fa260b1
models/upstream_MBX_metabolomics_branch_oxidative_stress_lipid_outer_2_inner_1.joblib	64f77e5e72ae9d6bf6161cf88fa3daf20c2a29ce2f32ee684ba1b07e22b4e715
models/upstream_MBX_metabolomics_branch_oxidative_stress_lipid_outer_2_inner_2.joblib	cf2c43949acdbcfb8e24c519b354b68fd5258704610680fd56aeaaf6541d5291
models/upstream_MBX_metabolomics_branch_oxidative_stress_lipid_outer_2_inner_3.joblib	b47954ebc1c85e77cb57760e34ba5475a3883c41a536103454aa0fea49368591
models/upstream_MBX_metabolomics_branch_oxidative_stress_lipid_outer_3.joblib	7bd8be82e9a3541899dd6b1f7facc4201857cc3bac1b7168e12392bb380ff96e
models/upstream_MBX_metabolomics_branch_oxidative_stress_lipid_outer_3_inner_0.joblib	ce25b6d7daaf9261c759a4fc4a1aef8644ff984059f95044586750519125c05b
models/upstream_MBX_metabolomics_branch_oxidative_stress_lipid_outer_3_inner_1.joblib	3b67323c54ac525d0344748225c0430954e6e914817e40edd67943252a6bc58e
models/upstream_MBX_metabolomics_branch_oxidative_stress_lipid_outer_3_inner_2.joblib	e0db80b0ca959eaab6f7c3135a4421fe126eb1733ff2c272d74ae511b475bca0
models/upstream_MBX_metabolomics_branch_oxidative_stress_lipid_outer_3_inner_3.joblib	bd4bbdd1269c9f4dc516e852237425d4e45edf056fa065c5ade66972c18926e3
models/upstream_MBX_metabolomics_branch_oxidative_stress_lipid_outer_4.joblib	4f7cd815d9c3ed231d7bca82cc5a3b9a8db54c5ae8b41a7dc25b6461769c011e
models/upstream_MBX_metabolomics_branch_oxidative_stress_lipid_outer_4_inner_0.joblib	c523de9509663566deb37852e2e0daeccf526cf67d1133e9da3f4179de01b8ca
models/upstream_MBX_metabolomics_branch_oxidative_stress_lipid_outer_4_inner_1.joblib	19f69a31406fbbe47472a3254234cdae46b2b25da4d724337b9c52a81d4fc1c5
models/upstream_MBX_metabolomics_branch_oxidative_stress_lipid_outer_4_inner_2.joblib	26dc8c4d5e2fe88c2cabc7193de59e12050e6957bd44b1778c2e1db785acb447
models/upstream_MBX_metabolomics_branch_oxidative_stress_lipid_outer_4_inner_3.joblib	22c94ed664fdf5b302c1acc95d0cda0940b05628dc6eb7a2796d5f59b231f1aa
replay_verification.json	639a2d055e53762ef646a9e421d67d8b6dbcffe3c92bc6e94c095a0d6d389084
verification.json	2dd21193fe5c223531e6e81458aa31b595a38bde2e3460f05401e47b9b27bfea
问题与修改对照.csv	4ab04eda2ea4c80c4d776b5f6b1a9c64c4a1f8667fe52d49e35df4048f35bde8
