sample_t2,participant_id,Antibiotics,Chemotherapy,Immunosuppressants (e.g. oral corticosteroids),hbi,sccai,fecalcal
CSM5FZ4C,C3001,No,No,No,3.0,,61.34
CSM5MCVV,C3001,No,No,No,3.0,,115.27
CSM67UA2,C3001,No,No,No,4.0,,23.2035
CSM5FZ44,C3002,No,No,Yes,7.0,,54.33
CSM5MCVN,C3002,No,Yes,Yes,4.0,,15.97901
CSM67UBN,C3002,No,Yes,No,7.0,,16.3245
CSM5FZ4K,C3003,Yes,No,No,,2.0,5.54
CSM5MCYK,C3003,No,No,Yes,,3.0,22.61051
CSM67UBZ,C3003,Yes,No,Yes,,2.0,12.7
CSM5MCUC,C3004,No,No,No,,1.0,5.14
CSM5MCXL,C3004,No,No,No,,1.0,14.8241
CSM67UDN,C3004,No,No,No,,4.0,70.91411
CSM5MCUU,C3005,No,No,No,,0.0,143.51
CSM5MCY8,C3005,No,No,No,,0.0,229.0473
CSM67UEA,C3005,No,No,No,,1.0,232.6062
CSM5MCUM,C3006,No,No,No,,1.0,22.86
CSM5MCX3,C3006,No,No,No,,1.0,12.69817
CSM67UFZ,C3006,No,No,No,,1.0,13.38681
CSM67UAA,C3009,No,No,No,2.0,,22.7858
CSM79HI7,C3009,No,No,No,0.0,,20.7
CSM5MCXZ,C3010,Yes,No,No,2.0,,15.87347
CSM67UCK,C3010,Yes,No,No,1.0,,17.67627
CSM5MCYO,C3011,No,No,Yes,,3.0,275.7572
CSM67UEW,C3011,No,Yes,No,,2.0,208.3197
CSM5MCZF,C3012,No,No,Yes,0.0,,15.40007
CSM67UGO,C3012,No,No,Yes,0.0,,35.45868
CSM67U9P,C3013,No,No,Yes,,5.0,351.3922
CSM79HGH,C3013,No,No,Yes,,3.0,328.0686
CSM67UAQ,C3015,No,No,No,,0.0,14.61523
CSM7KOPI,C3015,No,No,No,,1.0,12.33395
CSM67UB1,C3016,No,No,Yes,2.0,,277.9875
CSM79HIT,C3016,No,No,Yes,5.0,,275.2
CSM7KOPS,C3016,Yes,No,Yes,,,354.233
CSM67UBB,C3017,Yes,No,No,1.0,,11.9
CSM79HJ6,C3017,No,No,No,1.0,,12.5
CSM7KOQZ,C3017,Yes,No,No,1.0,,12.36465
CSM79HGZ,C3022,No,No,No,,,23.3
CSM7KOOH,C3022,No,No,No,,,17.58098
CSM7KOOR,C3022,No,No,No,,,16.02417
CSM79HH8,C3023,No,No,No,0.0,,17.3
CSM7KONC,C3023,No,No,No,2.0,,18.49466
CSM7KONK,C3023,No,No,No,3.0,,20.61123
CSM79HJS,C3027,No,No,No,4.0,,15.1
CSM7KOOV,C3027,No,No,Yes,2.0,,17.64143
CSM7KOPC,C3032,No,No,No,,0.0,35.74413
CSM7KOU9,C3032,No,No,No,,0.0,29.84424
CSM7KOUF,C3032,No,No,No,,1.0,17.89623
CSM7KORU,C3034,Yes,No,Yes,,2.0,15.14249
CSM9X1XW,C3034,Yes,No,No,,3.0,33.85729
ESM5GEZ6,E5004,No,No,Yes,,2.0,160.14
ESM5MEBU,E5004,No,No,No,,2.0,102.8522
ESM5MEC5,E5004,No,No,No,,1.0,146.013
ESM5MEDD,E5009,No,No,No,2.0,,16.32991
ESM718UH,E5009,No,No,No,2.0,,12.34741
ESM718V8,E5013,No,No,Yes,0.0,,25.06634
ESM718TM,E5013,No,No,Yes,0.0,,166.0602
HSM5MD7W,H4001,No,No,No,0.0,,264.93
HSM5MD5K,H4001,No,No,No,0.0,,262.2
HSM5MD7H,H4001,No,No,No,0.0,,272.6567
HSM5MD79,H4001,No,No,No,0.0,,276.6088
HSM5MD4W,H4004,No,No,Yes,2.0,,181.85
HSM5MD5P,H4004,No,No,No,0.0,,171.8309
HSM6XRSG,H4004,No,No,No,1.0,,47.07077
HSM7CYZT,H4004,No,No,No,5.0,,25.6
HSM5MD4A,H4006,No,No,No,0.0,,136.72
HSM5MD7O,H4006,Yes,No,No,8.0,,386.3537
HSM67VEE,H4006,No,No,No,0.0,,184.8429
HSM5MD4O,H4007,No,No,No,2.0,,330.9747
HSM5MD5D,H4008,No,No,No,,,37.41064
HSM6XRSZ,H4008,No,No,No,,,191.3702
HSM67VFZ,H4008,No,No,No,,,61.84868
HSM5MD8B,H4009,No,No,No,,,12.92459
HSM6XRTC,H4009,No,No,No,,,21.27774
HSM67VGA,H4009,No,No,No,,,45.30781
HSM5MD43,H4010,No,No,No,,0.0,349.4477
HSM5MD3Y,H4010,No,No,No,,0.0,13.5934
HSM6XRTM,H4010,No,No,No,,3.0,201.4994
HSM6XRRJ,H4013,Yes,No,No,,,15.27233
HSM6XRVC,H4013,No,No,No,,,15.1
HSM6XRVK,H4013,No,No,No,,,13.1
HSM5MD6A,H4014,No,No,No,1.0,,347.3843
HSM6XRRV,H4014,No,No,No,3.0,,350.6742
HSM6XRVO,H4014,No,No,No,0.0,,41.8
HSM5MD73,H4015,No,No,No,5.0,,291.0686
HSM7CYZ7,H4015,No,No,No,2.0,,401.4
HSM67VF3,H4016,No,No,No,,,14.39464
HSM7J4I3,H4016,No,No,No,,,24.55925
HSM67VFR,H4018,No,No,No,,,17.04973
HSM7J4LD,H4018,No,No,No,,,44.70536
HSM6XRRD,H4019,No,Yes,Yes,,1.0,59.76802
HSM6XRV2,H4019,No,Yes,No,,1.0,420.94
HSM7J4M4,H4019,No,Yes,No,,1.0,211.0293
HSM67VES,H4022,No,No,No,,,13.8104
HSM7CYZJ,H4022,No,No,No,,,24.2
HSM7J4G1,H4022,No,No,No,,,64.90233
HSM6XRQ8,H4023,No,No,No,,,27.3
HSM7J4HC,H4023,No,No,No,,,51.7
HSM7J4KC,H4023,No,No,No,,,141.4733
HSM7J4O1,H4024,No,No,No,,,14.65366
HSM7J4NE,H4027,No,No,No,,2.0,161.6461
HSMA33O1,H4027,No,No,No,,1.0,28.96397
HSM7J4MK,H4031,No,No,No,,,21.9477
HSM7J4JZ,H4035,No,No,No,,1.0,411.0461
HSM7J4K8,H4035,No,No,No,,2.0,318.4135
HSMA33OR,H4035,No,No,No,,5.0,283.0565
MSM5LLHZ,M2008,No,No,No,,3.0,128.53
MSM5LLHQ,M2008,No,No,No,,4.0,223.09
MSM5LLDA,M2008,No,No,No,,6.0,258.0824
MSM5FZA2,M2014,No,No,No,3.0,,173.05
MSM5LLGH,M2014,No,No,Yes,0.0,,242.8
MSM6J2IQ,M2014,No,No,Yes,0.0,,168.336
MSM6J2J1,M2014,No,No,Yes,4.0,,261.5369
MSM5LLHM,M2025,No,Yes,No,1.0,,
MSM6J2J5,M2025,No,Yes,No,7.0,,18.94187
MSM6J2PE,M2025,No,Yes,No,1.0,,14.46604
MSM5LLFO,M2026,No,No,No,,0.0,226.15
MSM5LLH8,M2027,No,No,No,2.0,,7.87
MSM6J2KE,M2027,No,No,No,2.0,,20.02012
MSM5LLGR,M2028,No,No,No,2.0,,74.17
MSM5LLF4,M2034,No,No,No,2.0,,13.33663
MSM6J2QP,M2039,No,No,No,,,12.53926
MSM79H7Q,M2047,No,No,No,,,23.97696
MSM79H7Y,M2047,No,No,No,,,16.89522
MSM9VZF7,M2060,No,No,No,,,41.02403
MSM9VZGO,M2061,No,No,No,,,15.47578
MSM9VZEK,M2068,Yes,No,No,4.0,,50.42217
MSM9VZES,M2068,No,No,No,1.0,,14.00943
MSM9VZEW,M2069,No,No,No,,2.0,26.67211
MSM9VZOI,M2072,No,Yes,No,,,64.54146
MSM79H8J,M2075,No,No,No,,,14.48929
MSM9VZJZ,M2075,No,No,No,,,14.82121
MSM9VZH1,M2075,No,No,No,,,38.4
MSM9VZFR,M2079,No,No,No,,,14.71798
MSM9VZKE,M2079,No,No,No,,,14.34836
MSM9VZMU,M2084,No,No,No,,,14.50411
MSM9VZL9,M2084,No,No,No,,,16.9985
MSM9VZPL,M2085,No,No,Yes,2.0,,221.8975
MSMA26CX,M2085,No,No,No,4.0,,223.8676
MSMAPC6G,M2085,No,No,No,2.0,,220.0929
PSM6XBQY,P6005,No,No,No,2.0,,324.1712
PSM6XBSS,P6005,No,No,No,1.0,,264.9
PSM6XBS6,P6009,No,No,No,3.0,,38.68637
PSM7J1CK,P6009,No,No,No,5.0,,36.46184
PSM7J1CU,P6009,No,No,No,4.0,,30.0688
PSM6XBSK,P6010,No,No,Yes,4.0,,274.9504
PSM6XBUO,P6010,No,No,Yes,2.0,,223.5587
PSM7J14L,P6010,No,Yes,Yes,6.0,,236.5821
PSM7J158,P6016,No,No,Yes,,,85.46661
PSM7J15M,P6018,No,No,No,,,13.30914
PSM7J12J,P6024,No,No,No,2.0,,289.2262
PSM7J12R,P6024,No,No,No,1.0,,260.4
PSMA267P,P6035,No,No,No,,2.0,14.57958
