branch_model_name,matrix_path,metadata_path,feature_path,source_dir,resource_source
16S_composition_branch,/Users/mac/Downloads/HMP2_processed_by_omics/18_extract_branch_sparse_model_matrices_20260701_090635/branch_sparse_matrices/16S_composition_branch_X.npz,/Users/mac/Downloads/HMP2_processed_by_omics/18_extract_branch_sparse_model_matrices_20260701_090635/branch_metadata/16S_composition_branch_metadata.csv,/Users/mac/Downloads/HMP2_processed_by_omics/18_extract_branch_sparse_model_matrices_20260701_090635/branch_features/16S_composition_branch_features.csv,/Users/mac/Downloads/HMP2_processed_by_omics/18_extract_branch_sparse_model_matrices_20260701_090635,31b_exact_complete_resource_match
Host_transcriptomics_branch,/Users/mac/Downloads/HMP2_processed_by_omics/18_extract_branch_sparse_model_matrices_20260701_090635/branch_sparse_matrices/Host_transcriptomics_branch_X.npz,/Users/mac/Downloads/HMP2_processed_by_omics/18_extract_branch_sparse_model_matrices_20260701_090635/branch_metadata/Host_transcriptomics_branch_metadata.csv,/Users/mac/Downloads/HMP2_processed_by_omics/18_extract_branch_sparse_model_matrices_20260701_090635/branch_features/Host_transcriptomics_branch_features.csv,/Users/mac/Downloads/HMP2_processed_by_omics/18_extract_branch_sparse_model_matrices_20260701_090635,31b_exact_complete_resource_match
MBX_metabolomics_branch,/Users/mac/Downloads/HMP2_processed_by_omics/18_extract_branch_sparse_model_matrices_20260701_090635/branch_sparse_matrices/MBX_metabolomics_branch_X.npz,/Users/mac/Downloads/HMP2_processed_by_omics/18_extract_branch_sparse_model_matrices_20260701_090635/branch_metadata/MBX_metabolomics_branch_metadata.csv,/Users/mac/Downloads/HMP2_processed_by_omics/18_extract_branch_sparse_model_matrices_20260701_090635/branch_features/MBX_metabolomics_branch_features.csv,/Users/mac/Downloads/HMP2_processed_by_omics/18_extract_branch_sparse_model_matrices_20260701_090635,31b_exact_complete_resource_match
MGX_EC_function_branch,/Users/mac/Downloads/HMP2_processed_by_omics/18_extract_branch_sparse_model_matrices_20260701_090635/branch_sparse_matrices/MGX_EC_function_branch_X.npz,/Users/mac/Downloads/HMP2_processed_by_omics/18_extract_branch_sparse_model_matrices_20260701_090635/branch_metadata/MGX_EC_function_branch_metadata.csv,/Users/mac/Downloads/HMP2_processed_by_omics/18_extract_branch_sparse_model_matrices_20260701_090635/branch_features/MGX_EC_function_branch_features.csv,/Users/mac/Downloads/HMP2_processed_by_omics/18_extract_branch_sparse_model_matrices_20260701_090635,31b_exact_complete_resource_match
MGX_pathway_function_branch,/Users/mac/Downloads/HMP2_processed_by_omics/18_extract_branch_sparse_model_matrices_20260701_090635/branch_sparse_matrices/MGX_pathway_function_branch_X.npz,/Users/mac/Downloads/HMP2_processed_by_omics/18_extract_branch_sparse_model_matrices_20260701_090635/branch_metadata/MGX_pathway_function_branch_metadata.csv,/Users/mac/Downloads/HMP2_processed_by_omics/18_extract_branch_sparse_model_matrices_20260701_090635/branch_features/MGX_pathway_function_branch_features.csv,/Users/mac/Downloads/HMP2_processed_by_omics/18_extract_branch_sparse_model_matrices_20260701_090635,31b_exact_complete_resource_match
MGX_taxonomy_branch,/Users/mac/Downloads/HMP2_processed_by_omics/18_extract_branch_sparse_model_matrices_20260701_090635/branch_sparse_matrices/MGX_taxonomy_branch_X.npz,/Users/mac/Downloads/HMP2_processed_by_omics/18_extract_branch_sparse_model_matrices_20260701_090635/branch_metadata/MGX_taxonomy_branch_metadata.csv,/Users/mac/Downloads/HMP2_processed_by_omics/18_extract_branch_sparse_model_matrices_20260701_090635/branch_features/MGX_taxonomy_branch_features.csv,/Users/mac/Downloads/HMP2_processed_by_omics/18_extract_branch_sparse_model_matrices_20260701_090635,31b_exact_complete_resource_match
MPX_EC_function_branch,/Users/mac/Downloads/HMP2_processed_by_omics/30b2_build_MPX_EC_KO_functional_module_matrices_20260701_170642/branch_sparse_matrices/MPX_EC_function_branch.npz,/Users/mac/Downloads/HMP2_processed_by_omics/30b2_build_MPX_EC_KO_functional_module_matrices_20260701_170642/branch_metadata/MPX_EC_function_branch_metadata.csv,/Users/mac/Downloads/HMP2_processed_by_omics/30b2_build_MPX_EC_KO_functional_module_matrices_20260701_170642/branch_features/MPX_EC_function_branch_features.csv,/Users/mac/Downloads/HMP2_processed_by_omics/30b2_build_MPX_EC_KO_functional_module_matrices_20260701_170642,31b_exact_complete_resource_match
MPX_KO_function_branch,/Users/mac/Downloads/HMP2_processed_by_omics/30b2_build_MPX_EC_KO_functional_module_matrices_20260701_170642/branch_sparse_matrices/MPX_KO_function_branch.npz,/Users/mac/Downloads/HMP2_processed_by_omics/30b2_build_MPX_EC_KO_functional_module_matrices_20260701_170642/branch_metadata/MPX_KO_function_branch_metadata.csv,/Users/mac/Downloads/HMP2_processed_by_omics/30b2_build_MPX_EC_KO_functional_module_matrices_20260701_170642/branch_features/MPX_KO_function_branch_features.csv,/Users/mac/Downloads/HMP2_processed_by_omics/30b2_build_MPX_EC_KO_functional_module_matrices_20260701_170642,31b_exact_complete_resource_match
MTX_EC_activity_branch,/Users/mac/Downloads/HMP2_processed_by_omics/18_extract_branch_sparse_model_matrices_20260701_090635/branch_sparse_matrices/MTX_EC_activity_branch_X.npz,/Users/mac/Downloads/HMP2_processed_by_omics/18_extract_branch_sparse_model_matrices_20260701_090635/branch_metadata/MTX_EC_activity_branch_metadata.csv,/Users/mac/Downloads/HMP2_processed_by_omics/18_extract_branch_sparse_model_matrices_20260701_090635/branch_features/MTX_EC_activity_branch_features.csv,/Users/mac/Downloads/HMP2_processed_by_omics/18_extract_branch_sparse_model_matrices_20260701_090635,31b_exact_complete_resource_match
MTX_pathway_activity_branch,/Users/mac/Downloads/HMP2_processed_by_omics/18_extract_branch_sparse_model_matrices_20260701_090635/branch_sparse_matrices/MTX_pathway_activity_branch_X.npz,/Users/mac/Downloads/HMP2_processed_by_omics/18_extract_branch_sparse_model_matrices_20260701_090635/branch_metadata/MTX_pathway_activity_branch_metadata.csv,/Users/mac/Downloads/HMP2_processed_by_omics/18_extract_branch_sparse_model_matrices_20260701_090635/branch_features/MTX_pathway_activity_branch_features.csv,/Users/mac/Downloads/HMP2_processed_by_omics/18_extract_branch_sparse_model_matrices_20260701_090635,31b_exact_complete_resource_match
Serology_branch,/Users/mac/Downloads/HMP2_processed_by_omics/18_extract_branch_sparse_model_matrices_20260701_090635/branch_sparse_matrices/Serology_branch_X.npz,/Users/mac/Downloads/HMP2_processed_by_omics/18_extract_branch_sparse_model_matrices_20260701_090635/branch_metadata/Serology_branch_metadata.csv,/Users/mac/Downloads/HMP2_processed_by_omics/18_extract_branch_sparse_model_matrices_20260701_090635/branch_features/Serology_branch_features.csv,/Users/mac/Downloads/HMP2_processed_by_omics/18_extract_branch_sparse_model_matrices_20260701_090635,31b_exact_complete_resource_match
Viromics_branch,/Users/mac/Downloads/HMP2_processed_by_omics/18_extract_branch_sparse_model_matrices_20260701_090635/branch_sparse_matrices/Viromics_branch_X.npz,/Users/mac/Downloads/HMP2_processed_by_omics/18_extract_branch_sparse_model_matrices_20260701_090635/branch_metadata/Viromics_branch_metadata.csv,/Users/mac/Downloads/HMP2_processed_by_omics/18_extract_branch_sparse_model_matrices_20260701_090635/branch_features/Viromics_branch_features.csv,/Users/mac/Downloads/HMP2_processed_by_omics/18_extract_branch_sparse_model_matrices_20260701_090635,31b_exact_complete_resource_match
