sample_id,participant_id,diagnosis_label,disease_group_binary,outer_fold,EMSA_HI_exact_probability,EMSA_HI_exact_linear_predictor,EMSA_HI_exact_state_score
CSM5MCZF,C3012,CD,1,4,0.9323216957799074,2.622912263140571,0.732002863190919
CSM67UGO,C3012,CD,1,4,0.9190496668980248,2.4295043703727752,0.5992449930942003
CSM67UH7,C3022,nonIBD,0,1,0.3994366891436747,-0.407812788785062,-1.3483290042653688
CSM79HGZ,C3022,nonIBD,0,1,0.6228929940027189,0.5018457620990977,-0.7239267112543104
CSM79HHO,C3021,CD,1,3,0.3479464077467626,-0.6280782880686571,-1.4995223093689416
CSM79HKZ,C3028,CD,1,0,0.8830946702043443,2.0220679489154643,0.3195749613367986
CSM79HN6,C3021,CD,1,3,0.3407729619585298,-0.6598515393688442,-1.52133191138826
CSM79HOJ,C3012,CD,1,4,0.9416588347523606,2.781335100169452,0.8407465039888905
CSM79HP4,C3022,nonIBD,0,1,0.6134573948094785,0.4618687203219951,-0.7513675092649043
CSM7KOKZ,C3028,CD,1,0,0.5960811950427884,0.3891630111459909,-0.8012737202056656
CSM7KOLK,C3021,CD,1,3,0.2223432399948477,-1.25206293036328,-1.927834054554816
CSM7KON2,C3012,CD,1,4,0.8981185638057287,2.1764923436184413,0.4255740156585147
CSM7KON8,C3012,CD,1,4,0.929443846312029,2.578177493559089,0.7012962945813574
CSM7KOOH,C3022,nonIBD,0,1,0.5043342796116367,0.0173375527258017,-1.0564998911813503
CSM7KOOR,C3022,nonIBD,0,1,0.6485811806028627,0.6128084482357301,-0.6477603787386248
CSM7KOP8,C3032,UC,1,1,0.7150328946348405,0.9199547942821308,-0.4369308509175169
CSM7KOPE,C3032,UC,1,1,0.6811201217034951,0.7589242059560733,-0.5474644885093151
CSM7KORK,C3028,CD,1,0,0.6223377363665005,0.4994826161133245,-0.7255488075571511
CSM7KOSV,C3021,CD,1,3,0.3174013500454591,-0.7657399971372387,-1.5940152229118272
CSM7KOU9,C3032,UC,1,1,0.6387079224499261,0.5697605542233859,-0.6773090524739279
CSM7KOUL,C3037,UC,1,4,0.9477084416299948,2.8972119537243497,0.9202859894323674
CSM9X211,C3037,UC,1,4,0.9767830329310598,3.739381202038896,1.4983626856167656
CSM9X213,C3037,UC,1,4,0.963574399870644,3.275377875513297,1.179864342732241
CSM9X22G,C3032,UC,1,1,0.6775647963598764,0.7426029914606291,-0.5586675973524907
CSM9X22U,C3037,UC,1,4,0.9737045659483674,3.611712623342416,1.4107291958792558
CSMAG78W,C3022,nonIBD,0,1,0.6033364253863838,0.4193864582130771,-0.7805279253873304
HSM67VCZ,H4020,CD,1,4,0.9040468668348732,2.2430213268275394,0.4712404359071658
HSM67VD6,H4020,CD,1,4,0.8706269713409461,1.906513682328398,0.2402569040788905
HSM67VHF,H4020,CD,1,4,0.8809009253067449,2.0009894553530057,0.3051063899142296
HSM6XRQB,H4017,CD,1,3,0.9555558026358972,3.068058753029176,1.037557610894999
HSM6XRQM,H4017,CD,1,3,0.8353586821691453,1.6240919157292637,0.0463986717901577
HSM7CYY3,H4017,CD,1,3,0.9848379136292336,4.1736790787938585,1.796470794238465
HSM7CYYB,H4017,CD,1,3,0.9077493286078868,2.2864587098144664,0.5010564602968389
HSM7J4HO,H4035,UC,1,2,0.9531051976298424,3.0118184376759123,0.9989534754948424
HSM7J4HS,H4035,UC,1,2,0.9597179291200072,3.1707329388100582,1.108034601379301
HSM7J4IS,H4020,CD,1,4,0.9044647632513432,2.2478481962956547,0.4745536663066678
HSM7J4JZ,H4035,UC,1,2,0.963865635103,3.283707553482753,1.1855819496509212
HSM7J4K8,H4035,UC,1,2,0.8637933866896533,1.8471606560177989,0.1995161605444486
HSM7J4PW,H4020,CD,1,4,0.8283489667693664,1.5739709837587228,0.0119949663340407
HSMA33J5,H4045,nonIBD,0,3,0.1643004554454773,-1.6265723549452795,-2.184902537268426
HSMA33J9,H4045,nonIBD,0,3,0.2464965548876642,-1.1173855729324031,-1.835389641522284
HSMA33MI,H4035,UC,1,2,0.9547870127724088,3.0501039187209344,1.0252331626701103
HSMA33NY,H4045,nonIBD,0,3,0.2415165373263882,-1.1443830475892045,-1.8539210839682765
HSMA33OR,H4035,UC,1,2,0.9537787543184336,3.026992175219445,1.0093689401837862
HSMA33OZ,H4035,UC,1,2,0.8096930970605416,1.448017235720917,-0.07446143976658
HSMA33QO,H4045,nonIBD,0,3,0.1730676936689853,-1.5640400263294791,-2.141979476371482
HSMA33SG,H4045,nonIBD,0,3,0.3760867298822081,-0.5061915871422975,-1.4158575810244445
HSMA33SK,H4045,nonIBD,0,3,0.4690403989349903,-0.1239970343000751,-1.15351391928558
MSM6J2HT,M2039,nonIBD,0,3,0.8387363454406066,1.648855776970973,0.0633969308930947
MSM6J2K6,M2042,nonIBD,0,0,0.3886121916379426,-0.4531495590481751,-1.3794487945234704
MSM6J2KE,M2027,CD,1,3,0.4745961390841574,-0.1017030168768884,-1.138210995363262
MSM6J2LT,M2021,CD,1,2,0.6359474379639976,0.557817656804464,-0.6855068235236504
MSM6J2M3,M2048,nonIBD,0,1,0.5945162202819082,0.3826671276040791,-0.8057325851003672
MSM6J2PO,M2047,nonIBD,0,0,0.225195519751278,-1.2356417124393393,-1.9165623019661364
MSM6J2PU,M2047,nonIBD,0,0,0.1282538038327955,-1.9164871789756612,-2.3839041084915173
MSM6J2Q1,M2048,nonIBD,0,1,0.6033538050859282,0.4194590794524364,-0.7804780771576477
MSM6J2QP,M2039,nonIBD,0,3,0.4735793511809896,-0.1057811228046528,-1.14101026404486
MSM6J2R2,M2027,CD,1,3,0.6007728792646425,0.4086864785500235,-0.7878725403863194
MSM6J2R8,M2027,CD,1,3,0.391277300994949,-0.4419463074400511,-1.371758726655155
MSM6J2RO,M2042,nonIBD,0,0,0.4041930330139424,-0.3880241653698397,-1.3347458176686098
MSM79H5Q,M2039,nonIBD,0,3,0.6744774118316849,0.7285063317922565,-0.5683437407935359
MSM79H6F,M2042,nonIBD,0,0,0.5222021182124849,0.0888669109608888,-1.0074011439028394
MSM79H6Y,M2048,nonIBD,0,1,0.6497130673751031,0.6177782044965786,-0.6443490688554123
MSM79H7Q,M2047,nonIBD,0,0,0.1333571799618824,-1.871595827459989,-2.3530900598624944
MSM79H7Y,M2047,nonIBD,0,0,0.1918396059781257,-1.4381009089056709,-2.055533112927987
MSM79H9G,M2060,nonIBD,0,2,0.5830251622044103,0.3352044663290369,-0.8383116165443507
MSM79HA3,M2042,nonIBD,0,0,0.265145245282639,-1.0193950958124658,-1.7681276138664497
MSM79HAH,M2039,nonIBD,0,3,0.4897396006926167,-0.0410473596011793,-1.0965761077999736
MSM79HC8,M2047,nonIBD,0,0,0.1017355039638757,-2.178088216962033,-2.563470702807592
MSM9VZF7,M2060,nonIBD,0,2,0.6235938184943288,0.5048303942410941,-0.7218780182019056
MSM9VZL9,M2084,nonIBD,0,1,0.5405198391872809,0.1624355763893556,-0.956902587776863
MSM9VZMM,M2084,nonIBD,0,1,0.5917507189989973,0.3712074927560662,-0.8135986379937455
MSM9VZMU,M2084,nonIBD,0,1,0.5097670111679359,0.0390730149788851,-1.041580367303639
MSM9VZNL,M2047,nonIBD,0,0,0.1316200880653399,-1.886709653348618,-2.3634644003574605
MSMA26BB,M2084,nonIBD,0,1,0.4079988660669784,-0.3722441551568749,-1.3239141989792276
MSMAPC6K,M2084,nonIBD,0,1,0.4230537508190168,-0.3102498650356642,-1.2813604551951974
MSMB4LZX,M2084,nonIBD,0,1,0.4896317031418725,-0.0414791335442585,-1.0968724834453838
PSM7J12V,P6025,UC,1,3,0.9871997001173508,4.345403750397061,1.914344999467879
PSM7J16Y,P6017,nonIBD,0,2,0.4858648393409688,-0.0565557124989701,-1.107221257126381
PSMA266I,P6037,CD,1,4,0.5294510486640209,0.1179407178310751,-0.9874444781202112
PSMA266Q,P6037,CD,1,4,0.8037689315173111,1.4100189435826669,-0.1005439964781794
CSM5MCXL,C3004,UC,1,2,0.7543324595142087,1.1218540381207116,-0.2983443992346561
CSM67UDN,C3004,UC,1,2,0.8987804297458493,2.1837466462001145,0.430553469940333
CSM67UEW,C3011,UC,1,0,0.9199588200487676,2.4417876565984704,0.6076764117595671
CSM67UF5,C3011,UC,1,0,0.912403775501322,2.343344730707462,0.5401038169685678
CSM79HLA,C3004,UC,1,2,0.7672949410416062,1.193099455635588,-0.2494405528193387
CSM7KOMT,C3011,UC,1,0,0.8238312064703269,1.542523072823541,-0.0095913175295576
CSM7KOTU,C3035,CD,1,2,0.8828710053061088,2.01990325685467,0.318089086570812
CSM9X1YV,C3035,CD,1,2,0.9030123963274858,2.2311531081141216,0.4630939253605305
CSM9X237,C3035,CD,1,2,0.8471319546123063,1.7122813722640389,0.1069331424728009
CSM9X23B,C3035,CD,1,2,0.8165143754017192,1.4929081940193212,-0.0436476610473637
ESM5MEBE,E5001,CD,1,0,0.8987791139056441,2.183732182395365,0.4305435417833971
ESM5MEBG,E5001,CD,1,0,0.8576467475050746,1.7958806364750812,0.1643168412427139
ESM5MECL,E5001,CD,1,0,0.8670438851703092,1.8750704826811009,0.2186738541088836
ESM5MEDD,E5009,CD,1,2,0.4602280377269299,-0.1594246574444791,-1.1778319330125948
ESM5MEDN,E5009,CD,1,2,0.5591993503750179,0.2379132976362334,-0.905093629160476
ESM718UH,E5009,CD,1,2,0.5700749891698429,0.2821571120613694,-0.874724059004994
ESM7F5AK,E5009,CD,1,2,0.4481376313459452,-0.2081982849796579,-1.2113108299479691
HSM5MD79,H4001,CD,1,4,0.7767941303089694,1.2470808326434213,-0.2123869841469789
HSM5MD7J,H4001,CD,1,4,0.8139034798972068,1.4755763195052325,-0.0555445009970989
HSM5MD7O,H4006,CD,1,1,0.9551137141520896,3.057698095395855,1.0304459112610431
HSM67VEE,H4006,CD,1,1,0.893825882234534,2.130430626688012,0.3939566119157242
HSM67VFR,H4018,nonIBD,0,4,0.8810880095096604,2.0027738744545025,0.3063312400270378
HSM67VI5,H4024,nonIBD,0,1,0.4900944158141905,-0.0396275216541217,-1.095601511267038
HSM6XRQW,H4018,nonIBD,0,4,0.8045732426233427,1.4151263368063094,-0.0970382106676114
HSM7CYX2,H4006,CD,1,1,0.760878469344855,1.15750172732547,-0.2738753291001951
HSM7CYXA,H4006,CD,1,1,0.882709660875495,2.018343944790887,0.3170187530624867
HSM7CYYF,H4018,nonIBD,0,4,0.8689396942741092,1.8916161598390688,0.2300310372484413
HSM7J4GR,H4027,UC,1,1,0.9568313510038576,3.098512635069341,1.0584615794868246
HSM7J4I7,H4024,nonIBD,0,1,0.5422652444776992,0.1694653827512786,-0.952077230825574
HSM7J4LD,H4018,nonIBD,0,4,0.8219042671595295,1.52930269430168,-0.018665969392612
HSM7J4LN,H4018,nonIBD,0,4,0.8054837239282223,1.4209271550802327,-0.0930564482491109
HSM7J4MY,H4028,CD,1,0,0.950593410271386,2.957002621364081,0.9613271360676884
HSM7J4N4,H4028,CD,1,0,0.9082192136580156,2.292082797583124,0.5049169124361962
HSM7J4NA,H4028,CD,1,0,0.8314894110412169,1.5962199734815978,0.0272669826160179
HSM7J4NE,H4027,UC,1,1,0.9483087344165534,2.909391295437723,0.9286460591374276
HSM7J4O1,H4024,nonIBD,0,1,0.4554694673145232,-0.1785953322110127,-1.1909909510542085
HSM7J4O3,H4024,nonIBD,0,1,0.505427669492913,0.0217115308156905,-1.053497531728727
HSMA33O1,H4027,UC,1,1,0.9116360544393176,2.3337768165132045,0.533536267467251
MSM6J2IQ,M2014,CD,1,1,0.9276853964328534,2.5516665683611985,0.6830988264573917
MSM6J2J1,M2014,CD,1,1,0.9709684193624905,3.5099097189638364,1.3408502650789171
MSM79H5G,M2061,nonIBD,0,1,0.3236582952188626,-0.7370101138988443,-1.574294631097946
MSM79H9Q,M2061,nonIBD,0,1,0.2872443416013502,-0.9088054485687612,-1.6922173404400789
MSM79HDA,M2069,UC,1,4,0.9487844965879048,2.919139400860809,0.9353372944067186
MSM79HDE,M2069,UC,1,4,0.9756695936175714,3.6913971383772,1.4654257563159525
MSM9VZEW,M2069,UC,1,4,0.9658177217431592,3.3412677924173746,1.225092098972454
MSM9VZGO,M2061,nonIBD,0,1,0.4689218671852448,-0.1244729931146932,-1.1538406240419277
MSM9VZHB,M2061,nonIBD,0,1,0.5757351507223547,0.3052898424326715,-0.8588454308390647
MSM9VZHF,M2061,nonIBD,0,1,0.4417462792209844,-0.2340778674264363,-1.229074935618422
MSM9VZLJ,M2061,nonIBD,0,1,0.2822556665835088,-0.9333001447457744,-1.709030840895464
MSM9VZOU,M2069,UC,1,4,0.9607780281531174,3.1985063061512307,1.127098627365327
MSM9VZP3,M2069,UC,1,4,0.9634373359013138,3.2714798346030145,1.1771886731853922
MSMA26DG,M2097,nonIBD,0,2,0.587946620129219,0.3554832579343681,-0.824391971678093
MSMA26DO,M2097,nonIBD,0,2,0.6242916404473935,0.5078044287585604,-0.7198365995065115
MSMA26EJ,M2069,UC,1,4,0.9405074060410265,2.7605676897618885,0.8264914643745424
MSMB4LXW,M2097,nonIBD,0,2,0.5235907788953075,0.094433229812016,-1.003580345152697
MSMB4LZK,M2097,nonIBD,0,2,0.7789616441675351,1.2596255651279695,-0.2037761051298479
PSM6XBRK,P6009,CD,1,2,0.742378501225823,1.0583677738524726,-0.3419222548435158
PSM7J141,P6009,CD,1,2,0.8073378239294619,1.432803925546977,-0.08490406765994
PSM7J15M,P6018,nonIBD,0,4,0.7141789706656917,0.9157677467407156,-0.4398048986393404
PSM7J15U,P6018,nonIBD,0,4,0.5540446436555445,0.2170264185887847,-0.9194306737124076
PSM7J17X,P6018,nonIBD,0,4,0.7537649762359677,1.118794155812927,-0.3004447450484426
PSM7J1A2,P6018,nonIBD,0,4,0.7802901450723959,1.2673579967002575,-0.1984684564526656
PSM7J1CU,P6009,CD,1,2,0.8301382233964137,1.586607193617933,0.0206686366946289
PSMA265H,P6018,nonIBD,0,4,0.736630888671263,1.0285304238803137,-0.3624030272408965
PSMA265X,P6038,UC,1,3,0.9636180690597193,3.2766227735290188,1.1807188580609058
PSMA2675,P6038,UC,1,3,0.9311961899520907,2.605210863413218,0.7198523759905056
PSMA269W,P6038,UC,1,3,0.972510926559902,3.56609271470137,1.37941505549687
PSMA26A3,P6038,UC,1,3,0.9556499139122984,3.0702769972959034,1.0390802446406582
PSMB4MC5,P6038,UC,1,3,0.9038418902412646,2.2406606315771613,0.4696200218232179
CSM5MCWE,C3009,CD,1,1,0.911501589289213,2.3321087439323653,0.5323912792259241
CSM5MCX3,C3006,UC,1,4,0.9785763329936632,3.821602548198846,1.5548005622539154
CSM67UAA,C3009,CD,1,1,0.937734879134905,2.712065852897691,0.7931991283394252
CSM67UB1,C3016,CD,1,0,0.9071811269302186,2.279692136397408,0.4964117901034653
CSM67UBB,C3017,CD,1,4,0.7122234759955643,0.9062075123386034,-0.4463671766244151
CSM67UFZ,C3006,UC,1,4,0.9922544643912804,4.852862964016949,2.262672068218972
CSM79HH8,C3023,CD,1,2,0.8428751585997449,1.6797781976958353,0.0846225109607914
CSM79HI7,C3009,CD,1,1,0.8861718271918668,2.0522208124120542,0.3402723066097259
CSM79HIB,C3009,CD,1,1,0.9209752975871808,2.4556727222405352,0.617207314115278
CSM79HIT,C3016,CD,1,0,0.7487955445639256,1.0921988039987571,-0.318700164777156
CSM79HMN,C3006,UC,1,4,0.988482344568056,4.452289668597878,1.9877129817182664
CSM79HPA,C3023,CD,1,2,0.8490384761944748,1.727079509601971,0.1170907899517549
CSM79HRG,C3031,CD,1,4,0.636775968308344,0.561398084518666,-0.683049168096199
CSM7KOJO,C3009,CD,1,1,0.927445944693084,2.548102637642472,0.6806524947972947
CSM7KOKB,C3016,CD,1,0,0.9872341856244474,4.348136435230694,1.9162207523803745
CSM7KOKN,C3017,CD,1,4,0.8312632301323438,1.5946065818972142,0.0261595281718918
CSM7KOLY,C3029,UC,1,0,0.5525180426922427,0.2108498712785094,-0.9236703417721192
CSM7KONA,C3023,CD,1,2,0.8690772953913882,1.8928249609230487,0.2308607751406405
CSM7KONK,C3023,CD,1,2,0.8636691493699521,1.8461051098267396,0.1987916189442668
CSM7KOO9,C3031,CD,1,4,0.8036771313312061,1.409437017514236,-0.1009434386327525
CSM7KOOF,C3031,CD,1,4,0.891140058368624,2.102439490625025,0.3747431064474076
CSM7KOPS,C3016,CD,1,0,0.9794867079040824,3.8659555960557137,1.5852451117576165
CSM7KOQ1,C3016,CD,1,0,0.973588562603236,3.607191643013598,1.4076259320433608
CSM7KOTK,C3023,CD,1,2,0.8426639376632744,1.678184185933327,0.0835283590961941
CSM9X1Y5,C3029,UC,1,0,0.6077174989587997,0.4377278879603177,-0.7679381126711778
CSM9X1ZC,C3031,CD,1,4,0.887538672221878,2.065842685270267,0.3496225497745993
ESM5MEBU,E5004,UC,1,1,0.962116581031476,3.234622107301009,1.1518890160556046
ESM5MEC5,E5004,UC,1,1,0.9658456883115366,3.3421152431076693,1.2256738009239383
ESM718SY,E5004,UC,1,1,0.9660587842103704,3.3485946046830417,1.230121324910799
ESM718TF,E5013,CD,1,2,0.7620262615124854,1.1638206939260654,-0.2695379024569375
ESM718TM,E5013,CD,1,2,0.6578435709495972,0.6536991415692588,-0.6196924375804278
ESM718V8,E5013,CD,1,2,0.6191861132849562,0.4860951256924776,-0.7347381673540941
ESM9IEP1,E5013,CD,1,2,0.5205542754525967,0.0822634620749198,-1.0119338431471578
HSM5MD4O,H4007,CD,1,3,0.9879426208898934,4.405947773244259,1.955903259605334
HSM5MD5P,H4004,CD,1,4,0.7188225773694095,0.9386286968750706,-0.4241128242116022
HSM5MD62,H4015,CD,1,3,0.9311272085265344,2.604134703146169,0.7191136846015884
HSM5MD73,H4015,CD,1,3,0.9051932140947176,2.256307429171596,0.4803602015167402
HSM67VGA,H4009,nonIBD,0,0,0.4221705806949156,-0.3138692507882221,-1.2838448519625252
HSM67VGG,H4009,nonIBD,0,0,0.6651176635802796,0.6861847271591692,-0.5973938793879812
HSM6XRRD,H4019,UC,1,1,0.8465617489023007,1.7078849319319822,0.1039153646244486
HSM6XRS8,H4015,CD,1,3,0.9823098640722124,4.01689961042333,1.688855184565513
HSM6XRSG,H4004,CD,1,4,0.9089543858684144,2.300934277231411,0.510992691291415
HSM6XRSN,H4007,CD,1,3,0.9709771240672672,3.510218564571786,1.3410622610037646
HSM6XRV2,H4019,UC,1,1,0.9785379422016428,3.819772939410684,1.5535446933110786
HSM7CYZ7,H4015,CD,1,3,0.8706013020594602,1.9062858049728413,0.2401004858896739
HSM7CYZT,H4004,CD,1,4,0.7846768383100059,1.2931319848149665,-0.1807768322017622
HSM7CZ14,H4004,CD,1,4,0.7529226243158635,1.114260916516625,-0.3035564236102805
HSM7J4M4,H4019,UC,1,1,0.971531648578849,3.530080851522966,1.3546960112771016
HSM7J4ME,H4019,UC,1,1,0.9415272646120044,2.7789427225199974,0.8391043426651545
HSM7J4PE,H4019,UC,1,1,0.9350061969885995,2.6662612299975117,0.7617581975180964
HSM7J4QB,H4015,CD,1,3,0.9332936290776956,2.6384194018796894,0.7426471791019109
HSM7J4QJ,H4015,CD,1,3,0.9190880002111284,2.430019732529598,0.5995987448531857
HSMA33MZ,H4042,UC,1,4,0.939567644220184,2.743895163268,0.8150472100848939
MSM5LLDA,M2008,CD,1,4,0.9392131735971732,2.737669380888474,0.8107737463882293
MSM5LLDI,M2008,CD,1,4,0.9133082011997694,2.354714106934784,0.5479079150881808
MSM5LLDS,M2008,CD,1,4,0.9413105463671811,2.7750130573824587,0.8364069658084649
MSM6J2HF,M2026,UC,1,4,0.9119525667971417,2.337712295699542,0.5362376351679756
MSM6J2LB,M2008,CD,1,4,0.9706803477701184,3.499739199335367,1.3338690788184704
MSM6J2OH,M2026,UC,1,4,0.8415207715927429,1.669587163663148,0.0776272433277013
MSM6J2OP,M2026,UC,1,4,0.7693873039401113,1.204854825980686,-0.241371502963721
MSM79H85,M2072,nonIBD,0,4,0.7740422935189026,1.2312786725908036,-0.2232338067946548
MSM79HCR,M2072,nonIBD,0,4,0.7159096229812291,0.9242615176306112,-0.4339746560556736
MSM9VZHR,M2072,nonIBD,0,4,0.6530923001137058,0.6326597170882033,-0.6341341914416269
MSM9VZJ3,M2085,CD,1,1,0.6425389873982978,0.5864011951764452,-0.6658866848633946
MSM9VZOI,M2072,nonIBD,0,4,0.6894078590369722,0.7973524462039511,-0.5210868094298048
MSM9VZOO,M2072,nonIBD,0,4,0.7930557567782216,1.343444129792987,-0.1462418754753658
MSM9VZPL,M2085,CD,1,1,0.8696119617721776,1.897532177296936,0.2340918739905303
MSMA267V,M2103,UC,1,3,0.5513273462758352,0.206035162065038,-0.9269752252035462
MSMA26CX,M2085,CD,1,1,0.4876318951658409,-0.0494825134385048,-1.1023661148227273
MSMAPC6G,M2085,CD,1,1,0.383661003221202,-0.4740377730341696,-1.393786755395804
MSMB4LXY,M2085,CD,1,1,0.7098530143929264,0.8946702851236106,-0.4542864899986797
MSMB4LYB,M2085,CD,1,1,0.3414739426739968,-0.6567327175963951,-1.5191911087054102
MSMB4LYH,M2103,UC,1,3,0.6440555814368187,0.5930104379277363,-0.6613500086292606
PSM7J12J,P6024,CD,1,0,0.9602385807364784,3.184284698272096,1.1173367177329658
PSM7J12R,P6024,CD,1,0,0.9217230597548938,2.465991754956846,0.6242904418267236
PSM7J14X,P6014,nonIBD,0,0,0.1408891436017832,-1.8079246009493204,-2.3093852435955045
PSM7J156,P6014,nonIBD,0,0,0.40465909866937,-0.3860892039180994,-1.3334176331908405
PSM7J158,P6016,CD,1,2,0.831532476271103,1.5965273616197877,0.0274779781133322
PSM7J17L,P6016,CD,1,2,0.9293309003710202,2.576456451120464,0.7001149470922339
PSM7J19B,P6016,CD,1,2,0.6305369768281653,0.534521137744264,-0.7014978785258005
PSM7J19J,P6016,CD,1,2,0.9273519301728864,2.5467063161611234,0.6796940402938035
PSMA263W,P6024,CD,1,0,0.9359778158763172,2.6823621249789005,0.7728100759796774
PSMA265N,P6016,CD,1,2,0.8244009298009122,1.5464535906741397,-0.0068933553587528
PSMA265T,P6016,CD,1,2,0.7847054932787906,1.2933015900790652,-0.1806604127873489
CSM5MCZ3,C3008,CD,1,3,0.9522776978668398,2.993457853107015,0.9863505146424436
CSM67UA2,C3001,CD,1,3,0.7880538627979888,1.31323426873744,-0.1669783446662448
CSM67UBZ,C3003,UC,1,2,0.948401228229014,2.9112797799278427,0.929942341181718
CSM67UCK,C3010,CD,1,2,0.5464203605880265,0.1862177059693728,-0.9405782029535515
CSM79HGP,C3001,CD,1,3,0.8388204255296962,1.6494775368221166,0.0638237155106624
CSM79HJM,C3027,CD,1,4,0.6782988498681308,0.7459649629335814,-0.556359893330241
CSM79HJS,C3027,CD,1,4,0.7255361699059407,0.9720914404626374,-0.401143531166196
CSM79HKB,C3010,CD,1,2,0.5337173866944728,0.1350745438441178,-0.9756835814186984
CSM79HLM,C3003,UC,1,2,0.9405238258621816,2.760861183909298,0.8266929228431618
CSM79HPS,C3013,UC,1,3,0.8578396623892336,1.7974616496443994,0.1654020706919873
CSM79HR6,C3027,CD,1,4,0.783869020796515,1.2883573319746089,-0.1840542203810449
CSM7KOLA,C3010,CD,1,2,0.5670230374751439,0.2697154111134801,-0.8832642157410232
CSM7KOLE,C3010,CD,1,2,0.6317034919589125,0.5395317836482112,-0.6980585014223256
CSM7KOOV,C3027,CD,1,4,0.7302746387096841,0.996016419887868,-0.3847210922204659
CSM7KORU,C3034,UC,1,3,0.9930547233427092,4.962723960757232,2.3380821857959893
CSM9X21J,C3034,UC,1,3,0.9918691559888,4.803926466793438,2.229081375262159
CSMA9J65,C3027,CD,1,4,0.8791418646965696,1.984328855698901,0.2936703223734465
CSMAIG7X,C3027,CD,1,4,0.7072151969128229,0.8818971212243376,-0.4630541675189538
HSM5MD3Y,H4010,UC,1,3,0.7671684745535639,1.192391305889494,-0.2499266366634653
HSM5MD41,H4010,UC,1,3,0.9678925593854883,3.406033290625811,1.2695480385665412
HSM5MD43,H4010,UC,1,3,0.9307437513293276,2.598170624635588,0.7150198580838414
HSM5MD5D,H4008,nonIBD,0,2,0.466159304919363,-0.1355700388774452,-1.1614577907394497
HSM67VES,H4022,nonIBD,0,3,0.2197395409016662,-1.2671848458742658,-1.938213947879186
HSM67VFZ,H4008,nonIBD,0,2,0.4344878023794026,-0.2635639934076943,-1.2493146229789325
HSM67VH1,H4010,UC,1,3,0.7618711347534586,1.162965449132703,-0.2701249543892721
HSM6XRQ8,H4023,nonIBD,0,2,0.7212022851423489,0.95043317734919,-0.4160100644797443
HSM6XRTM,H4010,UC,1,3,0.9753682027305052,3.678776863317463,1.4567630238235567
HSM6XRTQ,H4010,UC,1,3,0.9631447061492788,3.26320439873326,1.1715082987990708
HSM7CYZJ,H4022,nonIBD,0,3,0.1762006476614177,-1.5423036066011917,-2.127059295269461
HSM7CZ32,H4030,CD,1,3,0.7022041908578517,0.8578161844744424,-0.4795836577434716
HSM7CZ38,H4030,CD,1,3,0.8298463694774513,1.584538848735617,0.0192488959732335
HSM7J4G1,H4022,nonIBD,0,3,0.2872538863180895,-0.9087588291793984,-1.6921853402422145
HSM7J4HC,H4023,nonIBD,0,2,0.5893006497421549,0.3610750554839433,-0.8205536839946377
HSM7J4IC,H4032,CD,1,2,0.6084232497814915,0.4406892366421281,-0.765905401709982
HSM7J4IU,H4022,nonIBD,0,3,0.3492487385163787,-0.6223430962284142,-1.4955855938481284
HSM7J4KC,H4023,nonIBD,0,2,0.686577044897495,0.7841648748369174,-0.5301389420050654
HSM7J4KK,H4023,nonIBD,0,2,0.4353118502250835,-0.2602109601565376,-1.2470130542765556
HSM7J4L9,H4030,CD,1,3,0.6545463616742877,0.6390839710826837,-0.6297244940654629
HSM7J4LP,H4039,CD,1,1,0.9191578292463648,2.43095910316841,0.6002435419369829
HSM7J4MS,H4032,CD,1,2,0.5739654478113104,0.2980487476526547,-0.8638158191019555
HSM7J4OT,H4030,CD,1,3,0.8579453222578878,1.798328332476444,0.1659969738533064
HSM7J4OZ,H4032,CD,1,2,0.5851100268897901,0.3437865496572851,-0.8324207550735695
HSMA33JP,H4032,CD,1,2,0.5923362095742605,0.3736316036358581,-0.8119346945389363
HSMA33L1,H4039,CD,1,1,0.6872493638264394,0.7872910178919118,-0.5279931138919544
HSMA33NQ,H4039,CD,1,1,0.8660893584413912,1.8668153650417731,0.2130074264387848
HSMA33R7,H4043,CD,1,0,0.833666224787428,1.6118366484978104,0.0379864857525012
HSMA33R9,H4043,CD,1,0,0.7387227417952555,1.0393405348384452,-0.3549828165877884
MSM5LLF4,M2034,CD,1,2,0.8453655044412588,1.6987048443995882,0.0976140247429099
MSM6J2LL,M2034,CD,1,2,0.7852155573031228,1.2963233422901612,-0.1785862400027522
MSM6J2MB,M2034,CD,1,2,0.83693141261093,1.6355712289888666,0.0542782322192019
MSM6J2MH,M2034,CD,1,2,0.8638729943432503,1.8478374456325275,0.1999807183578301
MSM79H8D,M2075,nonIBD,0,1,0.6001416762625866,0.4060554607356506,-0.7896785076414511
MSM79HAJ,M2064,UC,1,1,0.377924944353429,-0.4983651377090332,-1.4104853971786315
MSM79HAN,M2064,UC,1,1,0.37810298825411,-0.4976078888497492,-1.4099656110196854
MSM9VZHX,M2077,nonIBD,0,3,0.910818247830997,2.323666922375421,0.5265966953876006
MSM9VZI6,M2077,nonIBD,0,3,0.8551487237554958,1.775567864745382,0.1503738719460404
MSM9VZIM,M2083,UC,1,0,0.9642210528370494,3.293960923892952,1.1926200058413423
MSM9VZIQ,M2083,UC,1,0,0.9736985502676762,3.6114776985269152,1.4105679402154234
MSM9VZJZ,M2075,nonIBD,0,1,0.3602425727567212,-0.5743114668220599,-1.462616014758002
MSM9VZLP,M2064,UC,1,1,0.5992848065244137,0.4024860208491982,-0.7921286208709697
MSM9VZLV,M2064,UC,1,1,0.38270339602543,-0.4780893617163428,-1.396567822270872
MSM9VZME,M2077,nonIBD,0,3,0.8717880065862986,1.916861190159792,0.2473595775057412
MSM9VZNX,M2083,UC,1,0,0.973046480767676,3.5863179790287854,1.3932979584943943
MSMA26ET,M2064,UC,1,1,0.66208811392078,0.672613480255389,-0.6067093721929498
MSMAPC5D,M2083,UC,1,0,0.9619973491653944,3.2313557790178216,1.149646962850293
MSMAPC7J,M2075,nonIBD,0,1,0.6162656345236472,0.4737275388170916,-0.7432274511589885
MSMAPC7T,M2077,nonIBD,0,3,0.7654671316452745,1.1828905354458688,-0.2564480977596153
MSMB4LZC,M2077,nonIBD,0,3,0.7574401581270083,1.138696084545705,-0.286783784104349
MSMB4LZR,M2083,UC,1,0,0.9903594576708986,4.632090600538855,2.111130844476057
PSM6XBSI,P6010,CD,1,2,0.9111369655867058,2.327596987204503,0.5292943465981296
PSM6XBSK,P6010,CD,1,2,0.8010480654776322,1.39285769161979,-0.1123237187334647
PSM6XBUG,P6010,CD,1,2,0.9605504072648556,3.192482737397568,1.1229639659165438
PSM6XBUO,P6010,CD,1,2,0.925934551064254,2.5258544055612813,0.6653809985711175
PSM7J14L,P6010,CD,1,2,0.9540946924580248,3.0341821817599293,1.014304260767844
PSM7J14T,P6010,CD,1,2,0.6794059781895594,0.7510432617848986,-0.5528740783018705
PSM7J161,P6028,CD,1,1,0.9477849507199424,2.898756877567349,0.9213464466656432
PSM7J177,P6028,CD,1,1,0.9716431934543652,3.534121560994849,1.3574696105107735
PSM7J17F,P6028,CD,1,1,0.9829702773402194,4.0556186738562605,1.715432488727898
PSMA264Q,P6035,UC,1,1,0.9085113123319768,2.2955920068225137,0.5073256825110783
PSMA266C,P6028,CD,1,1,0.9561287325508564,3.0816329556828927,1.046875132567873
PSMA267J,P6035,UC,1,1,0.8655815488474506,1.8624438878110088,0.2100067836106796
PSMA267P,P6035,UC,1,1,0.7763121668371459,1.2443032382064034,-0.2142935636364401
PSMB4MBK,P6035,UC,1,1,0.8132884552044368,1.471520965356605,-0.0583281525407619
CSM5MCVN,C3002,CD,1,0,0.9976980074901528,6.071675576278709,3.099282012804602
CSM5MCY8,C3005,UC,1,1,0.9230332402509264,2.484291610049753,0.6368517171213653
CSM67UAQ,C3015,UC,1,3,0.4744842029012117,-0.1021519255461578,-1.1385191325232675
CSM67UBH,C3002,CD,1,0,0.9975245905654992,5.998870990236104,3.0493079314061053
CSM67UBN,C3002,CD,1,0,0.996968235897296,5.795574247557539,2.909762217064395
CSM67UEA,C3005,UC,1,1,0.9147710212087145,2.3733322812490405,0.5606876891277938
CSM67UEI,C3005,UC,1,1,0.9596752035183582,3.1696283205010376,1.1072763759942
CSM79HIJ,C3015,UC,1,3,0.651945310404313,0.6276010572228927,-0.6376065259966012
CSM7KOMB,C3030,CD,1,1,0.9517641647622482,2.9822150635293223,0.978633307361394
CSM7KOPI,C3015,UC,1,3,0.4228512232188123,-0.311079679626266,-1.2819300514823342
CSM7KOSP,C3030,CD,1,1,0.951282463571143,2.971771979656431,0.9714650292091112
HSM5MD6A,H4014,CD,1,4,0.7428281644155643,1.0607202628938013,-0.3403074736157009
HSM5MD6K,H4013,nonIBD,0,0,0.7057211023783398,0.8746921712820733,-0.467999745462026
HSM67VF3,H4016,nonIBD,0,0,0.8567460755163319,1.788522828814343,0.1592663396336941
HSM6XRRJ,H4013,nonIBD,0,0,0.8220900634152873,1.5305725072521523,-0.0177943521058843
HSM6XRRV,H4014,CD,1,4,0.8825181852984595,2.0164958420568246,0.3157501896177227
HSM6XRVC,H4013,nonIBD,0,0,0.5962835640319415,0.3900035921436438,-0.800696733706846
HSM6XRVK,H4013,nonIBD,0,0,0.6471021401446638,0.6063254831314842,-0.6522103762378704
HSM6XRVO,H4014,CD,1,4,0.9326910136795488,2.628780216904368,0.7360307083442862
HSM6XRVW,H4014,CD,1,4,0.8394268674991217,1.6539698653657968,0.0669073123623674
HSM7CZ3G,H4031,CD,1,3,0.4968451042643948,-0.0126197504228771,-1.0770630011090054
HSM7J4I3,H4016,nonIBD,0,0,0.8797223681047237,1.9898036972447064,0.2974283298277273
HSM7J4J7,H4038,CD,1,0,0.8916054213499892,2.1072456066654155,0.3780420914052033
HSM7J4JF,H4038,CD,1,0,0.8859633770103523,2.0501559634494573,0.3388549655362936
HSM7J4KQ,H4016,nonIBD,0,0,0.8448198271781263,1.694536535195966,0.0947528392770106
HSM7J4MK,H4031,CD,1,3,0.4138796764397915,-0.3479498038437072,-1.3072382180274584
HSM7J4NU,H4040,UC,1,0,0.7372378420971655,1.031661276238758,-0.3602539665963373
HSM7J4OE,H4031,CD,1,3,0.4312231034832331,-0.2768626620598995,-1.2584430142773602
HSM7J4QT,H4014,CD,1,4,0.95544933972541,3.065554767840328,1.035838840602495
HSM7J4R2,H4013,nonIBD,0,0,0.7555107061144558,1.1282224323447054,-0.2939730447825981
HSMA33JB,H4031,CD,1,3,0.3939386180712064,-0.4307861657876366,-1.364098250060588
HSMA33KM,H4038,CD,1,0,0.8315279461963165,1.5964950242042182,0.0274557812611046
HSMA33M8,H4040,UC,1,0,0.9667167541404142,3.3688513975565364,1.244025869541272
HSMA33NW,H4044,UC,1,0,0.833589283524775,1.6112818870522314,0.037605689773222
HSMA33OJ,H4040,UC,1,0,0.8179736026762228,1.502678348715065,-0.0369412908503643
HSMA33PZ,H4038,CD,1,0,0.9021220232184016,2.2210282236785326,0.4561440637317809
HSMA33Q6,H4038,CD,1,0,0.8455616938408436,1.7002064292578185,0.0986447334937026
HSMA33RX,H4044,UC,1,0,0.7436547802780459,1.065051871557523,-0.3373341971270387
MSM6J2IG,M2028,CD,1,3,0.7663245582346926,1.1876726336915846,-0.2531655989504447
MSM6J2J5,M2025,CD,1,4,0.23185620247421,-1.197859589403954,-1.8906281267361111
MSM6J2JR,M2041,nonIBD,0,1,0.839301077591956,1.6530369278971415,0.066266931096124
MSM6J2PM,M2025,CD,1,4,0.6307331972100485,0.5353635222225042,-0.7009196540927989
MSM6J2Q3,M2028,CD,1,3,0.9140064977823938,2.36356594281018,0.5539839384626466
MSM6J2SE,M2041,nonIBD,0,1,0.7945560068345283,1.3526100192261186,-0.1399502813668178
MSM79H63,M2028,CD,1,3,0.8697051658364238,1.8983544267375645,0.2346562774534079
MSM79H7G,M2071,UC,1,2,0.8433520317821472,1.6833834177692897,0.087097184208777
MSM79H7M,M2071,UC,1,2,0.8960402105485293,2.153981105325098,0.4101219883069112
MSM79HB6,M2041,nonIBD,0,1,0.8176230753980529,1.500325882605945,-0.0385560563371921
MSM79HDQ,M2068,CD,1,3,0.9610864169357825,3.20672096019369,1.1327372802592277
MSM79HEY,M2041,nonIBD,0,1,0.7144673563010326,0.9171809475936,-0.4388348579002428
MSM9VZEK,M2068,CD,1,3,0.8778608122361086,1.9723267751322544,0.2854319271872157
MSM9VZES,M2068,CD,1,3,0.948641630690829,2.9162031902682823,0.9333218385799636
MSM9VZFR,M2079,nonIBD,0,4,0.7191645755255688,0.9403214068267444,-0.4229509245359486
MSM9VZKE,M2079,nonIBD,0,4,0.4820318983181488,-0.0719033696544475,-1.1177561026581613
MSMA26AL,M2068,CD,1,3,0.5581220106463854,0.2335437937670643,-0.9080929174457102
MSMA26AZ,M2071,UC,1,2,0.6610624941978616,0.6680326385913945,-0.6098537256826616
MSMA26BR,M2079,nonIBD,0,4,0.3461274078422462,-0.6361055812288414,-1.50503235514493
MSMB4LZ4,M2071,UC,1,2,0.7932481970856711,1.3446171035123384,-0.1454367299850136
MSMB4LZ8,M2079,nonIBD,0,4,0.6174849843757051,0.478886842375819,-0.7396860333717558
PSM6XBQY,P6005,CD,1,4,0.9611085684855069,3.207313420268604,1.133143953102498
PSM6XBSE,P6012,UC,1,0,0.9155605676617918,2.3835020196471874,0.5676683391408712
PSM6XBSS,P6005,CD,1,4,0.9344071672226864,2.656445848907804,0.7550207832946677
PSM6XBT3,P6013,UC,1,0,0.9941723575264204,5.139298049419164,2.459285098404996
PSM6XBVM,P6012,UC,1,0,0.9736322847529436,3.6088933468228026,1.40879400522803
PSM7J12F,P6013,UC,1,0,0.9781836546358148,3.803037962138547,1.54205757193784
PSM7J136,P6005,CD,1,4,0.9522266248334252,2.9923345783280784,0.9855794831966688
PSM7J13E,P6005,CD,1,4,0.9770090127164288,3.7493935949921,1.5052353315259714
PSM7J193,P6013,UC,1,0,0.9421334607669014,2.79000763127475,0.8466994500729949
PSM7J1AU,P6013,UC,1,0,0.9840676359532174,4.123342115319966,1.761918801750995
PSM7J1BF,P6012,UC,1,0,0.7517972577674666,1.1082207623788582,-0.307702469497604
PSM7J1CC,P6005,CD,1,4,0.9613242448586184,3.213098834082516,1.137115141685196
CSM5MCXF,C3012,CD,1,4,0.93493887117448,2.6651538773031325,0.7609980952128192
CSM79HJE,C3028,CD,1,0,0.8887265345998969,2.077798754318797,0.3578293620142518
CSM79HQL,C3032,UC,1,1,0.7351194033471641,1.0207537937756397,-0.3677410144060121
CSM7KOPC,C3032,UC,1,1,0.6760644156463707,0.7357436786180289,-0.563375925178615
CSM7KOQ7,C3037,UC,1,4,0.940404036291397,2.7587217599893163,0.8252243924807959
CSM7KOUF,C3032,UC,1,1,0.5866690021113647,0.3502120605822294,-0.828010194922837
CSM7KOUR,C3037,UC,1,4,0.9537540731684808,3.0264324617048577,1.0089847450354
CSM9X21B,C3028,CD,1,0,0.7485650828732188,1.0909739739152606,-0.3195409051977685
CSM9X22Q,C3032,UC,1,1,0.5856864685376219,0.3461616001943022,-0.8307904873210274
CSM9X23L,C3037,UC,1,4,0.939411401797518,2.741146783939058,0.81316068425233
CSM9X23P,C3037,UC,1,4,0.9683476287563224,3.4207780768291847,1.279669065084014
MSM5LLEN,M2021,CD,1,2,0.5905701623879543,0.3663228952963375,-0.816951493690343
MSM5LLH8,M2027,CD,1,3,0.5848469099471884,0.3427027766860493,-0.8331646719286195
MSM5LLIG,M2021,CD,1,2,0.8031806236369958,1.4062931877878997,-0.1031014071232954
MSM5LLIK,M2021,CD,1,2,0.8439422129326469,1.6878576555863865,0.0901683633339077
MSM5LLIS,M2027,CD,1,3,0.7381342503356688,1.0362937525055909,-0.3570741703964135
MSM6J2H9,M2039,nonIBD,0,3,0.9669833772745272,3.3771701517138277,1.2497359782032078
MSM6J2JH,M2042,nonIBD,0,0,0.3317670178592469,-0.7002039192520764,-1.549030346700118
MSM79H52,M2060,nonIBD,0,2,0.5644711461459168,0.2593282196392172,-0.8903941285727892
MSM9VZPV,M2060,nonIBD,0,2,0.5987019299371299,0.4000593934239206,-0.7937942917176343
PSM7J134,P6025,UC,1,3,0.9346912345478902,2.6610899834768533,0.7582085819155323
PSM7J19V,P6017,nonIBD,0,2,0.3850642192976982,-0.4681077169836336,-1.3897162823682707
PSMA2646,P6017,nonIBD,0,2,0.4792482924770575,-0.0830545400914881,-1.1254104212856042
PSMA269I,P6037,CD,1,4,0.6645414173134981,0.683598705476359,-0.599168960672001
PSMB4MBQ,P6037,CD,1,4,0.508753862971964,0.0350190301968706,-1.0443630788949954
CSM5FZ4A,C3004,UC,1,2,0.8772495327807651,1.966637908933808,0.281527010231848
CSM5MCUC,C3004,UC,1,2,0.7506565857208577,1.1021171510875245,-0.3118920732585455
CSM5MCXB,C3011,UC,1,0,0.8982772983176948,2.178228315896288,0.4267656111971237
CSM5MCYO,C3011,UC,1,0,0.9475373519489118,2.8937649070693388,0.9179198886207904
CSM79HQN,C3035,CD,1,2,0.9204046249511184,2.4478573943232687,0.6118427642328726
ESM5MEDZ,E5001,CD,1,0,0.9045434089098648,2.2487586952533767,0.4751786454666319
ESM5MEEB,E5001,CD,1,0,0.8656128039361994,1.86271254379248,0.2101911928164179
ESM9IEP5,E5009,CD,1,2,0.5055352265921699,0.0221418109276325,-1.0532021814698056
HSM5FZBJ,H4001,CD,1,4,0.8322052685789183,1.6013377318606858,0.0307798832135807
HSM5FZBQ,H4001,CD,1,4,0.880930165619569,2.0012681911009813,0.3052977180120208
HSM5MD4A,H4006,CD,1,1,0.8762743371784899,1.9576124941646096,0.275331839888222
HSM5MD5K,H4001,CD,1,4,0.8387032491705422,1.6486111067590588,0.0632289858534946
HSM5MD7H,H4001,CD,1,4,0.6696663261965444,0.7066762913814972,-0.5833281844353326
HSM5MD7W,H4001,CD,1,4,0.7445045332413622,1.0695142742211046,-0.3342711418160424
HSM5MD86,H4006,CD,1,1,0.9146189545969358,2.371383410099556,0.5593499568398506
HSM67VEA,H4001,CD,1,4,0.6939692241287903,0.818741942250163,-0.5064047615728101
HSM6XRQC,H4018,nonIBD,0,4,0.8923108010048555,2.1145652122600924,0.3830663705842541
HSM7CZ1T,H4027,UC,1,1,0.9727039951992638,3.5733394700101435,1.384389329225502
HSMA33O5,H4027,UC,1,1,0.9663939661903892,3.358865955052674,1.2371717227956809
MSM5FZ9X,M2014,CD,1,1,0.8855016541619812,2.0455939492149207,0.3357235354562651
MSM5FZA2,M2014,CD,1,1,0.8895235662037365,2.085883771118991,0.3633790301003343
MSM5LLGH,M2014,CD,1,1,0.9728300259995388,3.5780969097608875,1.387654902100444
MSM6J2NA,M2061,nonIBD,0,1,0.2871222450969976,-0.9094018877888392,-1.692626744623985
MSM6J2QZ,M2014,CD,1,1,0.9645860362520888,3.304592832806465,1.1999178961302095
MSMAPC5F,M2097,nonIBD,0,2,0.5370183260771708,0.1483447485570062,-0.9665747281644748
PSM6XBS6,P6009,CD,1,2,0.8124933091635309,1.4662931500593726,-0.061916597739081
PSM6XBTF,P6009,CD,1,2,0.8119309902728944,1.4626063807097456,-0.0644472475455084
PSM7J1CK,P6009,CD,1,2,0.7762609569551528,1.2440083620642566,-0.2144959707254867
CSM5MCTZ,C3006,UC,1,4,0.9744184902182592,3.63997105641042,1.4301261777329537
CSM5MCUM,C3006,UC,1,4,0.9601100015216596,3.180922235045002,1.1150286761638273
CSM5MCVH,C3009,CD,1,1,0.8359371465527354,1.6283038195800632,0.0492897812287765
CSM67U9V,C3016,CD,1,0,0.9371550000642456,2.702177313829988,0.7864114974614416
CSM67U9X,C3017,CD,1,4,0.9503735374445206,2.9523308938990245,0.9581203972988735
CSM79HG4,C3023,CD,1,2,0.830199894167202,1.587044610984059,0.0209688860641827
CSM79HJ6,C3017,CD,1,4,0.9598234328248342,3.1734654238262,1.1099102171342885
CSM79HJG,C3029,UC,1,0,0.8825106490299313,2.016423156188992,0.3157002970261563
CSM7KONC,C3023,CD,1,2,0.8342453757226134,1.616019046794375,0.0408573421679355
CSM7KOQ3,C3016,CD,1,0,0.9525826430836248,3.000188526285318,0.9909705424121552
CSM7KOQZ,C3017,CD,1,4,0.9711061030030405,3.514805337967692,1.344210686116838
CSM7KOR8,C3017,CD,1,4,0.6537925535231228,0.6357519530047286,-0.6320116376603945
ESM5GEZ6,E5004,UC,1,1,0.962832315232853,3.2544395744571952,1.1654920013977057
ESM5MEB9,E5013,CD,1,2,0.6325192833564184,0.5430398620989118,-0.6956505075365417
ESM5MEEG,E5004,UC,1,1,0.9724291115053264,3.5630367284004905,1.3773173839564612
HSM5MD4Q,H4007,CD,1,3,0.991337454541116,4.740046383299452,2.1852331966542478
HSM5MD4S,H4004,CD,1,4,0.8535368025251608,1.762614475719947,0.1414824853901897
HSM5MD4W,H4004,CD,1,4,0.8434548516526389,1.6841619193236634,0.0876315585134996
HSM5MD51,H4004,CD,1,4,0.9036909128104432,2.2389247136282475,0.4684284635767448
HSM5MD7Z,H4007,CD,1,3,0.9608326321665656,3.1999562868401474,1.1280939142959028
HSM5MD82,H4009,nonIBD,0,0,0.3017498624412763,-0.8389789977225428,-1.6442874925000737
HSM5MD8B,H4009,nonIBD,0,0,0.2760404407107519,-0.9641881541925148,-1.7302328005828058
HSM67VHU,H4007,CD,1,3,0.8031839184135253,1.4063140301834511,-0.1030871006128343
HSM6XRQE,H4019,UC,1,1,0.9159660211386988,2.388758041854671,0.5712761459550653
HSM6XRTC,H4009,nonIBD,0,0,0.2716945979697429,-0.9860418346107642,-1.7452334710548452
HSM7CYYZ,H4009,nonIBD,0,0,0.3649785567811142,-0.5538201638593403,-1.4485504991375855
HSM7J4JV,H4042,UC,1,4,0.8544922473311706,1.7702780616205172,0.1467428774398794
HSMA33IY,H4042,UC,1,4,0.9631794411064346,3.26418337519514,1.1721802818711888
HSMA33RL,H4042,UC,1,4,0.9760434424382536,3.707265007576889,1.4763176826369389
MSM5LLFK,M2026,UC,1,4,0.983854115288295,4.109812428655592,1.7526318364729296
MSM5LLFO,M2026,UC,1,4,0.8247585606616181,1.548926013321268,-0.005196250034278
MSM5LLHQ,M2008,CD,1,4,0.951235395586164,2.9707568258928605,0.9707682135334754
MSM5LLHZ,M2008,CD,1,4,0.9460112157809624,2.863478099642577,0.8971306023695118
MSM9VZM4,M2085,CD,1,1,0.6371314908676162,0.56293552150697,-0.6819938499442133
MSMAPC62,M2103,UC,1,3,0.7362008867691768,1.0263151467095015,-0.3639236243306128
PSM7J1BN,P6024,CD,1,0,0.9859062119858752,4.247827096456579,1.847367025803404
PSM7J1DH,P6014,nonIBD,0,0,0.4044858966264834,-0.386808202060247,-1.3339111635250422
CSM5FZ3N,C3001,CD,1,3,0.8007470529906929,1.390970000099256,-0.1136194564723926
CSM5FZ48,C3003,UC,1,2,0.8308662925298427,1.591779311850244,0.0242188506522074
CSM5FZ4C,C3001,CD,1,3,0.7885169566316702,1.316009089021816,-0.1650736693937771
CSM5FZ4K,C3003,UC,1,2,0.8711033722585679,1.910749904298776,0.243164705813329
CSM5MCU4,C3008,CD,1,3,0.9112062533328318,2.3284530477502527,0.5298819584742593
CSM5MCVV,C3001,CD,1,3,0.8844155147306936,2.0349252547337797,0.328400395041673
CSM5MCW4,C3008,CD,1,3,0.9188871037021696,2.427321302197592,0.5977465047074765
CSM5MCWK,C3010,CD,1,2,0.5292486611538073,0.1171283687033843,-0.9880020858704628
CSM5MCXZ,C3010,CD,1,2,0.5807874082909927,0.3260066133063286,-0.844625150905761
CSM5MCYK,C3003,UC,1,2,0.8905873335358006,2.096754505898189,0.3708408537881882
CSM5MCYU,C3013,UC,1,3,0.7331908530959268,1.0108724433662886,-0.3745237108888269
CSM67U9P,C3013,UC,1,3,0.9202442704808332,2.4456705636085294,0.610341693186618
CSM79HGH,C3013,UC,1,3,0.7820752370897873,1.277801068074655,-0.1913001868795232
CSM79HKR,C3008,CD,1,3,0.9498426068455964,2.941130369495844,0.950432201421998
CSM79HMZ,C3001,CD,1,3,0.7161170456927805,0.9252816047484578,-0.4332744540569838
CSM79HQR,C3034,UC,1,3,0.9773895506310792,3.766473132914925,1.5169589641265948
CSM7KONS,C3013,UC,1,3,0.7843171838538914,1.2910046250797838,-0.1822370815397323
CSM9X1XW,C3034,UC,1,3,0.9910933476307074,4.712010270528143,2.1659888185472016
CSM9X21P,C3034,UC,1,3,0.9713342893989516,3.522969026465236,1.349814355551199
HSM5MD87,H4010,UC,1,3,0.9215582476549874,2.4637096437014248,0.6227239688909095
HSM5MD8A,H4008,nonIBD,0,2,0.6656182643363542,0.6884330680515115,-0.5958505868995145
HSM67VDR,H4023,nonIBD,0,2,0.669760614766668,0.7071025558722152,-0.5830355905547223
HSM67VDX,H4022,nonIBD,0,3,0.5313347940216556,0.1255036527695221,-0.9822531742921212
HSM67VG6,H4008,nonIBD,0,2,0.5412605916839802,0.1654185370935932,-0.9548550420226044
HSM6XRSZ,H4008,nonIBD,0,2,0.5348361894039274,0.1395708875780437,-0.972597228484512
HSM7CZ2P,H4008,nonIBD,0,2,0.5358088099003693,0.1434808845054271,-0.9699133521610812
HSM7J4JW,H4043,CD,1,0,0.8043998969089956,1.4140242450889045,-0.0977947017650537
HSM7J4Q3,H4032,CD,1,2,0.5839860563185725,0.3391583282118566,-0.8355976307048486
HSMA33K2,H4030,CD,1,3,0.6958275573963614,0.8275070812846392,-0.5003882481168896
HSMA33LL,H4043,CD,1,0,0.8165368268981562,1.493058058948873,-0.0435447916733958
HSMA33LV,H4043,CD,1,0,0.787619194196044,1.3106337998259243,-0.1687633427291731
HSMA33PP,H4039,CD,1,1,0.8055348544792613,1.4212535257018153,-0.0928324229109337
MSM5LLEH,M2034,CD,1,2,0.8814938529795077,2.006653195629017,0.3089940600866512
MSM79H8J,M2075,nonIBD,0,1,0.5534892011608267,0.2147786563063412,-0.9209735690349848
MSM79H94,M2077,nonIBD,0,3,0.7578076580295238,1.140697392141046,-0.2854100587099836
MSM9VZH1,M2075,nonIBD,0,1,0.6714358726055966,0.7146864810356723,-0.5778298787439728
MSMAPC7D,M2075,nonIBD,0,1,0.496524761659024,-0.0139011772180293,-1.0779425903004016
PSM7J167,P6028,CD,1,1,0.9558879840174072,3.075908518056517,1.0429457988891713
PSM7J188,P6033,CD,1,2,0.9631439522316004,3.2631831600183707,1.1714937202494988
PSMA2651,P6033,CD,1,2,0.6154929639358835,0.4704614260636286,-0.745469356421697
PSMA267B,P6033,CD,1,2,0.757247022681908,1.1376451460967685,-0.2875051628861916
PSMA269E,P6028,CD,1,1,0.9454231158477038,2.8520221429935333,0.8892670742431111
PSMA26AJ,P6033,CD,1,2,0.6162124289901507,0.4735025573216919,-0.7433818815894792
CSM5FZ3T,C3002,CD,1,0,0.9986979167691826,6.642486880202213,3.491094838287354
CSM5FZ44,C3002,CD,1,0,0.9971622973634368,5.861918748409862,2.9553020060551107
CSM5FZ4O,C3005,UC,1,1,0.8193394731192106,1.5118787669265394,-0.0306259957076741
CSM5MCUU,C3005,UC,1,1,0.9249345768133702,2.511362964790918,0.6554338718857762
CSM67U9T,C3015,UC,1,3,0.7724021571655753,1.2219251190324578,-0.2296542161712897
CSM79HJI,C3030,CD,1,1,0.9064865966535424,2.271471466945062,0.4907690081484767
CSM79HK1,C3002,CD,1,0,0.9955696997213276,5.414847771085256,2.6484262633834765
CSM7KOPQ,C3015,UC,1,3,0.5626977804311256,0.2521181479071586,-0.8953432221836786
HSM5MD3L,H4014,CD,1,4,0.5355090257379179,0.1422756175493917,-0.970740664178659
HSM5MD5Z,H4016,nonIBD,0,0,0.8859701609795136,2.0502231117464764,0.3389010570621631
HSM5MD6U,H4016,nonIBD,0,0,0.7833120989372179,1.2850731360383965,-0.1863085381921349
HSM5MD8H,H4013,nonIBD,0,0,0.7809680695637087,1.2713167446950526,-0.1957511167178824
HSM67VHM,H4016,nonIBD,0,0,0.8407432299085359,1.6637684922480118,0.0736332262645322
HSM7J4JT,H4040,UC,1,0,0.9751015254692048,3.667735056492718,1.4491837739020834
HSMA33JH,H4031,CD,1,3,0.4260627622305142,-0.297933383879198,-1.2729062510672309
HSMA33NG,H4038,CD,1,0,0.7589910384719349,1.147155852743004,-0.2809768814422445
MSM5LLFG,M2028,CD,1,3,0.717269943432456,0.9309596811810706,-0.4293769433470921
MSM5LLGR,M2028,CD,1,3,0.7797365031640172,1.2641315035971092,-0.2006831662358388
MSM5LLHM,M2025,CD,1,4,0.3243829306186037,-0.7337017475868473,-1.5720237224044324
MSM5LLIC,M2025,CD,1,4,0.2730204361758215,-0.9793517166851596,-1.74064128097517
MSM6J2JF,M2041,nonIBD,0,1,0.7121138361542053,0.905672643297176,-0.4467343181805552
MSM6J2PE,M2025,CD,1,4,0.37013312534188,-0.5316457478422754,-1.433329671285444
MSM79HD6,M2071,UC,1,2,0.889365765233967,2.08427900740184,0.3622774979443882
MSM9VZFJ,M2079,nonIBD,0,4,0.4680260286304629,-0.128070651044766,-1.1563101065294208
PSM6XBQM,P6005,CD,1,4,0.8777565632881107,1.971354852935432,0.284764786260838
