participant_id,sample_t1,sample_t2,sample_t3,time_t1,time_t2,time_t3,dt12,dt23,score_t1,score_t2,score_t3,state_t1,state_t2,target_next_state,target_high_state,target_high_entry_or_persistence
C3001,CSM5FZ3N,CSM5FZ4C,CSM5MCVV,0.0,8.0,16.0,8.0,8.0,-0.0662806238460732,-0.0880064217299814,0.3433039220421384,HI_intermediate_state,HI_intermediate_state,HI_intermediate_state,0,0
C3001,CSM5FZ4C,CSM5MCVV,CSM67UA2,8.0,16.0,28.0,8.0,12.0,-0.0880064217299814,0.3433039220421384,-0.0707196973322844,HI_intermediate_state,HI_intermediate_state,HI_intermediate_state,0,0
C3001,CSM5MCVV,CSM67UA2,CSM79HMZ,16.0,28.0,46.0,12.0,18.0,0.3433039220421384,-0.0707196973322844,-0.2554539295406798,HI_intermediate_state,HI_intermediate_state,HI_intermediate_state,0,0
C3002,CSM5FZ3T,CSM5FZ44,CSM5MCVN,0.0,8.0,16.0,8.0,8.0,2.9771485425667747,2.4988059310248096,2.626345832411357,HI_high_state,HI_high_state,HI_high_state,1,1
C3002,CSM5FZ44,CSM5MCVN,CSM67UBN,8.0,16.0,32.0,8.0,16.0,2.4988059310248096,2.626345832411357,2.458130364573807,HI_high_state,HI_high_state,HI_high_state,1,1
C3002,CSM5MCVN,CSM67UBN,CSM79HK1,16.0,32.0,41.0,16.0,9.0,2.626345832411357,2.458130364573807,2.2238848258048525,HI_high_state,HI_high_state,HI_high_state,1,1
C3003,CSM5FZ48,CSM5FZ4K,CSM5MCYK,0.0,7.0,18.0,7.0,11.0,0.409622651558264,0.8168099956376383,0.9533255230703124,HI_high_state,HI_high_state,HI_high_state,1,1
C3003,CSM5FZ4K,CSM5MCYK,CSM67UBZ,7.0,18.0,26.0,11.0,8.0,0.8168099956376383,0.9533255230703124,1.804926098018779,HI_high_state,HI_high_state,HI_high_state,1,1
C3003,CSM5MCYK,CSM67UBZ,CSM79HLM,18.0,26.0,38.0,8.0,12.0,0.9533255230703124,1.804926098018779,1.5668118460924565,HI_high_state,HI_high_state,HI_high_state,1,1
C3004,CSM5FZ4A,CSM5MCUC,CSM5MCXL,0.0,8.0,16.0,8.0,8.0,0.4703791403428092,-0.2450101624585909,-0.2271715258475561,HI_high_state,HI_intermediate_state,HI_intermediate_state,0,0
C3004,CSM5MCUC,CSM5MCXL,CSM67UDN,8.0,16.0,28.0,8.0,12.0,-0.2450101624585909,-0.2271715258475561,0.6503600588091822,HI_intermediate_state,HI_intermediate_state,HI_high_state,1,1
C3004,CSM5MCXL,CSM67UDN,CSM79HLA,16.0,28.0,36.0,12.0,8.0,-0.2271715258475561,0.6503600588091822,-0.1592681817675094,HI_intermediate_state,HI_high_state,HI_intermediate_state,0,0
C3005,CSM5FZ4O,CSM5MCUU,CSM5MCY8,0.0,5.0,15.0,5.0,10.0,-0.0460482963115119,0.7204941177659321,0.7006489285582466,HI_intermediate_state,HI_high_state,HI_high_state,1,1
C3005,CSM5MCUU,CSM5MCY8,CSM67UEA,5.0,15.0,27.0,10.0,12.0,0.7204941177659321,0.7006489285582466,0.6149198260912165,HI_high_state,HI_high_state,HI_high_state,1,1
C3005,CSM5MCY8,CSM67UEA,CSM67UEI,15.0,27.0,36.0,12.0,9.0,0.7006489285582466,0.6149198260912165,1.2249661003458054,HI_high_state,HI_high_state,HI_high_state,1,1
C3006,CSM5MCTZ,CSM5MCUM,CSM5MCX3,0.0,8.0,15.0,8.0,7.0,1.748719198228693,1.2362558936830597,1.788262277923941,HI_high_state,HI_high_state,HI_high_state,1,1
C3006,CSM5MCUM,CSM5MCX3,CSM67UFZ,8.0,15.0,25.0,7.0,10.0,1.2362558936830597,1.788262277923941,2.729742971147766,HI_high_state,HI_high_state,HI_high_state,1,1
C3006,CSM5MCX3,CSM67UFZ,CSM79HMN,15.0,25.0,35.0,10.0,10.0,1.788262277923941,2.729742971147766,2.3843421862172227,HI_high_state,HI_high_state,HI_high_state,1,1
C3009,CSM5MCVH,CSM67UAA,CSM79HI7,0.0,16.0,30.0,16.0,14.0,-0.082020467057529,0.5818875916271888,0.1844519951832977,HI_intermediate_state,HI_high_state,HI_intermediate_state,0,0
C3009,CSM67UAA,CSM79HI7,CSM7KOJO,16.0,30.0,46.0,14.0,16.0,0.5818875916271888,0.1844519951832977,0.4976518458302105,HI_high_state,HI_intermediate_state,HI_high_state,1,1
C3010,CSM5MCWK,CSM5MCXZ,CSM67UCK,0.0,7.0,16.0,7.0,9.0,-1.1717313772663611,-0.9545587920890052,-1.1021696716376734,HI_low_state,HI_low_state,HI_low_state,0,0
C3010,CSM5MCXZ,CSM67UCK,CSM7KOLE,7.0,16.0,45.0,9.0,29.0,-0.9545587920890052,-1.1021696716376734,-0.7384588787510632,HI_low_state,HI_low_state,HI_low_state,0,0
C3011,CSM5MCXB,CSM5MCYO,CSM67UEW,0.0,6.0,14.0,6.0,8.0,0.0901634426760076,0.43784599484175,0.2136303666162199,HI_intermediate_state,HI_high_state,HI_intermediate_state,0,0
C3011,CSM5MCYO,CSM67UEW,CSM7KOMT,6.0,14.0,41.0,8.0,27.0,0.43784599484175,0.2136303666162199,-0.2220268453116747,HI_high_state,HI_intermediate_state,HI_intermediate_state,0,0
C3012,CSM5MCXF,CSM5MCZF,CSM67UGO,0.0,6.0,16.0,6.0,10.0,0.5038435087610593,0.4681230861823829,0.3623229826615776,HI_high_state,HI_high_state,HI_intermediate_state,0,0
C3012,CSM5MCZF,CSM67UGO,CSM7KON8,6.0,16.0,46.0,10.0,30.0,0.4681230861823829,0.3623229826615776,0.4511848566304576,HI_high_state,HI_intermediate_state,HI_high_state,1,1
C3013,CSM5MCYU,CSM67U9P,CSM79HGH,0.0,8.0,17.0,8.0,9.0,-0.3491572209191808,0.4736523210150734,-0.1965572101217951,HI_intermediate_state,HI_high_state,HI_intermediate_state,0,0
C3013,CSM67U9P,CSM79HGH,CSM7KONS,8.0,17.0,36.0,9.0,19.0,0.4736523210150734,-0.1965572101217951,-0.1889126860582393,HI_high_state,HI_intermediate_state,HI_intermediate_state,0,0
C3015,CSM67U9T,CSM67UAQ,CSM7KOPI,0.0,8.0,38.0,8.0,30.0,-0.1781242968001973,-0.8753034939741068,-1.0272757345027794,HI_intermediate_state,HI_low_state,HI_low_state,0,0
C3015,CSM67UAQ,CSM7KOPI,CSM7KOPQ,8.0,38.0,46.0,30.0,8.0,-0.8753034939741068,-1.0272757345027794,-0.8558318577963644,HI_low_state,HI_low_state,HI_low_state,0,0
C3016,CSM67U9V,CSM67UB1,CSM79HIT,0.0,8.0,16.0,8.0,8.0,0.5711892452546903,0.3136016208088708,-0.4135250422368208,HI_high_state,HI_intermediate_state,HI_intermediate_state,0,0
C3016,CSM67UB1,CSM79HIT,CSM7KOPS,8.0,16.0,36.0,8.0,20.0,0.3136016208088708,-0.4135250422368208,1.2791900549800783,HI_intermediate_state,HI_intermediate_state,HI_high_state,1,1
C3016,CSM79HIT,CSM7KOPS,CSM7KOQ3,16.0,36.0,46.0,20.0,10.0,-0.4135250422368208,1.2791900549800783,0.7521759185603388,HI_intermediate_state,HI_high_state,HI_high_state,1,1
C3017,CSM67U9X,CSM67UBB,CSM79HJ6,0.0,9.0,16.0,9.0,7.0,0.6268699278874078,-0.4556218929303035,0.7425936944264443,HI_high_state,HI_intermediate_state,HI_high_state,1,1
C3017,CSM67UBB,CSM79HJ6,CSM7KOQZ,9.0,16.0,38.0,7.0,22.0,-0.4556218929303035,0.7425936944264443,0.9234861324095244,HI_intermediate_state,HI_high_state,HI_high_state,1,1
C3017,CSM79HJ6,CSM7KOQZ,CSM7KOR8,16.0,38.0,46.0,22.0,8.0,0.7425936944264443,0.9234861324095244,-0.5961286130580464,HI_high_state,HI_high_state,HI_low_state,0,0
C3022,CSM67UH7,CSM79HGZ,CSM7KOOH,0.0,10.0,26.0,10.0,16.0,-1.4296027153029158,-0.6995648666230153,-1.021917174426349,HI_low_state,HI_low_state,HI_low_state,0,0
C3022,CSM79HGZ,CSM7KOOH,CSM7KOOR,10.0,26.0,36.0,16.0,10.0,-0.6995648666230153,-1.021917174426349,-0.5462993124244566,HI_low_state,HI_low_state,HI_low_state,0,0
C3022,CSM7KOOH,CSM7KOOR,CSMAG78W,26.0,36.0,46.0,10.0,10.0,-1.021917174426349,-0.5462993124244566,-0.7549692831360414,HI_low_state,HI_low_state,HI_low_state,0,0
C3023,CSM79HG4,CSM79HH8,CSM7KONC,0.0,8.0,26.0,8.0,18.0,0.1535557890394693,0.5891103533608268,0.0678977237608616,HI_intermediate_state,HI_high_state,HI_intermediate_state,0,0
C3023,CSM79HH8,CSM7KONC,CSM7KONK,8.0,26.0,34.0,18.0,8.0,0.5891103533608268,0.0678977237608616,0.7590308697250658,HI_high_state,HI_intermediate_state,HI_high_state,1,1
C3023,CSM7KONC,CSM7KONK,CSM7KOTK,26.0,34.0,46.0,8.0,12.0,0.0678977237608616,0.7590308697250658,0.1148982573632436,HI_intermediate_state,HI_high_state,HI_intermediate_state,0,0
C3027,CSM79HJM,CSM79HJS,CSM7KOOV,2.0,8.0,26.0,6.0,18.0,-0.5194966640117482,-0.4014324646878831,-0.3979174547732196,HI_low_state,HI_intermediate_state,HI_intermediate_state,0,0
C3027,CSM79HJS,CSM7KOOV,CSMA9J65,8.0,26.0,38.0,18.0,12.0,-0.4014324646878831,-0.3979174547732196,0.1120522480506222,HI_intermediate_state,HI_intermediate_state,HI_intermediate_state,0,0
C3032,CSM7KOP8,CSM7KOPC,CSM7KOU9,4.0,8.0,14.0,4.0,6.0,-0.4882580329500449,-0.6075825267875011,-0.7347557431707039,HI_intermediate_state,HI_low_state,HI_low_state,0,0
C3032,CSM7KOPC,CSM7KOU9,CSM7KOUF,8.0,14.0,20.0,6.0,6.0,-0.6075825267875011,-0.7347557431707039,-0.8282878330897392,HI_low_state,HI_low_state,HI_low_state,0,0
C3032,CSM7KOU9,CSM7KOUF,CSM9X22G,14.0,20.0,37.0,6.0,17.0,-0.7347557431707039,-0.8282878330897392,-0.6077495639716922,HI_low_state,HI_low_state,HI_low_state,0,0
C3034,CSM79HQR,CSM7KORU,CSM9X1XW,0.0,8.0,16.0,8.0,8.0,1.2332593937510177,1.9221139717239908,1.7785174263231822,HI_high_state,HI_high_state,HI_high_state,1,1
C3034,CSM7KORU,CSM9X1XW,CSM9X21P,8.0,16.0,40.0,8.0,24.0,1.9221139717239908,1.7785174263231822,1.0935599693400333,HI_high_state,HI_high_state,HI_high_state,1,1
E5004,ESM5MEEG,ESM5GEZ6,ESM5MEBU,0.0,5.0,15.0,5.0,10.0,1.042991090526604,0.8642394228025381,0.8785880000002216,HI_high_state,HI_high_state,HI_high_state,1,1
E5004,ESM5GEZ6,ESM5MEBU,ESM5MEC5,5.0,15.0,26.0,10.0,11.0,0.8642394228025381,0.8785880000002216,0.9301627757699716,HI_high_state,HI_high_state,HI_high_state,1,1
E5004,ESM5MEBU,ESM5MEC5,ESM718SY,15.0,26.0,39.0,11.0,13.0,0.8785880000002216,0.9301627757699716,0.9174795237119292,HI_high_state,HI_high_state,HI_high_state,1,1
E5009,ESM5MEDN,ESM5MEDD,ESM718UH,2.0,9.0,15.0,7.0,6.0,-1.051961246869758,-1.330198677673091,-0.8953035148359388,HI_low_state,HI_low_state,HI_low_state,0,0
E5009,ESM5MEDD,ESM718UH,ESM9IEP5,9.0,15.0,42.0,6.0,27.0,-1.330198677673091,-0.8953035148359388,-1.2571986548574972,HI_low_state,HI_low_state,HI_low_state,0,0
E5013,ESM5MEB9,ESM718V8,ESM718TM,0.0,7.0,16.0,7.0,9.0,-0.695425097245674,-0.7398931053291499,-0.6145692642834215,HI_low_state,HI_low_state,HI_low_state,0,0
E5013,ESM718V8,ESM718TM,ESM9IEP1,7.0,16.0,39.0,9.0,23.0,-0.7398931053291499,-0.6145692642834215,-1.077990673943954,HI_low_state,HI_low_state,HI_low_state,0,0
H4001,HSM5FZBJ,HSM5MD7W,HSM5MD5K,0.0,11.0,15.0,11.0,4.0,0.0853960331274843,-0.2250087073399472,0.1978017437317112,HI_intermediate_state,HI_intermediate_state,HI_intermediate_state,0,0
H4001,HSM5MD7W,HSM5MD5K,HSM5MD7H,11.0,15.0,25.0,4.0,10.0,-0.2250087073399472,0.1978017437317112,-0.4587278336054858,HI_intermediate_state,HI_intermediate_state,HI_intermediate_state,0,0
H4001,HSM5MD5K,HSM5MD7H,HSM5MD79,15.0,25.0,33.0,10.0,8.0,0.1978017437317112,-0.4587278336054858,-0.1132571321600637,HI_intermediate_state,HI_intermediate_state,HI_intermediate_state,0,0
H4001,HSM5MD7H,HSM5MD79,HSM67VEA,25.0,33.0,46.0,8.0,13.0,-0.4587278336054858,-0.1132571321600637,-0.3989186966561091,HI_intermediate_state,HI_intermediate_state,HI_intermediate_state,0,0
H4004,HSM5MD4S,HSM5MD4W,HSM5MD5P,0.0,4.0,16.0,4.0,12.0,0.0079495881678621,-0.0443823505907075,-0.4139066240967468,HI_intermediate_state,HI_intermediate_state,HI_intermediate_state,0,0
H4004,HSM5MD4W,HSM5MD5P,HSM6XRSG,4.0,16.0,24.0,12.0,8.0,-0.0443823505907075,-0.4139066240967468,0.3196411672111752,HI_intermediate_state,HI_intermediate_state,HI_intermediate_state,0,0
H4004,HSM5MD5P,HSM6XRSG,HSM7CYZT,16.0,24.0,36.0,8.0,12.0,-0.4139066240967468,0.3196411672111752,-0.25224165632022,HI_intermediate_state,HI_intermediate_state,HI_intermediate_state,0,0
H4004,HSM6XRSG,HSM7CYZT,HSM7CZ14,24.0,36.0,46.0,12.0,10.0,0.3196411672111752,-0.25224165632022,-0.332524905741116,HI_intermediate_state,HI_intermediate_state,HI_intermediate_state,0,0
H4006,HSM5MD86,HSM5MD4A,HSM5MD7O,0.0,6.0,16.0,6.0,10.0,0.3572527961654784,0.1135116477658744,0.7468633788556585,HI_intermediate_state,HI_intermediate_state,HI_high_state,1,1
H4006,HSM5MD4A,HSM5MD7O,HSM67VEE,6.0,16.0,26.0,10.0,10.0,0.1135116477658744,0.7468633788556585,0.2064911810640611,HI_intermediate_state,HI_high_state,HI_intermediate_state,0,0
H4006,HSM5MD7O,HSM67VEE,HSM7CYX2,16.0,26.0,36.0,10.0,10.0,0.7468633788556585,0.2064911810640611,-0.3504617876807961,HI_high_state,HI_intermediate_state,HI_intermediate_state,0,0
H4007,HSM5MD4Q,HSM5MD4O,HSM6XRSN,4.0,9.0,16.0,5.0,7.0,2.0636267960956123,1.7294009813602726,1.087227511301701,HI_high_state,HI_high_state,HI_high_state,1,1
H4008,HSM5MD8A,HSM5MD5D,HSM6XRSZ,0.0,8.0,16.0,8.0,8.0,-0.5074981699313276,-1.536880172088301,-1.2117939614044264,HI_intermediate_state,HI_low_state,HI_low_state,0,0
H4008,HSM5MD5D,HSM6XRSZ,HSM67VFZ,8.0,16.0,26.0,8.0,10.0,-1.536880172088301,-1.2117939614044264,-1.6694758928237747,HI_low_state,HI_low_state,HI_low_state,0,0
H4008,HSM6XRSZ,HSM67VFZ,HSM7CZ2P,16.0,26.0,45.0,10.0,19.0,-1.2117939614044264,-1.6694758928237747,-1.1344773316561625,HI_low_state,HI_low_state,HI_low_state,0,0
H4009,HSM5MD82,HSM5MD8B,HSM6XRTC,0.0,7.0,15.0,7.0,8.0,-1.3130727851713515,-1.3614909272580984,-1.3815767465017357,HI_low_state,HI_low_state,HI_low_state,0,0
H4009,HSM5MD8B,HSM6XRTC,HSM67VGA,7.0,15.0,23.0,8.0,8.0,-1.3614909272580984,-1.3815767465017357,-1.069088724904112,HI_low_state,HI_low_state,HI_low_state,0,0
H4009,HSM6XRTC,HSM67VGA,HSM7CYYZ,15.0,23.0,46.0,8.0,23.0,-1.3815767465017357,-1.069088724904112,-1.184666264723628,HI_low_state,HI_low_state,HI_low_state,0,0
H4010,HSM5MD87,HSM5MD43,HSM5MD3Y,0.0,6.0,11.0,6.0,5.0,0.2689572003276578,0.3438156380627072,-0.3054893528497427,HI_intermediate_state,HI_intermediate_state,HI_intermediate_state,0,0
H4010,HSM5MD43,HSM5MD3Y,HSM6XRTM,6.0,11.0,22.0,5.0,11.0,0.3438156380627072,-0.3054893528497427,0.8248186565475392,HI_intermediate_state,HI_intermediate_state,HI_high_state,1,1
H4010,HSM5MD3Y,HSM6XRTM,HSM67VH1,11.0,22.0,47.0,11.0,25.0,-0.3054893528497427,0.8248186565475392,-0.3185426532363495,HI_intermediate_state,HI_high_state,HI_intermediate_state,0,0
H4013,HSM5MD6K,HSM6XRRJ,HSM6XRVC,7.0,15.0,25.0,8.0,10.0,-0.5438646759392383,-0.2131545991952233,-0.7839436203230079,HI_low_state,HI_intermediate_state,HI_low_state,0,0
H4013,HSM6XRRJ,HSM6XRVC,HSM6XRVK,15.0,25.0,31.0,10.0,6.0,-0.2131545991952233,-0.7839436203230079,-0.6782907276401533,HI_intermediate_state,HI_low_state,HI_low_state,0,0
H4013,HSM6XRVC,HSM6XRVK,HSM7J4R2,25.0,31.0,41.0,6.0,10.0,-0.7839436203230079,-0.6782907276401533,-0.4242335111865131,HI_low_state,HI_low_state,HI_intermediate_state,0,0
H4014,HSM5MD3L,HSM5MD6A,HSM6XRRV,0.0,8.0,16.0,8.0,8.0,-1.0814944562567492,-0.2518874211630733,0.4936843422828088,HI_low_state,HI_intermediate_state,HI_high_state,1,1
H4014,HSM5MD6A,HSM6XRRV,HSM6XRVO,8.0,16.0,27.0,8.0,11.0,-0.2518874211630733,0.4936843422828088,0.8773220571569322,HI_intermediate_state,HI_high_state,HI_high_state,1,1
H4014,HSM6XRRV,HSM6XRVO,HSM7J4QT,16.0,27.0,50.0,11.0,23.0,0.4936843422828088,0.8773220571569322,1.3203613614152072,HI_high_state,HI_high_state,HI_high_state,1,1
H4015,HSM5MD62,HSM5MD73,HSM7CYZ7,2.0,8.0,26.0,6.0,18.0,0.352594196745917,0.1734460761936484,-0.0107113258657362,HI_intermediate_state,HI_intermediate_state,HI_intermediate_state,0,0
H4015,HSM5MD73,HSM7CYZ7,HSM7J4QJ,8.0,26.0,44.0,18.0,18.0,0.1734460761936484,-0.0107113258657362,0.2398953838190682,HI_intermediate_state,HI_intermediate_state,HI_intermediate_state,0,0
H4016,HSM5MD6U,HSM67VF3,HSM7J4I3,8.0,15.0,35.0,7.0,20.0,-0.2098545857768183,0.0572682589390316,0.2561179732747754,HI_intermediate_state,HI_intermediate_state,HI_intermediate_state,0,0
H4016,HSM67VF3,HSM7J4I3,HSM7J4KQ,15.0,35.0,47.0,20.0,12.0,0.0572682589390316,0.2561179732747754,0.0237902642145107,HI_intermediate_state,HI_intermediate_state,HI_intermediate_state,0,0
H4018,HSM6XRQC,HSM67VFR,HSM7J4LD,0.0,18.0,36.0,18.0,18.0,0.4931089634204356,0.4150733369977921,0.0998223658404455,HI_high_state,HI_high_state,HI_intermediate_state,0,0
H4018,HSM67VFR,HSM7J4LD,HSM7J4LN,18.0,36.0,46.0,18.0,10.0,0.4150733369977921,0.0998223658404455,-0.0744420457671089,HI_high_state,HI_intermediate_state,HI_intermediate_state,0,0
H4019,HSM6XRQE,HSM6XRRD,HSM6XRV2,0.0,10.0,16.0,10.0,6.0,0.6923241970943984,0.1891879976422284,1.7616323742740134,HI_high_state,HI_intermediate_state,HI_high_state,1,1
H4019,HSM6XRRD,HSM6XRV2,HSM7J4M4,10.0,16.0,37.0,6.0,21.0,0.1891879976422284,1.7616323742740134,1.5609678903673734,HI_intermediate_state,HI_high_state,HI_high_state,1,1
H4019,HSM6XRV2,HSM7J4M4,HSM7J4ME,16.0,37.0,46.0,21.0,9.0,1.7616323742740134,1.5609678903673734,0.93454908126935,HI_high_state,HI_high_state,HI_high_state,1,1
H4022,HSM67VDX,HSM67VES,HSM7CYZJ,0.0,6.0,14.0,6.0,8.0,-0.7786711381087369,-1.4344869753175056,-1.5608463294864057,HI_low_state,HI_low_state,HI_low_state,0,0
H4022,HSM67VES,HSM7CYZJ,HSM7J4G1,6.0,14.0,28.0,8.0,14.0,-1.4344869753175056,-1.5608463294864057,-1.2649877355864092,HI_low_state,HI_low_state,HI_low_state,0,0
H4022,HSM7CYZJ,HSM7J4G1,HSM7J4IU,14.0,28.0,36.0,14.0,8.0,-1.5608463294864057,-1.2649877355864092,-1.1413108174511326,HI_low_state,HI_low_state,HI_low_state,0,0
H4023,HSM67VDR,HSM6XRQ8,HSM7J4HC,0.0,9.0,24.0,9.0,15.0,-0.5671544528079571,-0.3150405072675331,-0.9182225169557968,HI_low_state,HI_intermediate_state,HI_low_state,0,0
H4023,HSM6XRQ8,HSM7J4HC,HSM7J4KC,9.0,24.0,35.0,15.0,11.0,-0.3150405072675331,-0.9182225169557968,-0.4869226109459901,HI_intermediate_state,HI_low_state,HI_intermediate_state,0,0
H4023,HSM7J4HC,HSM7J4KC,HSM7J4KK,24.0,35.0,43.0,11.0,8.0,-0.9182225169557968,-0.4869226109459901,-1.5599744116957506,HI_low_state,HI_intermediate_state,HI_low_state,0,0
H4024,HSM67VI5,HSM7J4O1,HSM7J4O3,3.0,38.0,40.0,35.0,2.0,-1.096605083394936,-1.1847158659291304,-1.0596251069426432,HI_low_state,HI_low_state,HI_low_state,0,0
H4027,HSM7J4GR,HSM7J4NE,HSMA33O1,17.0,25.0,35.0,8.0,10.0,1.1707297604102358,1.0263116015075626,0.58410039390408,HI_high_state,HI_high_state,HI_high_state,1,1
H4027,HSM7J4NE,HSMA33O1,HSMA33O5,25.0,35.0,40.0,10.0,5.0,1.0263116015075626,0.58410039390408,1.3695555735511906,HI_high_state,HI_high_state,HI_high_state,1,1
H4031,HSM7CZ3G,HSM7J4MK,HSM7J4OE,8.0,16.0,26.0,8.0,10.0,-1.0126218280717003,-1.071279758421092,-1.2773280396602305,HI_low_state,HI_low_state,HI_low_state,0,0
H4035,HSM7J4HS,HSM7J4JZ,HSM7J4K8,8.0,12.0,20.0,4.0,8.0,1.9561346560070687,2.1059515018503583,0.6328859479686386,HI_high_state,HI_high_state,HI_high_state,1,1
H4035,HSM7J4JZ,HSM7J4K8,HSMA33OR,12.0,20.0,26.0,8.0,6.0,2.1059515018503583,0.6328859479686386,1.8902836447264868,HI_high_state,HI_high_state,HI_high_state,1,1
H4035,HSM7J4K8,HSMA33OR,HSMA33MI,20.0,26.0,44.0,6.0,18.0,0.6328859479686386,1.8902836447264868,1.913336159072744,HI_high_state,HI_high_state,HI_high_state,1,1
M2008,MSM5LLDS,MSM5LLHZ,MSM5LLHQ,10.0,17.0,27.0,7.0,10.0,0.556559424423889,0.6032233583642131,0.6641440194657383,HI_high_state,HI_high_state,HI_high_state,1,1
M2008,MSM5LLHZ,MSM5LLHQ,MSM5LLDA,17.0,27.0,37.0,10.0,10.0,0.6032233583642131,0.6641440194657383,0.538821939078918,HI_high_state,HI_high_state,HI_high_state,1,1
M2008,MSM5LLHQ,MSM5LLDA,MSM6J2LB,27.0,37.0,52.0,10.0,15.0,0.6641440194657383,0.538821939078918,0.9472432013099372,HI_high_state,HI_high_state,HI_high_state,1,1
M2014,MSM5FZ9X,MSM5FZA2,MSM5LLGH,4.0,8.0,16.0,4.0,8.0,0.162996688345057,0.189332384709377,1.0600138610139265,HI_intermediate_state,HI_intermediate_state,HI_high_state,1,1
M2014,MSM5FZA2,MSM5LLGH,MSM6J2IQ,8.0,16.0,26.0,8.0,10.0,0.189332384709377,1.0600138610139265,0.4801863166917098,HI_intermediate_state,HI_high_state,HI_high_state,1,1
M2014,MSM5LLGH,MSM6J2IQ,MSM6J2J1,16.0,26.0,36.0,10.0,10.0,1.0600138610139265,0.4801863166917098,1.02048616904569,HI_high_state,HI_high_state,HI_high_state,1,1
M2014,MSM6J2IQ,MSM6J2J1,MSM6J2QZ,26.0,36.0,48.0,10.0,12.0,0.4801863166917098,1.02048616904569,0.8815061467734665,HI_high_state,HI_high_state,HI_high_state,1,1
M2025,MSM5LLIC,MSM5LLHM,MSM6J2J5,0.0,11.0,18.0,11.0,7.0,-1.7432074637228885,-1.5741212350345728,-1.8950417782874347,HI_low_state,HI_low_state,HI_low_state,0,0
M2025,MSM5LLHM,MSM6J2J5,MSM6J2PE,11.0,18.0,30.0,7.0,12.0,-1.5741212350345728,-1.8950417782874347,-1.435421838648699,HI_low_state,HI_low_state,HI_low_state,0,0
M2025,MSM6J2J5,MSM6J2PE,MSM6J2PM,18.0,30.0,38.0,12.0,8.0,-1.8950417782874347,-1.435421838648699,-0.6980647072688602,HI_low_state,HI_low_state,HI_low_state,0,0
M2026,MSM5LLFK,MSM5LLFO,MSM6J2HF,2.0,6.0,18.0,4.0,12.0,1.2175050308764928,-0.0838758773678564,0.3414005449643597,HI_high_state,HI_intermediate_state,HI_intermediate_state,0,0
M2027,MSM5LLIS,MSM5LLH8,MSM6J2KE,0.0,8.0,18.0,8.0,10.0,-0.3372134157027094,-0.7376459130872167,-0.9916037099661232,HI_intermediate_state,HI_low_state,HI_low_state,0,0
M2027,MSM5LLH8,MSM6J2KE,MSM6J2R2,8.0,18.0,26.0,10.0,8.0,-0.7376459130872167,-0.9916037099661232,-0.6997707140147423,HI_low_state,HI_low_state,HI_low_state,0,0
M2028,MSM5LLFG,MSM5LLGR,MSM6J2IG,0.0,6.0,17.0,6.0,11.0,-0.426497494471368,-0.2814870399693572,-0.3007775955041217,HI_intermediate_state,HI_intermediate_state,HI_intermediate_state,0,0
M2034,MSM5LLEH,MSM5LLF4,MSM6J2LL,0.0,7.0,17.0,7.0,10.0,0.5032909610738491,0.2486635833200695,-0.0820974447352117,HI_high_state,HI_intermediate_state,HI_intermediate_state,0,0
M2039,MSM6J2H9,MSM6J2QP,MSM79HAH,0.0,20.0,48.0,20.0,28.0,1.1279882772178529,-0.8770031356336809,-0.8331959787504079,HI_high_state,HI_low_state,HI_low_state,0,0
M2047,MSM6J2PO,MSM79H7Q,MSM79H7Y,0.0,28.0,33.0,28.0,5.0,-1.83096234419121,-2.220221524919637,-1.9534001625824189,HI_low_state,HI_low_state,HI_low_state,0,0
M2047,MSM79H7Q,MSM79H7Y,MSM9VZNL,28.0,33.0,39.0,5.0,6.0,-2.220221524919637,-1.9534001625824189,-2.2294014071011605,HI_low_state,HI_low_state,HI_low_state,0,0
M2060,MSM79H52,MSM9VZF7,MSM9VZPV,2.0,27.0,40.0,25.0,13.0,-0.8054318758475787,-0.5442427662829292,-0.6173486620070614,HI_low_state,HI_low_state,HI_low_state,0,0
M2061,MSM6J2NA,MSM9VZGO,MSM9VZLJ,0.0,30.0,38.0,30.0,8.0,-1.567006097527316,-1.1121141214213242,-1.5638788191376116,HI_low_state,HI_low_state,HI_low_state,0,0
M2068,MSM79HDQ,MSM9VZEK,MSM9VZES,8.0,15.0,23.0,7.0,8.0,1.159263648353665,0.3532331802206572,0.8930339518634534,HI_high_state,HI_intermediate_state,HI_high_state,1,1
M2068,MSM9VZEK,MSM9VZES,MSMA26AL,15.0,23.0,39.0,8.0,16.0,0.3532331802206572,0.8930339518634534,-0.7439744697738736,HI_intermediate_state,HI_high_state,HI_low_state,0,0
M2069,MSM79HDE,MSM9VZEW,MSM9VZOU,8.0,16.0,28.0,8.0,12.0,1.6411836529295067,1.372543992311445,1.2438006699848134,HI_high_state,HI_high_state,HI_high_state,1,1
M2072,MSM79H85,MSM9VZOI,MSM9VZHR,15.0,25.0,43.0,10.0,18.0,-0.2203689339828436,-0.522871454785484,-0.6323894008399816,HI_intermediate_state,HI_low_state,HI_low_state,0,0
M2075,MSM79H8D,MSM79H8J,MSM9VZJZ,0.0,5.0,14.0,5.0,9.0,-0.7807901155758764,-0.897021704959752,-1.3407044722923664,HI_low_state,HI_low_state,HI_low_state,0,0
M2075,MSM79H8J,MSM9VZJZ,MSM9VZH1,5.0,14.0,28.0,9.0,14.0,-0.897021704959752,-1.3407044722923664,-0.5712350108308494,HI_low_state,HI_low_state,HI_low_state,0,0
M2075,MSM9VZJZ,MSM9VZH1,MSMAPC7J,14.0,28.0,37.0,14.0,9.0,-1.3407044722923664,-0.5712350108308494,-0.7119126324565465,HI_low_state,HI_low_state,HI_low_state,0,0
M2079,MSM9VZFJ,MSM9VZFR,MSM9VZKE,0.0,8.0,17.0,8.0,9.0,-0.9832509922422776,-0.4249958936237093,-0.9602104278475468,HI_low_state,HI_intermediate_state,HI_low_state,0,0
M2079,MSM9VZFR,MSM9VZKE,MSMA26BR,8.0,17.0,32.0,9.0,15.0,-0.4249958936237093,-0.9602104278475468,-1.2284047170696213,HI_intermediate_state,HI_low_state,HI_low_state,0,0
M2084,MSM9VZMM,MSM9VZMU,MSM9VZL9,0.0,8.0,14.0,8.0,6.0,-0.8049361689157679,-0.999968559286546,-0.9285543382722355,HI_low_state,HI_low_state,HI_low_state,0,0
M2084,MSM9VZMU,MSM9VZL9,MSMA26BB,8.0,14.0,25.0,6.0,11.0,-0.999968559286546,-0.9285543382722355,-1.2451067629457693,HI_low_state,HI_low_state,HI_low_state,0,0
M2085,MSM9VZM4,MSM9VZPL,MSMA26CX,0.0,7.0,26.0,7.0,19.0,-1.0239068823935522,0.1967956044095269,-1.643039887880264,HI_low_state,HI_intermediate_state,HI_low_state,0,0
M2085,MSM9VZPL,MSMA26CX,MSMAPC6G,7.0,26.0,36.0,19.0,10.0,0.1967956044095269,-1.643039887880264,-1.721185184289179,HI_intermediate_state,HI_low_state,HI_low_state,0,0
M2085,MSMA26CX,MSMAPC6G,MSMB4LXY,26.0,36.0,40.0,10.0,4.0,-1.643039887880264,-1.721185184289179,-0.6581835999681585,HI_low_state,HI_low_state,HI_low_state,0,0
P6005,PSM6XBQM,PSM6XBQY,PSM6XBSS,0.0,8.0,16.0,8.0,8.0,0.287118484290135,1.2489425559407712,0.8866543089968018,HI_intermediate_state,HI_high_state,HI_high_state,1,1
P6005,PSM6XBQY,PSM6XBSS,PSM7J136,8.0,16.0,41.0,8.0,25.0,1.2489425559407712,0.8866543089968018,0.9866805692877848,HI_high_state,HI_high_state,HI_high_state,1,1
P6009,PSM6XBRK,PSM6XBS6,PSM7J1CK,0.0,5.0,25.0,5.0,20.0,-0.2745698212735754,0.0535885177479478,-0.1222907646078009,HI_intermediate_state,HI_intermediate_state,HI_intermediate_state,0,0
P6009,PSM6XBS6,PSM7J1CK,PSM7J1CU,5.0,25.0,36.0,20.0,11.0,0.0535885177479478,-0.1222907646078009,0.1532903013578258,HI_intermediate_state,HI_intermediate_state,HI_intermediate_state,0,0
P6009,PSM7J1CK,PSM7J1CU,PSM7J141,25.0,36.0,44.0,11.0,8.0,-0.1222907646078009,0.1532903013578258,0.0370591277337023,HI_intermediate_state,HI_intermediate_state,HI_intermediate_state,0,0
P6010,PSM6XBSI,PSM6XBSK,PSM6XBUO,2.0,9.0,25.0,7.0,16.0,1.3746971436774684,0.2428033403502075,1.5365005770070232,HI_high_state,HI_intermediate_state,HI_high_state,1,1
P6010,PSM6XBSK,PSM6XBUO,PSM7J14L,9.0,25.0,40.0,16.0,15.0,0.2428033403502075,1.5365005770070232,2.1916890884592672,HI_intermediate_state,HI_high_state,HI_high_state,1,1
P6010,PSM6XBUO,PSM7J14L,PSM7J14T,25.0,40.0,47.0,15.0,7.0,1.5365005770070232,2.1916890884592672,-0.4386423426219734,HI_high_state,HI_high_state,HI_intermediate_state,0,0
P6016,PSM7J17L,PSM7J158,PSMA265N,16.0,26.0,38.0,10.0,12.0,1.5225848902804868,0.5137367177970952,0.431722679062159,HI_high_state,HI_high_state,HI_high_state,1,1
P6018,PSM7J17X,PSM7J15M,PSM7J15U,16.0,28.0,36.0,12.0,8.0,-0.1515177343940691,-0.4297390120897575,-0.8323053333017328,HI_intermediate_state,HI_intermediate_state,HI_low_state,0,0
P6024,PSM7J1BN,PSM7J12J,PSM7J12R,6.0,15.0,23.0,9.0,8.0,1.636573066799612,0.972831207355114,0.4786418723648837,HI_high_state,HI_high_state,HI_high_state,1,1
P6024,PSM7J12J,PSM7J12R,PSMA263W,15.0,23.0,37.0,8.0,14.0,0.972831207355114,0.4786418723648837,0.5745236881210486,HI_high_state,HI_high_state,HI_high_state,1,1
P6035,PSMA264Q,PSMA267P,PSMB4MBK,4.0,23.0,34.0,19.0,11.0,0.3124399023343204,-0.3046954841803494,-0.1739012317062609,HI_intermediate_state,HI_intermediate_state,HI_intermediate_state,0,0
