panel,endpoint,metric,value,section,role,include
A_continuous_score,predicted_next_HI_score,R2,0.705572394641903,continuous_score_prediction,primary_continuous_output,1
A_continuous_score,predicted_delta_HI,MAE,0.4207177336690063,continuous_delta_prediction,supporting_continuous_output,1
A_continuous_score,next_three_state,Balanced_accuracy,0.8046026300743283,state_stratum_prediction,primary_state_endpoint,0
B_event_endpoints,next_three_state,Balanced_accuracy,0.8046026300743283,state_stratum_prediction,primary_state_endpoint,1
A_continuous_score,next_high_state,Balanced_accuracy,0.8181906425936711,event_endpoint_prediction,primary_event_endpoint,0
B_event_endpoints,next_high_state,Balanced_accuracy,0.8181906425936711,event_endpoint_prediction,primary_event_endpoint,1
B_event_endpoints,next_high_state,AUROC,0.8938070277615997,event_endpoint_prediction,primary_event_endpoint,1
A_continuous_score,next_high_extreme,Balanced_accuracy,0.7875,event_endpoint_prediction,primary_or_secondary_event_endpoint,0
B_event_endpoints,next_high_extreme,Balanced_accuracy,0.7875,event_endpoint_prediction,primary_or_secondary_event_endpoint,1
B_event_endpoints,next_high_extreme,AUROC,0.9104166666666668,event_endpoint_prediction,primary_or_secondary_event_endpoint,1
A_continuous_score,next_five_state_ordinal,Adjacent_accuracy,0.9473684210526316,ordinal_intensity_prediction,ordinal_intensity_output,0
A_continuous_score,meaningful_improvement_delta,Balanced_accuracy,0.6656189977300506,direction_or_movement_endpoint,secondary_directional_endpoint,0
B_event_endpoints,meaningful_improvement_delta,Balanced_accuracy,0.6656189977300506,direction_or_movement_endpoint,secondary_directional_endpoint,1
B_event_endpoints,meaningful_improvement_delta,AUROC,0.6815086432687271,direction_or_movement_endpoint,secondary_directional_endpoint,1
A_continuous_score,meaningful_worsening_delta,Balanced_accuracy,0.6311445341159208,direction_or_movement_endpoint,secondary_directional_endpoint,0
B_event_endpoints,meaningful_worsening_delta,Balanced_accuracy,0.6311445341159208,direction_or_movement_endpoint,secondary_directional_endpoint,1
B_event_endpoints,meaningful_worsening_delta,AUROC,0.6889214966984593,direction_or_movement_endpoint,secondary_directional_endpoint,1
A_continuous_score,five_state_downward_transition,Balanced_accuracy,0.6405782652043869,direction_or_movement_endpoint,secondary_ordinal_movement_endpoint,0
A_continuous_score,five_state_upward_transition,Balanced_accuracy,0.6301096709870389,direction_or_movement_endpoint,exploratory_ordinal_movement_endpoint,0
A_continuous_score,among_current_high_predict_next_high,AUROC,0.731981981981982,conditional_persistence_endpoint,conditional_persistence_secondary_endpoint,0
B_event_endpoints,among_current_high_predict_next_high,Balanced_accuracy,0.7094594594594594,conditional_persistence_endpoint,conditional_persistence_secondary_endpoint,1
B_event_endpoints,among_current_high_predict_next_high,AUROC,0.731981981981982,conditional_persistence_endpoint,conditional_persistence_secondary_endpoint,1
A_continuous_score,among_current_high_extreme_predict_next_high_extreme,Balanced_accuracy,0.7777777777777777,conditional_persistence_endpoint,conditional_persistence_secondary_endpoint,0
B_event_endpoints,among_current_high_extreme_predict_next_high_extreme,Balanced_accuracy,0.7777777777777777,conditional_persistence_endpoint,conditional_persistence_secondary_endpoint,1
B_event_endpoints,among_current_high_extreme_predict_next_high_extreme,AUROC,0.8271604938271605,conditional_persistence_endpoint,conditional_persistence_secondary_endpoint,1
C_five_state_ordinal,next_five_state_ordinal,Adjacent_accuracy,0.9473684210526316,ordinal_intensity_prediction,ordinal_intensity_output,1
C_five_state_ordinal,next_five_state_ordinal,Exact_accuracy,0.5855263157894737,ordinal_intensity_prediction,ordinal_intensity_output,1
C_five_state_ordinal,next_five_state_ordinal,Ordinal_MAE,0.4671052631578947,ordinal_intensity_prediction,ordinal_intensity_output,1
C_five_state_ordinal,next_five_state_ordinal,Severe_error_rate_ge2,0.0526315789473684,ordinal_intensity_prediction,ordinal_intensity_output,1
C_five_state_ordinal,next_five_state_ordinal,Quadratic_weighted_kappa,0.7970783206481709,ordinal_intensity_prediction,ordinal_intensity_output,1
