model,outer_fold,C,training_only_inner_auc
Broad,0,0.01,0.6666228251474954
Broad,0,0.03,0.6778024125361692
Broad,0,0.1,0.6822517004246365
Broad,0,0.3,0.6834567158944296
Broad,0,1.0,0.6833640223967532
Broad,0,3.0,0.6832387609134067
Broad,0,10.0,0.682655042401012
Broad,1,0.01,0.6193818867195051
Broad,1,0.03,0.6350219891745603
Broad,1,0.1,0.6405645901797796
Broad,1,0.3,0.6409783974482892
Broad,1,1.0,0.6405011598685482
Broad,1,3.0,0.6396931785231007
Broad,1,10.0,0.6388444205490045
Broad,2,0.01,0.5858655277927773
Broad,2,0.03,0.596976093466202
Broad,2,0.1,0.6019516539618646
Broad,2,0.3,0.6026821508633888
Broad,2,1.0,0.602671631708007
Broad,2,3.0,0.6023151492200631
Broad,2,10.0,0.6021596994794187
Broad,3,0.01,0.592181185320158
Broad,3,0.03,0.6030730955217605
Broad,3,0.1,0.6071378512860046
Broad,3,0.3,0.6085175905809798
Broad,3,1.0,0.6089979442614526
Broad,3,3.0,0.6094067559044082
Broad,3,10.0,0.6096856238465671
Broad,4,0.01,0.5732045923352513
Broad,4,0.03,0.5957740744761698
Broad,4,0.1,0.6057865595483661
Broad,4,0.3,0.6087666919986972
Broad,4,1.0,0.60932852024753
Broad,4,3.0,0.609219954402345
Broad,4,10.0,0.6088589729671046
