current_state,interval_weeks,windows,participants,high_HI_events,observed_fraction,wilson95_lower,wilson95_upper,median_dt_weeks
Low,2–8,19,14,0,0.00000000,0.00000000,0.16817922,7.00000000
Low,9–12,14,12,0,0.00000000,0.00000000,0.21531080,10.00000000
Low,13–30,14,14,0,0.00000000,0.00000000,0.21531080,18.50000000
Intermediate,2–8,16,15,6,0.37500000,0.18481233,0.61358959,8.00000000
Intermediate,9–12,19,16,3,0.15789474,0.05520472,0.37565475,11.00000000
Intermediate,13–30,15,14,4,0.26666667,0.10897453,0.51950434,18.00000000
High,2–8,14,13,10,0.71428571,0.45350916,0.88278621,8.00000000
High,9–12,25,17,21,0.84000000,0.65346378,0.93596549,10.00000000
High,13–30,16,16,11,0.68750000,0.44404356,0.85835356,18.00000000
