t2_branch,t3_branch,cells,mean_abs_lag_rho,mean_lag_minus_same,stable_cells
MBX,MBX,25,0.24344250,-0.17361281,9
MBX,MGX EC,30,0.11267275,-0.01806587,1
MBX,MGX pathway,30,0.17798386,-0.01818376,0
MBX,MGX taxonomy,10,0.15696283,-0.04846581,1
MGX EC,MBX,30,0.11605555,-0.01322865,0
MGX EC,MGX EC,36,0.26157008,-0.16481865,16
MGX EC,MGX pathway,36,0.16007503,-0.08073045,6
MGX EC,MGX taxonomy,12,0.12688075,-0.11304241,2
MGX pathway,MBX,30,0.18151036,0.00291697,2
MGX pathway,MGX EC,36,0.15880922,-0.07148547,3
MGX pathway,MGX pathway,36,0.25098243,-0.16845435,13
MGX pathway,MGX taxonomy,12,0.19280588,-0.17417102,4
MGX taxonomy,MBX,10,0.15104270,-0.03828468,1
MGX taxonomy,MGX EC,12,0.17446039,-0.05076965,1
MGX taxonomy,MGX pathway,12,0.27549640,-0.08730206,2
MGX taxonomy,MGX taxonomy,4,0.36402427,-0.30142991,4
