,MBX_metabolomics_branch__SCFA_butyrate,MBX_metabolomics_branch__aromatic_amino_acid_indole,MBX_metabolomics_branch__bile_acid,MBX_metabolomics_branch__mucin_carbohydrate,MBX_metabolomics_branch__oxidative_stress_lipid,MGX_EC_function_branch__SCFA_butyrate,MGX_EC_function_branch__aromatic_amino_acid_indole,MGX_EC_function_branch__bile_acid,MGX_EC_function_branch__mucin_carbohydrate,MGX_EC_function_branch__oxidative_stress_lipid,MGX_EC_function_branch__pathobiont_inflammatory_potential,MGX_pathway_function_branch__SCFA_butyrate,MGX_pathway_function_branch__aromatic_amino_acid_indole,MGX_pathway_function_branch__bile_acid,MGX_pathway_function_branch__mucin_carbohydrate,MGX_pathway_function_branch__oxidative_stress_lipid,MGX_pathway_function_branch__pathobiont_inflammatory_potential,MGX_taxonomy_branch__SCFA_butyrate,MGX_taxonomy_branch__pathobiont_inflammatory_potential
MBX_metabolomics_branch__SCFA_butyrate,-0.40248188,-0.00684067,-0.00866263,0.06975701,0.10625002,0.12502737,0.18336026,0.00822917,0.11283435,0.09988618,0.15708084,0.13917328,0.10512737,0.10872372,0.15477748,0.17353643,0.29493135,0.09970216,0.20507696
MBX_metabolomics_branch__aromatic_amino_acid_indole,0.16401891,-0.21022692,-0.03964376,0.02664288,0.14418258,0.17066079,0.36088610,-0.09695468,0.26837003,0.10460744,0.37358713,0.09354134,0.17908011,0.05803674,0.26441908,0.16370746,0.38519108,0.28321403,0.13028505
MBX_metabolomics_branch__bile_acid,0.13450712,0.07130133,-0.22374679,0.05123547,0.03556100,0.13372383,0.22707911,0.04279684,0.18583231,0.17095342,0.07827371,0.23801097,0.00255111,0.11119775,0.18795054,0.05596359,0.15551825,0.04995989,0.02268902
MBX_metabolomics_branch__mucin_carbohydrate,0.31520346,0.03630189,0.03852242,-0.51949435,0.34053934,0.24149215,0.16971497,0.15820839,0.13333765,0.29189664,0.34938085,0.31744418,0.06926133,0.01876822,0.04483252,0.01597998,0.17143938,-0.06203713,0.17420100
MBX_metabolomics_branch__oxidative_stress_lipid,0.17106970,0.04482855,-0.08941921,0.33307782,-0.33268610,0.15166107,0.38278046,0.17616923,0.34247196,0.08406351,0.40485695,0.29391181,0.26882085,0.09897847,0.28587839,0.32713014,0.29307514,0.19584320,0.19711024
MGX_EC_function_branch__SCFA_butyrate,0.29603109,0.18288620,0.05294969,0.29132149,0.12507117,-0.28768018,-0.02428105,0.31209505,-0.02193554,0.07968839,0.27798563,0.16607890,-0.05018465,0.00942499,0.08248979,0.12822340,0.12573326,0.14328171,-0.02031316
MGX_EC_function_branch__aromatic_amino_acid_indole,0.34782070,0.30319956,0.12761383,0.12508871,0.10402897,-0.05755967,-0.29318124,0.22799352,-0.15983535,-0.06264826,0.07261498,0.19037503,0.08052240,0.00434619,-0.04881725,0.06851440,-0.13553901,0.07343998,0.01290182
MGX_EC_function_branch__bile_acid,0.07566884,0.02505879,0.04543955,0.23233311,0.08477329,0.46730700,0.24938156,-0.51791030,0.27659872,0.26174000,0.04988528,0.12026963,0.40963730,0.12162054,0.28039232,0.08677890,0.25322467,0.13988274,0.10393525
MGX_EC_function_branch__mucin_carbohydrate,0.29236263,0.26341212,0.09839486,0.19759651,0.13511986,-0.13321944,-0.23770075,0.32169160,-0.24077399,-0.07808118,0.09942972,0.20442885,-0.00714869,0.05307047,-0.06946394,0.09694521,-0.00509404,0.01911244,0.01663627
MGX_EC_function_branch__oxidative_stress_lipid,0.23403069,0.11013518,0.03222249,0.29087749,0.03871981,-0.02654012,0.11882450,0.10476865,0.00156561,-0.25514358,0.23996897,0.07698198,0.19155768,0.02476384,0.07150573,0.11590271,0.10917176,0.02399032,0.08109447
MGX_EC_function_branch__pathobiont_inflammatory_potential,0.21671951,0.40575960,0.08601639,0.23234937,0.33546224,0.33931533,0.10311990,0.16564037,0.12496973,0.27186030,-0.52179825,0.23207396,0.28377450,0.08113503,0.08659584,0.02190877,0.15461971,0.15012152,-0.03221951
MGX_pathway_function_branch__SCFA_butyrate,0.32884723,0.04410878,-0.10636721,0.40729260,0.17440024,0.12221948,0.16104215,0.11915371,0.18703392,0.20104076,0.06870683,-0.34935567,-0.02672062,0.00085219,-0.00044738,0.08239044,0.03073643,0.08069906,-0.12015301
MGX_pathway_function_branch__aromatic_amino_acid_indole,0.36621702,0.08814890,0.05481593,0.26361451,0.29245612,-0.04960649,0.11557342,0.37249473,0.07854577,0.02877796,0.32974049,0.18329729,-0.49495894,0.00018427,0.18747498,-0.06685047,0.05358714,0.05914216,-0.08499596
MGX_pathway_function_branch__bile_acid,0.19043821,0.14101127,0.06273035,0.19425341,0.19997931,0.23260039,0.17277052,0.25545195,0.15149248,0.22021489,0.09298351,0.22602713,0.23350893,-0.00136395,0.22098102,0.28552324,0.10245439,0.18782076,0.07801752
MGX_pathway_function_branch__mucin_carbohydrate,0.33447653,0.18275040,-0.01744901,0.24624911,0.11941914,0.06514632,0.03539034,0.12787811,0.08691464,0.19250552,0.07200300,0.06482700,0.22627239,0.07423708,-0.36517480,0.02656779,0.02565439,0.01562792,0.01884683
MGX_pathway_function_branch__oxidative_stress_lipid,0.32812688,0.15943913,0.08964964,0.22412205,0.30935696,0.19953841,0.18275270,0.22437344,0.16731358,0.26748508,-0.08306482,0.22956190,-0.00050282,0.06193421,0.12998427,-0.23137057,0.07726882,0.06771080,-0.11532567
MGX_pathway_function_branch__pathobiont_inflammatory_potential,0.29431337,0.27103075,0.02021560,0.10262726,0.29454204,0.16489750,0.07284473,0.06765486,0.09587685,0.05639206,-0.09217368,0.06405488,0.06499316,0.02079845,-0.03181359,-0.03499223,-0.43282774,0.03217854,-0.13944386
MGX_taxonomy_branch__SCFA_butyrate,0.27551448,0.10086934,0.04686335,0.11651079,0.07035445,0.11094286,0.05152129,0.18515784,0.09655376,0.20287310,0.16709362,0.17567532,0.12810785,0.00128798,0.12888828,0.06100409,0.22143970,-0.30433068,-0.00868162
MGX_taxonomy_branch__pathobiont_inflammatory_potential,0.27143717,0.10939763,-0.03700696,0.38695660,0.06161998,0.11052676,0.23158561,0.23995905,0.16781515,0.13916919,-0.08245834,0.10233539,-0.03687466,0.03323539,0.13764848,-0.04256512,0.08009703,-0.01712807,-0.23171887
