horizon_bin_weeks,quantity,model,lower_95,upper_95
All,MAE,HI model,0.34717297742845116,0.49829613192037936
All,MAE,Last HI (LOCF),0.3659490427831008,0.5258154950836222
All,MAE,Linear continuation,0.7840661197440917,1.1679903753455863
All,LOCF_minus_HI_MAE,paired difference,-0.003609933911126554,0.04635987517400147
2–8,MAE,HI model,0.3848329553435268,0.6788680854737631
2–8,MAE,Last HI (LOCF),0.4176916852683874,0.7430867424009225
2–8,MAE,Linear continuation,0.5919137930171554,1.0065742753127114
2–8,LOCF_minus_HI_MAE,paired difference,0.0002853537459163397,0.08688048644243415
9–12,MAE,HI model,0.2710827668911336,0.38634769307553074
9–12,MAE,Last HI (LOCF),0.2924333163210203,0.4251885864076172
9–12,MAE,Linear continuation,0.5890401138239995,0.9592722278408131
9–12,LOCF_minus_HI_MAE,paired difference,-0.01151500958144352,0.07156972751285287
13–30,MAE,HI model,0.3133745938904882,0.5511435455897914
13–30,MAE,Last HI (LOCF),0.29212201441668173,0.5579836543985589
13–30,MAE,Linear continuation,1.046622248737875,1.8545679349248472
13–30,LOCF_minus_HI_MAE,paired difference,-0.06551326672740736,0.03974416138575821
