horizon_bin_weeks,model,n_windows,n_participants,dt23_median_weeks,MAE,RMSE,R2
All,HI model,152,66,10.0,0.42071773366900633,0.5660890669414399,0.705572394641903
All,Last HI (LOCF),152,66,10.0,0.44251001557084446,0.6049667358399508,0.6637424972389705
All,Linear continuation,152,66,10.0,0.9693174830789336,1.3911901413809684,-0.7782056055230298
2–8,HI model,49,40,8.0,0.525383270073933,0.7044175574669831,0.6222635236555831
2–8,Last HI (LOCF),49,40,8.0,0.5684654496028864,0.7582346658283199,0.5623410110863083
2–8,Linear continuation,49,40,8.0,0.788610812742706,1.0149358082207898,0.2158381117185475
9–12,HI model,58,43,10.0,0.32895172815258833,0.4111267742801818,0.8154757782146385
9–12,Last HI (LOCF),58,43,10.0,0.35804839352992995,0.4348850991031265,0.7935328726127436
9–12,Linear continuation,58,43,10.0,0.7620508533219245,1.0605474718867032,-0.2278974203304056
13–30,HI model,45,42,18.0,0.42502477891591384,0.5694436803515515,0.6855905395145672
13–30,Last HI (LOCF),45,42,18.0,0.4142201891442443,0.6053347786817306,0.6447081027575532
13–30,Linear continuation,45,42,18.0,1.4332306246874156,1.991490490770917,-2.845479710875972
