participant_id,sample_t1,sample_t2,sample_t3,outer_fold,window_index,score_t1,score_t2,score_t3,low_threshold,high_threshold,observed_class,ridge,modules,shrink_ridge,shrink_modules,persistence,linear
C3001,CSM5FZ3N,CSM5FZ4C,CSM5MCVV,1,0,-0.4748247918836356,-0.4228825804153633,0.258073666830305,-0.4975937839221452,0.5371575167905823,1,-0.40103205761988864,-0.3423186557118903,-0.40103205761988864,-0.3423186557118903,-0.4228825804153633,-0.3709403689470911
C3001,CSM5FZ4C,CSM5MCVV,CSM67UA2,1,1,-0.4228825804153633,0.258073666830305,-0.4429634435259171,-0.4975937839221452,0.5371575167905823,1,0.06930565633143732,0.03629824148856284,0.06930565633143732,0.03629824148856284,0.258073666830305,0.9390299140759736
C3001,CSM5MCVV,CSM67UA2,CSM79HMZ,1,2,0.258073666830305,-0.4429634435259171,-0.3647890740609344,-0.4975937839221452,0.5371575167905823,1,-0.28830279891820987,-0.3216673322067787,-0.28830279891820987,-0.3216673322067787,-0.4429634435259171,-1.1440005538821392
C3002,CSM5FZ3T,CSM5FZ44,CSM5MCVN,0,3,2.5855161301260305,2.6229603867831752,2.6376027764622205,-0.5429257061768632,0.6720638127173051,2,2.415896262015737,2.491234793921216,2.415896262015737,2.491234793921216,2.6229603867831752,2.66040464344032
C3002,CSM5FZ44,CSM5MCVN,CSM67UBN,0,4,2.6229603867831752,2.6376027764622205,2.416832774894447,-0.5429257061768632,0.6720638127173051,2,2.436273669742805,2.5157415232351963,2.436273669742805,2.5157415232351963,2.6376027764622205,2.652245166141266
C3002,CSM5MCVN,CSM67UBN,CSM79HK1,0,5,2.6376027764622205,2.416832774894447,2.479164613629666,-0.5429257061768632,0.6720638127173051,2,2.2241628410771,2.3050337849944995,2.2241628410771,2.3050337849944995,2.416832774894447,2.1960627733266738
C3003,CSM5FZ48,CSM5FZ4K,CSM5MCYK,4,6,0.4896856242440834,1.0019554514804545,0.7365959212485418,-0.489156761034155,0.4694973859916777,2,0.7632961424212349,0.8763102239063048,0.7632961424212349,0.8763102239063048,1.0019554514804545,1.514225278716825
C3003,CSM5FZ4K,CSM5MCYK,CSM67UBZ,4,7,1.0019554514804545,0.7365959212485418,1.692415593281384,-0.489156761034155,0.4694973859916777,2,0.7214775454236957,0.6184784683223569,0.7214775454236957,0.6184784683223569,0.7365959212485418,0.4712363910166293
C3003,CSM5MCYK,CSM67UBZ,CSM79HLM,4,8,0.7365959212485418,1.692415593281384,1.466993577161946,-0.489156761034155,0.4694973859916777,2,1.2323219411329456,1.3197701792535332,1.2323219411329456,1.3197701792535332,1.692415593281384,2.6482352653142263
C3004,CSM5FZ4A,CSM5MCUC,CSM5MCXL,3,9,0.9959883023746438,-0.3189566854197889,-0.1351605937163387,-0.6142681496079229,0.4630287760868403,1,0.12446419774701456,0.20150581107832738,0.12446419774701456,0.20150581107832738,-0.3189566854197889,-1.6339016732142215
C3004,CSM5MCUC,CSM5MCXL,CSM67UDN,3,10,-0.3189566854197889,-0.1351605937163387,1.22290169388758,-0.6142681496079229,0.4630287760868403,2,-0.14367220584634685,-0.04693560122396041,-0.14367220584634685,-0.04693560122396041,-0.1351605937163387,0.0486354979871114
C3004,CSM5MCXL,CSM67UDN,CSM79HLA,3,11,-0.1351605937163387,1.22290169388758,0.2728884794685164,-0.6142681496079229,0.4630287760868403,1,0.7027126193910903,0.7863194434954959,0.7027126193910903,0.7863194434954959,1.22290169388758,2.5809639814914984
C3005,CSM5FZ4O,CSM5MCUU,CSM5MCY8,0,12,-0.3473195871883469,0.6133779197235085,0.3530699094060271,-0.5429257061768632,0.6720638127173051,1,0.30527127049759956,0.35684623006453314,0.30527127049759956,0.35684623006453314,0.6133779197235085,1.574075426635364
C3005,CSM5MCUU,CSM5MCY8,CSM67UEA,0,13,0.6133779197235085,0.3530699094060271,0.3409141077720007,-0.5429257061768632,0.6720638127173051,1,0.37901663036418143,0.38247054630163685,0.37901663036418143,0.38247054630163685,0.3530699094060271,0.0927618990885458
C3005,CSM5MCY8,CSM67UEA,CSM67UEI,0,14,0.3530699094060271,0.3409141077720007,0.9939110323152108,-0.5429257061768632,0.6720638127173051,2,0.27449005246540686,0.31613561810276547,0.27449005246540686,0.31613561810276547,0.3409141077720007,0.3287583061379743
C3006,CSM5MCTZ,CSM5MCUM,CSM5MCX3,1,15,0.8544302511740517,0.5304317761471321,1.169649090683342,-0.4975937839221452,0.5371575167905823,2,0.5469923914410668,0.6177643998748863,0.5469923914410668,0.6177643998748863,0.5304317761471321,0.2064333011202125
C3006,CSM5MCUM,CSM5MCX3,CSM67UFZ,1,16,0.5304317761471321,1.169649090683342,2.477280808325552,-0.4975937839221452,0.5371575167905823,2,0.9132617884146099,1.082003278692408,0.9132617884146099,1.082003278692408,1.169649090683342,1.808866405219552
C3006,CSM5MCX3,CSM67UFZ,CSM79HMN,1,17,1.169649090683342,2.477280808325552,1.7360292012166374,-0.4975937839221452,0.5371575167905823,2,1.9087793040248462,2.0731152600696126,1.9087793040248462,2.0731152600696126,2.477280808325552,3.7849125259677625
C3009,CSM5MCVH,CSM67UAA,CSM79HI7,4,18,-0.2877661789511621,0.4697440973145803,0.054596522529824,-0.489156761034155,0.4694973859916777,1,0.12690604746837048,0.1632711564965128,0.12690604746837048,0.1632711564965128,0.4697440973145803,1.2272543735803227
C3009,CSM67UAA,CSM79HI7,CSM7KOJO,4,19,0.4697440973145803,0.054596522529824,0.1201864743685281,-0.489156761034155,0.4694973859916777,1,0.131376781447737,0.09749277455333992,0.131376781447737,0.09749277455333992,0.054596522529824,-0.3605510522549322
C3010,CSM5MCWK,CSM5MCXZ,CSM67UCK,1,20,-0.971713696885567,-0.56899357090459,-1.4453857689888965,-0.4975937839221452,0.5371575167905823,0,-0.6032281153906864,-0.6349303138204457,-0.6032281153906864,-0.6349303138204457,-0.56899357090459,-0.166273444923613
C3010,CSM5MCXZ,CSM67UCK,CSM7KOLE,1,21,-0.56899357090459,-1.4453857689888965,-1.381106537173254,-0.4975937839221452,0.5371575167905823,0,-1.121666616607643,-1.215409711224546,-1.121666616607643,-1.215409711224546,-1.4453857689888965,-2.321777967073203
C3011,CSM5MCXB,CSM5MCYO,CSM67UEW,1,22,0.3628526051718463,0.3521568404005211,0.2648455596793094,-0.4975937839221452,0.5371575167905823,1,0.3350324818031338,0.23310069898313915,0.3350324818031338,0.23310069898313915,0.3521568404005211,0.3414610756291958
C3011,CSM5MCYO,CSM67UEW,CSM7KOMT,1,23,0.3521568404005211,0.2648455596793094,-0.1175656809104629,-0.4975937839221452,0.5371575167905823,1,0.25247141497987413,0.16175486866746358,0.25247141497987413,0.16175486866746358,0.2648455596793094,0.1775342789580978
C3012,CSM5MCXF,CSM5MCZF,CSM67UGO,1,24,0.2738125122475455,0.6549159545095814,0.5706021702658829,-0.4975937839221452,0.5371575167905823,2,0.518307514835802,0.4406617297493108,0.518307514835802,0.4406617297493108,0.6549159545095814,1.0360193967716174
C3012,CSM5MCZF,CSM67UGO,CSM7KON8,1,25,0.6549159545095814,0.5706021702658829,0.3681133990849007,-0.4975937839221452,0.5371575167905823,1,0.5067291026147887,0.3641076674200884,0.5067291026147887,0.3641076674200884,0.5706021702658829,0.4862883860221844
C3013,CSM5MCYU,CSM67U9P,CSM79HGH,4,26,0.2040831571749257,0.9736354856784006,0.368563414240099,-0.489156761034155,0.4694973859916777,1,0.6507539401923839,0.7633570051554552,0.6507539401923839,0.7633570051554552,0.9736354856784006,1.7431878141818755
C3013,CSM67U9P,CSM79HGH,CSM7KONS,4,27,0.9736354856784006,0.368563414240099,0.2333690467790116,-0.489156761034155,0.4694973859916777,1,0.5172941494008307,0.44338746349852787,0.5172941494008307,0.44338746349852787,0.368563414240099,-0.2365086571982025
C3015,CSM67U9T,CSM67UAQ,CSM7KOPI,0,28,0.1708597828677755,-0.6139148656544332,-0.7888535673601657,-0.5429257061768632,0.6720638127173051,0,-0.34270170606052514,-0.4029345788130482,-0.34270170606052514,-0.4029345788130482,-0.6139148656544332,-1.398689514176642
C3015,CSM67UAQ,CSM7KOPI,CSM7KOPQ,0,29,-0.6139148656544332,-0.7888535673601657,-0.2057961591725962,-0.5429257061768632,0.6720638127173051,1,-0.8994162938750907,-0.8235562984325636,-0.8994162938750907,-0.8235562984325636,-0.7888535673601657,-0.963792269065898
C3016,CSM67U9V,CSM67UB1,CSM79HIT,2,30,0.9143050885171518,0.64134762678001,-0.2415901447967264,-0.6258135834369205,0.4637737731373193,1,0.6496152117235141,0.7775286083742643,0.6496152117235141,0.7775286083742643,0.64134762678001,0.3683901650428682
C3016,CSM67UB1,CSM79HIT,CSM7KOPS,2,31,0.64134762678001,-0.2415901447967264,1.3756077555391364,-0.6258135834369205,0.4637737731373193,2,0.02495199905499107,0.12945567336201974,0.02495199905499107,0.12945567336201974,-0.2415901447967264,-1.124527916373463
C3016,CSM79HIT,CSM7KOPS,CSM7KOQ3,2,32,-0.2415901447967264,1.3756077555391364,0.8605852867759329,-0.6258135834369205,0.4637737731373193,2,0.7393307017185125,0.7795494730325394,0.7393307017185125,0.7795494730325394,1.3756077555391364,2.992805655875
C3017,CSM67U9X,CSM67UBB,CSM79HJ6,2,33,1.194342002602972,0.0040194415078876,1.342142571791322,-0.6258135834369205,0.4637737731373193,2,0.3388680910531381,0.3737319536815151,0.3388680910531381,0.3737319536815151,0.0040194415078876,-1.186303119587197
C3017,CSM67UBB,CSM79HJ6,CSM7KOQZ,2,34,0.0040194415078876,1.342142571791322,1.416728974911207,-0.6258135834369205,0.4637737731373193,2,0.8121977566617793,0.9991975710783105,0.8121977566617793,0.9991975710783105,1.342142571791322,2.6802657020747565
C3017,CSM79HJ6,CSM7KOQZ,CSM7KOR8,2,35,1.342142571791322,1.416728974911207,-0.2132199484015683,-0.6258135834369205,0.4637737731373193,1,1.2319950369396921,1.1059384275110258,1.2319950369396921,1.1059384275110258,1.416728974911207,1.4913153780310922
C3022,CSM67UH7,CSM79HGZ,CSM7KOOH,3,36,-1.522371610529894,-1.22079920514253,-1.673439603641946,-0.6142681496079229,0.4630287760868403,0,-1.1897152870498273,-1.164699356795722,-1.1897152870498273,-1.164699356795722,-1.22079920514253,-0.919226799755166
C3022,CSM79HGZ,CSM7KOOH,CSM7KOOR,3,37,-1.22079920514253,-1.673439603641946,-1.1188712644233438,-0.6142681496079229,0.4630287760868403,0,-1.4382628976550103,-1.3776263314362203,-1.4382628976550103,-1.3776263314362203,-1.673439603641946,-2.126080002141362
C3022,CSM7KOOH,CSM7KOOR,CSMAG78W,3,38,-1.673439603641946,-1.1188712644233438,-1.383091845485073,-0.6142681496079229,0.4630287760868403,0,-1.188420046627043,-1.1477265609958462,-1.188420046627043,-1.1477265609958462,-1.1188712644233438,-0.5643029252047416
C3023,CSM79HG4,CSM79HH8,CSM7KONC,1,39,0.0391438339342238,0.4564144618660115,-0.2488499916189681,-0.4975937839221452,0.5371575167905823,1,0.30928725907415106,0.4556604036681216,0.30928725907415106,0.4556604036681216,0.4564144618660115,0.873685089797799
C3023,CSM79HH8,CSM7KONC,CSM7KONK,1,40,0.4564144618660115,-0.2488499916189681,0.2662108452996437,-0.4975937839221452,0.5371575167905823,1,-0.17590780962671965,-0.05062442406824602,-0.17590780962671965,-0.05062442406824602,-0.2488499916189681,-0.9541144451039478
C3023,CSM7KONC,CSM7KONK,CSM7KOTK,1,41,-0.2488499916189681,0.2662108452996437,-0.0505636292006934,-0.4975937839221452,0.5371575167905823,1,0.11488870358141146,0.3099579319605267,0.11488870358141146,0.3099579319605267,0.2662108452996437,0.7812716822182557
C3027,CSM79HJM,CSM79HJS,CSM7KOOV,3,42,-0.6386404560023696,-0.3615724723150915,-0.7412710701298884,-0.6142681496079229,0.4630287760868403,0,-0.3991111626045298,-0.34541176534781737,-0.3991111626045298,-0.34541176534781737,-0.3615724723150915,-0.0845044886278133
C3027,CSM79HJS,CSM7KOOV,CSMA9J65,3,43,-0.3615724723150915,-0.7412710701298884,0.1083220182676246,-0.6142681496079229,0.4630287760868403,1,-0.6038786729097506,-0.5366282262841601,-0.6038786729097506,-0.5366282262841601,-0.7412710701298884,-1.1209696679446852
C3032,CSM7KOP8,CSM7KOPC,CSM7KOU9,3,44,-0.9549322307971104,-1.113792828437062,-1.6646033360113597,-0.6142681496079229,0.4630287760868403,0,-0.8824191204643822,-0.8161233973490969,-0.8824191204643822,-0.8161233973490969,-1.113792828437062,-1.2726534260770137
C3032,CSM7KOPC,CSM7KOU9,CSM7KOUF,3,45,-1.113792828437062,-1.6646033360113597,-1.4826501560903502,-0.6142681496079229,0.4630287760868403,0,-1.2858064857364517,-1.219037778331642,-1.2858064857364517,-1.219037778331642,-1.6646033360113597,-2.215413843585657
C3032,CSM7KOU9,CSM7KOUF,CSM9X22G,3,46,-1.6646033360113597,-1.4826501560903502,-1.161615338359332,-0.6142681496079229,0.4630287760868403,0,-1.389006257243597,-1.3098386549265977,-1.389006257243597,-1.3098386549265977,-1.4826501560903502,-1.3006969761693408
C3034,CSM79HQR,CSM7KORU,CSM9X1XW,2,47,1.314745126512862,1.845289510642387,2.0336129982427744,-0.6258135834369205,0.4637737731373193,2,1.5097744885169804,1.5141342540505645,1.5097744885169804,1.5141342540505645,1.845289510642387,2.375833894771912
C3034,CSM7KORU,CSM9X1XW,CSM9X21P,2,48,1.845289510642387,2.0336129982427744,1.368779257530712,-0.6258135834369205,0.4637737731373193,2,1.783330554728414,1.6594344489660922,1.783330554728414,1.6594344489660922,2.0336129982427744,2.2219364858431616
E5004,ESM5MEEG,ESM5GEZ6,ESM5MEBU,3,49,1.5845591932554484,1.220360801685221,1.5011288810803556,-0.6142681496079229,0.4630287760868403,2,1.3345243286122634,1.3248712724139504,1.3345243286122634,1.3248712724139504,1.220360801685221,0.8561624101149936
E5004,ESM5GEZ6,ESM5MEBU,ESM5MEC5,3,50,1.220360801685221,1.5011288810803556,1.4207207540298954,-0.6142681496079229,0.4630287760868403,2,1.3288401580287101,1.310077323396659,1.3288401580287101,1.310077323396659,1.5011288810803556,1.7818969604754902
E5004,ESM5MEBU,ESM5MEC5,ESM718SY,3,51,1.5011288810803556,1.4207207540298954,1.498231657570004,-0.6142681496079229,0.4630287760868403,2,1.3716251858114321,1.3666508745606867,1.3716251858114321,1.3666508745606867,1.4207207540298954,1.3403126269794352
E5009,ESM5MEDN,ESM5MEDD,ESM718UH,1,52,-1.06591982599395,-1.2401216363052077,-1.0923707889799474,-0.4975937839221452,0.5371575167905823,0,-1.0766899473199418,-1.2391213376713064,-1.0766899473199418,-1.2391213376713064,-1.2401216363052077,-1.4143234466164654
E5009,ESM5MEDD,ESM718UH,ESM9IEP5,1,53,-1.2401216363052077,-1.0923707889799474,-1.3639434912468331,-0.4975937839221452,0.5371575167905823,0,-1.00671761794963,-1.1075361539303252,-1.00671761794963,-1.1075361539303252,-1.0923707889799474,-0.9446199416546872
E5013,ESM5MEB9,ESM718V8,ESM718TM,2,54,-0.97266787664872,-0.723439524716205,-0.4470081535607733,-0.6258135834369205,0.4637737731373193,1,-0.749615865569585,-0.807432623575493,-0.749615865569585,-0.807432623575493,-0.723439524716205,-0.4742111727836898
E5013,ESM718V8,ESM718TM,ESM9IEP1,2,55,-0.723439524716205,-0.4470081535607733,-0.969283460804926,-0.6258135834369205,0.4637737731373193,0,-0.508546017724148,-0.48891432562430803,-0.508546017724148,-0.48891432562430803,-0.4470081535607733,-0.1705767824053415
H4001,HSM5FZBJ,HSM5MD7W,HSM5MD5K,4,56,-0.3327341620594727,-0.5074926909755907,-0.3468913874714376,-0.489156761034155,0.4694973859916777,1,-0.40929837375960204,-0.4882605915534719,-0.40929837375960204,-0.4882605915534719,-0.5074926909755907,-0.6822512198917086
H4001,HSM5MD7W,HSM5MD5K,HSM5MD7H,4,57,-0.5074926909755907,-0.3468913874714376,-1.0150121091090527,-0.489156761034155,0.4694973859916777,0,-0.2972334124046208,-0.3264924328209889,-0.2972334124046208,-0.3264924328209889,-0.3468913874714376,-0.1862900839672845
H4001,HSM5MD5K,HSM5MD7H,HSM5MD79,4,58,-0.3468913874714376,-1.0150121091090527,-0.4438035846868702,-0.489156761034155,0.4694973859916777,1,-0.7010743072160807,-0.8143761710357583,-0.7010743072160807,-0.8143761710357583,-1.0150121091090527,-1.6831328307466678
H4001,HSM5MD7H,HSM5MD79,HSM67VEA,4,59,-1.0150121091090527,-0.4438035846868702,-0.7044677487514134,-0.489156761034155,0.4694973859916777,0,-0.5469090873647259,-0.48696606963909694,-0.5469090873647259,-0.48696606963909694,-0.4438035846868702,0.1274049397353122
H4004,HSM5MD4S,HSM5MD4W,HSM5MD5P,4,60,-0.0912932778639555,0.0621495497039792,-0.5096401867798525,-0.489156761034155,0.4694973859916777,0,0.06774742363757132,0.07015577745486906,0.06774742363757132,0.07015577745486906,0.0621495497039792,0.2155923772719139
H4004,HSM5MD4W,HSM5MD5P,HSM6XRSG,4,61,0.0621495497039792,-0.5096401867798525,-0.0916740729260147,-0.489156761034155,0.4694973859916777,1,-0.3018889074151164,-0.3063537543124124,-0.3018889074151164,-0.3063537543124124,-0.5096401867798525,-1.081429923263684
H4004,HSM5MD5P,HSM6XRSG,HSM7CYZT,4,62,-0.5096401867798525,-0.0916740729260147,-0.313446088964761,-0.489156761034155,0.4694973859916777,1,-0.188486097956092,-0.2925493986379849,-0.188486097956092,-0.2925493986379849,-0.0916740729260147,0.3262920409278229
H4004,HSM6XRSG,HSM7CYZT,HSM7CZ14,4,63,-0.0916740729260147,-0.313446088964761,-0.5136973948239704,-0.489156761034155,0.4694973859916777,0,-0.23310210920323918,-0.21653726688847277,-0.23310210920323918,-0.21653726688847277,-0.313446088964761,-0.5352181050035074
H4006,HSM5MD86,HSM5MD4A,HSM5MD7O,3,64,0.8171004480747324,-0.2946018319612189,0.7178024811124614,-0.6142681496079229,0.4630287760868403,2,0.16774920239090163,0.1601442253147599,0.16774920239090163,0.1601442253147599,-0.2946018319612189,-1.4063041119971702
H4006,HSM5MD4A,HSM5MD7O,HSM67VEE,3,65,-0.2946018319612189,0.7178024811124614,-0.22851969166923,-0.6142681496079229,0.4630287760868403,1,0.3380664467440811,-0.048059864417223874,0.3380664467440811,-0.048059864417223874,0.7178024811124614,1.7302067941861417
H4006,HSM5MD7O,HSM67VEE,HSM7CYX2,3,66,0.7178024811124614,-0.22851969166923,-0.9198187611629284,-0.6142681496079229,0.4630287760868403,0,0.06264407922326656,-0.03685476226304707,0.06264407922326656,-0.03685476226304707,-0.22851969166923,-1.1748418644509215
H4007,HSM5MD4Q,HSM5MD4O,HSM6XRSN,3,67,1.781008301114556,1.5410138704945706,1.30293233316059,-0.6142681496079229,0.4630287760868403,2,1.5821539081863687,1.5641463821950639,1.5821539081863687,1.5641463821950639,1.5410138704945706,1.3010194398745851
H4008,HSM5MD8A,HSM5MD5D,HSM6XRSZ,1,68,-0.5816892225408442,-1.4032330478330608,-1.2573914451360355,-0.4975937839221452,0.5371575167905823,0,-1.0855558566359143,-1.144640750197642,-1.0855558566359143,-1.144640750197642,-1.4032330478330608,-2.2247768731252773
H4008,HSM5MD5D,HSM6XRSZ,HSM67VFZ,1,69,-1.4032330478330608,-1.2573914451360355,-1.8489304414658945,-0.4975937839221452,0.5371575167905823,0,-1.1767108000521918,-1.0860175739044526,-1.1767108000521918,-1.0860175739044526,-1.2573914451360355,-1.1115498424390102
H4008,HSM6XRSZ,HSM67VFZ,HSM7CZ2P,1,70,-1.2573914451360355,-1.8489304414658945,-1.2059005797508608,-0.4975937839221452,0.5371575167905823,0,-1.5626054392612765,-1.60085252564068,-1.5626054392612765,-1.60085252564068,-1.8489304414658945,-2.4404694377957528
H4009,HSM5MD82,HSM5MD8B,HSM6XRTC,3,71,-1.780229560121347,-1.512037085712538,-1.9160320640987647,-0.6142681496079229,0.4630287760868403,0,-1.450887579525157,-1.439473732912544,-1.450887579525157,-1.439473732912544,-1.512037085712538,-1.2438446113037291
H4009,HSM5MD8B,HSM6XRTC,HSM67VGA,3,72,-1.512037085712538,-1.9160320640987647,-1.395481783913221,-0.6142681496079229,0.4630287760868403,0,-1.600625954205617,-1.6546296476538809,-1.600625954205617,-1.6546296476538809,-1.9160320640987647,-2.320027042484991
H4009,HSM6XRTC,HSM67VGA,HSM7CYYZ,3,73,-1.9160320640987647,-1.395481783913221,-1.4799650978136956,-0.6142681496079229,0.4630287760868403,0,-1.4422294752966274,-1.4016607290767649,-1.4422294752966274,-1.4016607290767649,-1.395481783913221,-0.8749315037276773
H4010,HSM5MD87,HSM5MD43,HSM5MD3Y,1,74,0.3999646566179256,0.5077686214946318,-0.2862456624078056,-0.4975937839221452,0.5371575167905823,1,0.44833088304927726,0.394348124550043,0.44833088304927726,0.394348124550043,0.5077686214946318,0.6155725863713379
H4010,HSM5MD43,HSM5MD3Y,HSM6XRTM,1,75,0.5077686214946318,-0.2862456624078056,1.3344243723480234,-0.4975937839221452,0.5371575167905823,2,-0.05063294957433706,-0.2573426077023083,-0.05063294957433706,-0.2573426077023083,-0.2862456624078056,-1.080259946310243
H4010,HSM5MD3Y,HSM6XRTM,HSM67VH1,1,76,-0.2862456624078056,1.3344243723480234,-0.3308169551395605,-0.4975937839221452,0.5371575167905823,1,0.7933230902567017,0.9787530863596043,0.7933230902567017,0.9787530863596043,1.3344243723480234,2.9550944071038523
H4013,HSM5MD6K,HSM6XRRJ,HSM6XRVC,0,77,-0.4841063822525262,0.0596440472940954,-0.8353930706742966,-0.5429257061768632,0.6720638127173051,0,-0.1133728710672039,-0.0617407291037867,-0.1133728710672039,-0.0617407291037867,0.0596440472940954,0.6033944768407171
H4013,HSM6XRRJ,HSM6XRVC,HSM6XRVK,0,78,0.0596440472940954,-0.8353930706742966,-1.0237872390521687,-0.5429257061768632,0.6720638127173051,0,-0.5347138785433563,-0.6441378040707497,-0.5347138785433563,-0.6441378040707497,-0.8353930706742966,-1.7304301886426887
H4013,HSM6XRVC,HSM6XRVK,HSM7J4R2,0,79,-0.8353930706742966,-1.0237872390521687,-0.2955054105784389,-0.5429257061768632,0.6720638127173051,1,-0.8812903839463748,-0.9204838646171865,-0.8812903839463748,-0.9204838646171865,-1.0237872390521687,-1.212181407430041
H4014,HSM5MD3L,HSM5MD6A,HSM6XRRV,0,80,-0.4826660389934128,0.1134313766003426,0.5886795767612966,-0.5429257061768632,0.6720638127173051,1,-0.07905400431465813,-0.058173359421535106,-0.07905400431465813,-0.058173359421535106,0.1134313766003426,0.7095287921940981
H4014,HSM5MD6A,HSM6XRRV,HSM6XRVO,0,81,0.1134313766003426,0.5886795767612966,0.8047549235136636,-0.5429257061768632,0.6720638127173051,2,0.39791636520967116,0.4660732378627659,0.39791636520967116,0.4660732378627659,0.5886795767612966,1.0639277769222506
H4014,HSM6XRRV,HSM6XRVO,HSM7J4QT,0,82,0.5886795767612966,0.8047549235136636,0.907118906927504,-0.5429257061768632,0.6720638127173051,2,0.646583846919693,0.5718947066409144,0.646583846919693,0.5718947066409144,0.8047549235136636,1.0208302702660306
H4015,HSM5MD62,HSM5MD73,HSM7CYZ7,4,83,0.3290391633523108,0.481490541041179,0.1072545125481547,-0.489156761034155,0.4694973859916777,1,0.41988393588719786,0.4023163313153655,0.41988393588719786,0.4023163313153655,0.481490541041179,0.6339419187300471
H4015,HSM5MD73,HSM7CYZ7,HSM7J4QJ,4,84,0.481490541041179,0.1072545125481547,0.2747071201053408,-0.489156761034155,0.4694973859916777,1,0.12553163937189724,0.12441186943309261,0.12553163937189724,0.12441186943309261,0.1072545125481547,-0.2669815159448694
H4016,HSM5MD6U,HSM67VF3,HSM7J4I3,0,85,0.0086462268977885,0.0163164376338148,-0.0202632194415137,-0.5429257061768632,0.6720638127173051,1,0.01575045126094656,0.009010404820992725,0.01575045126094656,0.009010404820992725,0.0163164376338148,0.023986648369841
H4016,HSM67VF3,HSM7J4I3,HSM7J4KQ,0,86,0.0163164376338148,-0.0202632194415137,-0.191600971423686,-0.5429257061768632,0.6720638127173051,1,-0.13074021183551576,-0.10636807245824896,-0.13074021183551576,-0.10636807245824896,-0.0202632194415137,-0.0568428765168423
H4018,HSM6XRQC,HSM67VFR,HSM7J4LD,2,87,0.1500266122251962,0.3285003703138388,0.0616702989787165,-0.6258135834369205,0.4637737731373193,1,0.21418720814644943,0.3466781414655309,0.21418720814644943,0.3466781414655309,0.3285003703138388,0.5069741284024812
H4018,HSM67VFR,HSM7J4LD,HSM7J4LN,2,88,0.3285003703138388,0.0616702989787165,-0.0147494504852094,-0.6258135834369205,0.4637737731373193,1,0.10293778687770556,0.1504584739660643,0.10293778687770556,0.1504584739660643,0.0616702989787165,-0.2051597723564056
H4019,HSM6XRQE,HSM6XRRD,HSM6XRV2,2,89,0.8484999078933504,0.0225867537397576,1.7120667101911111,-0.6258135834369205,0.4637737731373193,2,0.24597734823657597,0.15924428768445084,0.24597734823657597,0.15924428768445084,0.0225867537397576,-0.803326400413835
H4019,HSM6XRRD,HSM6XRV2,HSM7J4M4,2,90,0.0225867537397576,1.7120667101911111,1.4874694606202314,-0.6258135834369205,0.4637737731373193,2,1.0470310160827725,1.061606923240889,1.0470310160827725,1.061606923240889,1.7120667101911111,3.401546666642465
H4019,HSM6XRV2,HSM7J4M4,HSM7J4ME,2,91,1.7120667101911111,1.4874694606202314,0.9441979145101186,-0.6258135834369205,0.4637737731373193,2,1.3870216308991639,1.2641753894552803,1.3870216308991639,1.2641753894552803,1.4874694606202314,1.2628722110493515
H4022,HSM67VDX,HSM67VES,HSM7CYZJ,3,92,-0.9194434854707724,-2.207368688474367,-2.3536944447247943,-0.6142681496079229,0.4630287760868403,0,-1.5371264933260727,-1.4458953833892818,-1.5371264933260727,-1.4458953833892818,-2.207368688474367,-3.495293891477962
H4022,HSM67VES,HSM7CYZJ,HSM7J4G1,3,93,-2.207368688474367,-2.3536944447247943,-2.000454817996613,-0.6142681496079229,0.4630287760868403,0,-2.075589958754134,-1.9819333619649635,-2.075589958754134,-1.9819333619649635,-2.3536944447247943,-2.500020200975221
H4022,HSM7CYZJ,HSM7J4G1,HSM7J4IU,3,94,-2.3536944447247943,-2.000454817996613,-1.90821658769182,-0.6142681496079229,0.4630287760868403,0,-1.9293146880645242,-1.8211256589464409,-1.9293146880645242,-1.8211256589464409,-2.000454817996613,-1.647215191268432
H4023,HSM67VDR,HSM6XRQ8,HSM7J4HC,4,95,-0.7357055331600411,-0.0937624765020399,-0.8350180857102778,-0.489156761034155,0.4694973859916777,0,-0.2677461524463717,-0.24858331669971248,-0.2677461524463717,-0.24858331669971248,-0.0937624765020399,0.5481805801559612
H4023,HSM6XRQ8,HSM7J4HC,HSM7J4KC,4,96,-0.0937624765020399,-0.8350180857102778,-0.6572700484330074,-0.489156761034155,0.4694973859916777,0,-0.5697417859345475,-0.603470444142152,-0.5697417859345475,-0.603470444142152,-0.8350180857102778,-1.5762736949185157
H4023,HSM7J4HC,HSM7J4KC,HSM7J4KK,4,97,-0.8350180857102778,-0.6572700484330074,-1.3094880029449016,-0.489156761034155,0.4694973859916777,0,-0.6481443274686918,-0.6356386578936984,-0.6481443274686918,-0.6356386578936984,-0.6572700484330074,-0.479522011155737
H4024,HSM67VI5,HSM7J4O1,HSM7J4O3,1,98,-1.0170224606448277,-1.41910741956514,-1.2213666997834909,-0.4975937839221452,0.5371575167905823,0,-1.4844505211325383,-1.53185347716798,-1.4844505211325383,-1.53185347716798,-1.41910741956514,-1.821192378485452
H4027,HSM7J4GR,HSM7J4NE,HSMA33O1,1,99,1.3929345908562163,1.3878557746838394,0.8785811643337748,-0.4975937839221452,0.5371575167905823,2,1.2482426909204105,1.3238806367681364,1.2482426909204105,1.3238806367681364,1.3878557746838394,1.3827769585114622
H4027,HSM7J4NE,HSMA33O1,HSMA33O5,1,100,1.3878557746838394,0.8785811643337748,1.91169835048418,-0.4975937839221452,0.5371575167905823,2,0.882942610388675,0.8281169399161038,0.882942610388675,0.8281169399161038,0.8785811643337748,0.3693065539837101
H4031,HSM7CZ3G,HSM7J4MK,HSM7J4OE,0,101,-0.9841322643857194,-1.3510461170059047,-1.0593101775991491,-0.5429257061768632,0.6720638127173051,0,-1.1511272556155279,-1.1736691489040625,-1.1511272556155279,-1.1736691489040625,-1.3510461170059047,-1.71795996962609
H4035,HSM7J4HS,HSM7J4JZ,HSM7J4K8,4,102,1.6865239061803825,1.764506040079027,0.3848979583949661,-0.489156761034155,0.4694973859916777,1,1.6004648783218753,1.4594011109435616,1.6004648783218753,1.4594011109435616,1.764506040079027,1.8424881739776715
H4035,HSM7J4JZ,HSM7J4K8,HSMA33OR,4,103,1.764506040079027,0.3848979583949661,1.6326739728247417,-0.489156761034155,0.4694973859916777,2,0.7747304727697321,0.6256509194349753,0.7747304727697321,0.6256509194349753,0.3848979583949661,-0.9947101232890948
H4035,HSM7J4K8,HSMA33OR,HSMA33MI,4,104,0.3848979583949661,1.6326739728247417,1.502160264774328,-0.489156761034155,0.4694973859916777,2,1.1116720967983076,1.169088070359474,1.1116720967983076,1.169088070359474,1.6326739728247417,2.880449987254517
M2008,MSM5LLDS,MSM5LLHZ,MSM5LLHQ,3,105,1.1021621653408644,0.8618673220037514,1.2168276843788266,-0.6142681496079229,0.4630287760868403,2,0.9271640807250259,0.9132601754272395,0.9271640807250259,0.9132601754272395,0.8618673220037514,0.6215724786666383
M2008,MSM5LLHZ,MSM5LLHQ,MSM5LLDA,3,106,0.8618673220037514,1.2168276843788266,0.9808499819585002,-0.6142681496079229,0.4630287760868403,2,1.0393834399788593,1.0284519623155035,1.0393834399788593,1.0284519623155035,1.2168276843788266,1.5717880467539018
M2008,MSM5LLHQ,MSM5LLDA,MSM6J2LB,3,107,1.2168276843788266,0.9808499819585002,1.3595904375442054,-0.6142681496079229,0.4630287760868403,2,1.0082745233981958,1.0407768939611102,1.0082745233981958,1.0407768939611102,0.9808499819585002,0.7448722795381737
M2014,MSM5FZ9X,MSM5FZA2,MSM5LLGH,2,108,0.7294029269768189,0.6582727557681446,1.7248863370394871,-0.6258135834369205,0.4637737731373193,2,0.6114119228053743,0.717769075812916,0.6114119228053743,0.717769075812916,0.6582727557681446,0.5871425845594703
M2014,MSM5FZA2,MSM5LLGH,MSM6J2IQ,2,109,0.6582727557681446,1.7248863370394871,0.7846302357927332,-0.6258135834369205,0.4637737731373193,2,1.2406216021897747,1.3114699399054097,1.2406216021897747,1.3114699399054097,1.7248863370394871,2.79149991831083
M2014,MSM5LLGH,MSM6J2IQ,MSM6J2J1,2,110,1.7248863370394871,0.7846302357927332,1.720559222509429,-0.6258135834369205,0.4637737731373193,2,0.9754827157242575,0.9863944434128118,0.9754827157242575,0.9863944434128118,0.7846302357927332,-0.155625865454021
M2014,MSM6J2IQ,MSM6J2J1,MSM6J2QZ,2,111,0.7846302357927332,1.720559222509429,1.686980733489111,-0.6258135834369205,0.4637737731373193,2,1.2723422666265742,1.3041561711436391,1.2723422666265742,1.3041561711436391,1.720559222509429,2.656488209226125
M2025,MSM5LLIC,MSM5LLHM,MSM6J2J5,0,112,-1.476082195923329,-1.5143089750880725,-1.8936981955180827,-0.5429257061768632,0.6720638127173051,0,-1.4295210892113832,-1.4595163947084142,-1.4295210892113832,-1.4595163947084142,-1.5143089750880725,-1.552535754252816
M2025,MSM5LLHM,MSM6J2J5,MSM6J2PE,0,113,-1.5143089750880725,-1.8936981955180827,-1.4980489491682978,-0.5429257061768632,0.6720638127173051,0,-1.641263120665047,-1.728121243823988,-1.641263120665047,-1.728121243823988,-1.8936981955180827,-2.273087415948093
M2025,MSM6J2J5,MSM6J2PE,MSM6J2PM,0,114,-1.8936981955180827,-1.4980489491682978,-1.004720058548358,-0.5429257061768632,0.6720638127173051,0,-1.5533217686056486,-1.5259743412486722,-1.5533217686056486,-1.5259743412486722,-1.4980489491682978,-1.1023997028185128
M2026,MSM5LLFK,MSM5LLFO,MSM6J2HF,3,115,1.2436783608356317,-0.1887976877229784,0.4963578240187077,-0.6142681496079229,0.4630287760868403,2,0.559353958195022,0.4772565547499498,0.559353958195022,0.4772565547499498,-0.1887976877229784,-1.6212737362815886
M2027,MSM5LLIS,MSM5LLH8,MSM6J2KE,4,116,-0.4704335000123196,-0.6355989782684671,-0.8296988659027588,-0.489156761034155,0.4694973859916777,0,-0.49562626769896073,-0.524275690740895,-0.49562626769896073,-0.524275690740895,-0.6355989782684671,-0.8007644565246146
M2027,MSM5LLH8,MSM6J2KE,MSM6J2R2,4,117,-0.6355989782684671,-0.8296988659027588,-0.6284964673067887,-0.489156761034155,0.4694973859916777,0,-0.6792237686848206,-0.7355610148926699,-0.6792237686848206,-0.7355610148926699,-0.8296988659027588,-1.0237987535370503
M2028,MSM5LLFG,MSM5LLGR,MSM6J2IG,0,118,-0.572595318881199,-0.4113281270769563,0.0951129014926176,-0.5429257061768632,0.6720638127173051,1,-0.41713049352574616,-0.4184667446180046,-0.41713049352574616,-0.4184667446180046,-0.4113281270769563,-0.2500609352727136
M2034,MSM5LLEH,MSM5LLF4,MSM6J2LL,3,119,0.9299889261348676,0.0791676168647953,-0.7492728956021918,-0.6142681496079229,0.4630287760868403,0,0.39009696782986025,0.4185661908520208,0.39009696782986025,0.4185661908520208,0.0791676168647953,-0.7716536924052768
M2039,MSM6J2H9,MSM6J2QP,MSM79HAH,4,120,0.9673588574982712,-0.8664773354726196,-0.9748874180779752,-0.489156761034155,0.4694973859916777,0,-0.3194507003690612,-0.4392715415080763,-0.3194507003690612,-0.4392715415080763,-0.8664773354726196,-2.7003135284435107
M2047,MSM6J2PO,MSM79H7Q,MSM79H7Y,1,121,-1.6531226401489396,-2.332765919975506,-1.9023471928799995,-0.4975937839221452,0.5371575167905823,0,-2.1714071450869037,-2.201883618148336,-2.1714071450869037,-2.201883618148336,-2.332765919975506,-3.012409199802073
M2047,MSM79H7Q,MSM79H7Y,MSM9VZNL,1,122,-2.332765919975506,-1.9023471928799995,-2.416338297424711,-0.4975937839221452,0.5371575167905823,0,-1.7930686140684589,-1.8811938364389114,-1.7930686140684589,-1.8811938364389114,-1.9023471928799995,-1.4719284657844924
M2060,MSM79H52,MSM9VZF7,MSM9VZPV,4,123,-0.6334776338054807,0.0285124845451064,-0.2952737101547493,-0.489156761034155,0.4694973859916777,1,-0.3263246161613169,-0.13398391367136797,-0.3263246161613169,-0.13398391367136797,0.0285124845451064,0.6905026028956934
M2061,MSM6J2NA,MSM9VZGO,MSM9VZLJ,3,124,-2.027429882872898,-1.5749571303993135,-1.764121453083803,-0.6142681496079229,0.4630287760868403,0,-1.6090881950454157,-1.5217568398747279,-1.6090881950454157,-1.5217568398747279,-1.5749571303993135,-1.122484377925729
M2068,MSM79HDQ,MSM9VZEK,MSM9VZES,0,125,0.5315203392414992,-0.3469612984963803,0.7699101318390796,-0.5429257061768632,0.6720638127173051,2,-0.05741846290653996,-0.05114448809478833,-0.05741846290653996,-0.05114448809478833,-0.3469612984963803,-1.2254429362342598
M2068,MSM9VZEK,MSM9VZES,MSMA26AL,0,126,-0.3469612984963803,0.7699101318390796,-0.9759829624347228,-0.5429257061768632,0.6720638127173051,0,0.37499061592185307,0.5340529631279209,0.37499061592185307,0.5340529631279209,0.7699101318390796,1.8867815621745396
M2069,MSM79HDE,MSM9VZEW,MSM9VZOU,3,127,0.9512557878495372,0.7647601128469157,0.4592939628696404,-0.6142681496079229,0.4630287760868403,1,0.8122328748958778,0.8051443801236697,0.8122328748958778,0.8051443801236697,0.7647601128469157,0.5782644378442942
M2072,MSM79H85,MSM9VZOI,MSM9VZHR,1,128,0.0399078007876406,-0.4902978155938085,0.1336174198583231,-0.4975937839221452,0.5371575167905823,1,-0.3491159320652942,-0.3168842383953222,-0.3491159320652942,-0.3168842383953222,-0.4902978155938085,-1.0205034319752575
M2075,MSM79H8D,MSM79H8J,MSM9VZJZ,3,129,-0.9029245816708944,-1.1429533990765146,-1.4171514853551086,-0.6142681496079229,0.4630287760868403,0,-0.8937445467435684,-0.8406809351962761,-0.8937445467435684,-0.8406809351962761,-1.1429533990765146,-1.382982216482135
M2075,MSM79H8J,MSM9VZJZ,MSM9VZH1,3,130,-1.1429533990765146,-1.4171514853551086,-0.34958529651571,-0.6142681496079229,0.4630287760868403,1,-1.1860606094334492,-1.1761245610115891,-1.1860606094334492,-1.1761245610115891,-1.4171514853551086,-1.6913495716337026
M2075,MSM9VZJZ,MSM9VZH1,MSMAPC7J,3,131,-1.4171514853551086,-0.34958529651571,-0.3037789015653256,-0.6142681496079229,0.4630287760868403,1,-0.6379341215913723,-0.5765982880590252,-0.6379341215913723,-0.5765982880590252,-0.34958529651571,0.7179808923236886
M2079,MSM9VZFJ,MSM9VZFR,MSM9VZKE,0,132,-1.6227299819052283,-1.1583744728409489,-1.5676033298372347,-0.5429257061768632,0.6720638127173051,0,-1.2199172974627612,-1.2346076755177249,-1.2199172974627612,-1.2346076755177249,-1.1583744728409489,-0.6940189637766694
M2079,MSM9VZFR,MSM9VZKE,MSMA26BR,0,133,-1.1583744728409489,-1.5676033298372347,-1.6533962699720246,-0.5429257061768632,0.6720638127173051,0,-1.3491380630664205,-1.4300377166613396,-1.3491380630664205,-1.4300377166613396,-1.5676033298372347,-1.9768321868335208
M2084,MSM9VZMM,MSM9VZMU,MSM9VZL9,2,134,-0.8990265512347673,-1.3550114740945454,-1.1572350012077346,-0.6258135834369205,0.4637737731373193,0,-1.1181361860551058,-1.1604117797083155,-1.1181361860551058,-1.1604117797083155,-1.3550114740945454,-1.8109963969543237
M2084,MSM9VZMU,MSM9VZL9,MSMA26BB,2,135,-1.3550114740945454,-1.1572350012077346,-1.702383804041372,-0.6258135834369205,0.4637737731373193,0,-1.1286889696035425,-1.1473361706239669,-1.1286889696035425,-1.1473361706239669,-1.1572350012077346,-0.9594585283209238
M2085,MSM9VZM4,MSM9VZPL,MSMA26CX,1,136,-1.2529169138502512,-0.2129245776485976,-1.797995359531179,-0.4975937839221452,0.5371575167905823,0,-0.42835284321547196,-0.36532459566750636,-0.42835284321547196,-0.36532459566750636,-0.2129245776485976,0.8270677585530557
M2085,MSM9VZPL,MSMA26CX,MSMAPC6G,1,137,-0.2129245776485976,-1.797995359531179,-1.6360676008624768,-0.4975937839221452,0.5371575167905823,0,-1.3835852923177718,-1.4891565581250799,-1.3835852923177718,-1.4891565581250799,-1.797995359531179,-3.38306614141376
M2085,MSMA26CX,MSMAPC6G,MSMB4LXY,1,138,-1.797995359531179,-1.6360676008624768,-1.1240299324099283,-0.4975937839221452,0.5371575167905823,0,-1.543904353046068,-1.4832145119783124,-1.543904353046068,-1.4832145119783124,-1.6360676008624768,-1.4741398421937746
P6005,PSM6XBQM,PSM6XBQY,PSM6XBSS,0,139,0.6883654115889831,0.9455396861820302,0.8970072589679337,-0.5429257061768632,0.6720638127173051,2,0.7939908077964455,0.8151252150451525,0.7939908077964455,0.8151252150451525,0.9455396861820302,1.2027139607750774
P6005,PSM6XBQY,PSM6XBSS,PSM7J136,0,140,0.9455396861820302,0.8970072589679337,1.0891847527979874,-0.5429257061768632,0.6720638127173051,2,0.8400034849849773,0.8710426781643519,0.8400034849849773,0.8710426781643519,0.8970072589679337,0.8484748317538371
P6009,PSM6XBRK,PSM6XBS6,PSM7J1CK,1,141,-0.2244442699520556,-0.0062085251342999,-0.3996805951958728,-0.4975937839221452,0.5371575167905823,1,-0.030871455968163302,0.02486013231690436,-0.030871455968163302,0.02486013231690436,-0.0062085251342999,0.2120272196834557
P6009,PSM6XBS6,PSM7J1CK,PSM7J1CU,1,142,-0.0062085251342999,-0.3996805951958728,0.2944382379047279,-0.4975937839221452,0.5371575167905823,1,-0.40537162323738535,-0.41581387993084257,-0.40537162323738535,-0.41581387993084257,-0.3996805951958728,-0.7931526652574457
P6009,PSM7J1CK,PSM7J1CU,PSM7J141,1,143,-0.3996805951958728,0.2944382379047279,0.1198804880517004,-0.4975937839221452,0.5371575167905823,1,0.06714295299919457,-0.020804355518401874,0.06714295299919457,-0.020804355518401874,0.2944382379047279,0.9885570710053286
P6010,PSM6XBSI,PSM6XBSK,PSM6XBUO,4,144,1.1099235786324997,-0.2024455186426182,1.192464863551116,-0.489156761034155,0.4694973859916777,2,0.24358977414896651,0.15570694403096516,0.24358977414896651,0.15570694403096516,-0.2024455186426182,-1.514814615917736
P6010,PSM6XBSK,PSM6XBUO,PSM7J14L,4,145,-0.2024455186426182,1.192464863551116,1.6778786299798425,-0.489156761034155,0.4694973859916777,2,0.5763249312178924,0.75196504417124,0.5763249312178924,0.75196504417124,1.192464863551116,2.5873752457448504
P6010,PSM6XBUO,PSM7J14L,PSM7J14T,4,146,1.192464863551116,1.6778786299798425,-0.9012570034890826,-0.489156761034155,0.4694973859916777,0,1.2904243613945827,1.1715113550548137,1.2904243613945827,1.1715113550548137,1.6778786299798425,2.1632923964085684
P6016,PSM7J17L,PSM7J158,PSMA265N,4,147,1.609085183545227,0.9035871039608953,0.650611544459309,-0.489156761034155,0.4694973859916777,2,1.0120045517673202,0.9377149311996286,1.0120045517673202,0.9377149311996286,0.9035871039608953,0.1980890243765638
P6018,PSM7J17X,PSM7J15M,PSM7J15U,1,148,-0.0936283072720939,-0.6072213414125792,-1.1374607666649956,-0.4975937839221452,0.5371575167905823,0,-0.47991819150828524,-0.6206761563567423,-0.47991819150828524,-0.6206761563567423,-0.6072213414125792,-1.1208143755530644
P6024,PSM7J1BN,PSM7J12J,PSM7J12R,1,149,1.3746528607391189,0.7987844999914083,0.4417661716307458,-0.4975937839221452,0.5371575167905823,1,0.8368494738687183,0.8172271941630715,0.8368494738687183,0.8172271941630715,0.7987844999914083,0.2229161392436978
P6024,PSM7J12J,PSM7J12R,PSMA263W,1,150,0.7987844999914083,0.4417661716307458,0.4940972336884786,-0.4975937839221452,0.5371575167905823,1,0.4744859537818565,0.4274920023263934,0.4744859537818565,0.4274920023263934,0.4417661716307458,0.0847478432700832
P6035,PSMA264Q,PSMA267P,PSMB4MBK,2,151,0.6353116760722225,-0.1897238724741156,0.0409043425783447,-0.6258135834369205,0.4637737731373193,1,0.03774130988523669,-0.04894383625914056,0.03774130988523669,-0.04894383625914056,-0.1897238724741156,-1.0147594210204538
