sample_id,participant_id,diagnosis_label,disease_group_binary,global_outer_fold,HI_score,HI_probability,role,axis_outer_fold
CSM5MCZF,C3012,CD,1,1,0.30145804060913334,0.9045671958556023,train_inner_branch_input,2
CSM67UGO,C3012,CD,1,1,0.0461084374434371,0.8538400129202781,train_inner_branch_input,2
CSM67UH7,C3022,nonIBD,0,3,-1.1713062223422872,0.3676159861502358,train_inner_branch_input,2
CSM79HGZ,C3022,nonIBD,0,3,-0.6806110002753873,0.5957073916644112,train_inner_branch_input,2
CSM7KON8,C3012,CD,1,1,0.23658535123859056,0.8934117107302391,train_inner_branch_input,2
CSM7KOOH,C3022,nonIBD,0,3,-0.8997241685638421,0.49307579295378023,train_inner_branch_input,2
CSM7KOOR,C3022,nonIBD,0,3,-0.4124692602368039,0.7100957746893259,train_inner_branch_input,2
CSM7KOP8,C3032,UC,1,3,-0.8411737304099887,0.5208075980747923,train_inner_branch_input,2
CSM7KOU9,C3032,UC,1,3,-0.7703091447010543,0.5541853552108724,train_inner_branch_input,2
CSM9X22G,C3032,UC,1,3,-0.6708548895641734,0.6001529713095975,train_inner_branch_input,2
CSMAG78W,C3022,nonIBD,0,3,-0.6127112669877611,0.6262841739596169,train_inner_branch_input,2
HSM7J4HS,H4035,UC,1,4,1.9678296635693382,0.9955371359847847,train_inner_branch_input,2
HSM7J4JZ,H4035,UC,1,4,1.6892518313037765,0.9924563171332701,train_inner_branch_input,2
HSM7J4K8,H4035,UC,1,4,0.6038661208835974,0.9438648877224572,train_inner_branch_input,2
HSMA33MI,H4035,UC,1,4,1.8361431064520983,0.9942790992759456,train_inner_branch_input,2
HSMA33OR,H4035,UC,1,4,1.9141703575098805,0.9950617084558178,train_inner_branch_input,2
MSM6J2K6,M2042,nonIBD,0,4,-1.2991653660153042,0.31328555646689954,train_inner_branch_input,2
MSM6J2KE,M2027,CD,1,4,-1.214883558810575,0.348632674940595,train_inner_branch_input,2
MSM6J2LT,M2021,CD,1,1,-0.7718128833369128,0.553481064933764,train_inner_branch_input,2
MSM6J2PO,M2047,nonIBD,0,1,-1.3891357638192867,0.27781332798155883,train_inner_branch_input,2
MSM6J2QP,M2039,nonIBD,0,4,-1.029259840321065,0.43211631672547113,train_inner_branch_input,2
MSM6J2R2,M2027,CD,1,4,-1.0216998254432839,0.43563597986096697,train_inner_branch_input,2
MSM79H6F,M2042,nonIBD,0,4,-1.2436566641691476,0.3363524364521555,train_inner_branch_input,2
MSM79H7Q,M2047,nonIBD,0,1,-2.116531633788395,0.08834212842920046,train_inner_branch_input,2
MSM79H7Y,M2047,nonIBD,0,1,-1.6557861348597955,0.1883532473092509,train_inner_branch_input,2
MSM79HAH,M2039,nonIBD,0,4,-0.6994055225203423,0.5870994285876583,train_inner_branch_input,2
MSM9VZF7,M2060,nonIBD,0,4,-1.1260791018229388,0.3877608926363751,train_inner_branch_input,2
MSM9VZNL,M2047,nonIBD,0,1,-1.9199860436031748,0.12330337840334026,train_inner_branch_input,2
CSM5MCXL,C3004,UC,1,3,0.3107366589249281,0.9060746177191724,train_inner_branch_input,2
CSM67UDN,C3004,UC,1,3,1.3083227014680328,0.9845937461822085,train_inner_branch_input,2
CSM67UEW,C3011,UC,1,1,0.24867487590920534,0.8955742157928054,train_inner_branch_input,2
CSM79HLA,C3004,UC,1,3,0.350320917623201,0.9122681847499334,train_inner_branch_input,2
CSM7KOMT,C3011,UC,1,1,-0.37966855674894245,0.7227252063719803,train_inner_branch_input,2
ESM5MEDD,E5009,CD,1,1,-1.148732920303494,0.37761768593446676,train_inner_branch_input,2
ESM5MEDN,E5009,CD,1,1,-0.854987800847778,0.5142699140611878,train_inner_branch_input,2
ESM718UH,E5009,CD,1,1,-0.8351591028362777,0.523652003131244,train_inner_branch_input,2
HSM5MD79,H4001,CD,1,4,-0.21637312147946228,0.7803199457105794,train_inner_branch_input,2
HSM5MD7O,H4006,CD,1,3,1.6466651101105387,0.9918273285775414,train_inner_branch_input,2
HSM67VEE,H4006,CD,1,3,0.8320197188815992,0.9628404224439578,train_inner_branch_input,2
HSM67VI5,H4024,nonIBD,0,1,-1.4542780655170624,0.25373210847530375,train_inner_branch_input,2
HSM7CYX2,H4006,CD,1,3,0.17660000136579257,0.8820904746673256,train_inner_branch_input,2
HSM7J4GR,H4027,UC,1,1,0.7832014720734946,0.9593842421578259,train_inner_branch_input,2
HSM7J4N4,H4028,CD,1,4,0.5794030901064465,0.9413569897892667,train_inner_branch_input,2
HSM7J4NA,H4028,CD,1,4,0.21298989212469294,0.8890773174462137,train_inner_branch_input,2
HSM7J4NE,H4027,UC,1,1,0.6927641076969426,0.9521531068144943,train_inner_branch_input,2
HSM7J4O1,H4024,nonIBD,0,1,-0.9880449119776429,0.45137847831446265,train_inner_branch_input,2
HSM7J4O3,H4024,nonIBD,0,1,-1.127384096873166,0.3871738409517188,train_inner_branch_input,2
HSMA33O1,H4027,UC,1,1,0.21104623206911394,0.8887134813020096,train_inner_branch_input,2
MSM79HDE,M2069,UC,1,3,1.627876055894952,0.9915335394296394,train_inner_branch_input,2
MSM9VZEW,M2069,UC,1,3,0.8956525567215016,0.9669228648813072,train_inner_branch_input,2
MSM9VZGO,M2061,nonIBD,0,3,-1.3247622841550974,0.3029435086863612,train_inner_branch_input,2
MSM9VZLJ,M2061,nonIBD,0,3,-2.110371220479385,0.08928706004692077,train_inner_branch_input,2
MSM9VZOU,M2069,UC,1,3,1.2651786545606685,0.9833028635146888,train_inner_branch_input,2
PSM6XBRK,P6009,CD,1,1,0.19843998797168902,0.8863282807603489,train_inner_branch_input,2
PSM7J141,P6009,CD,1,1,0.3109952151690866,0.9061163160542675,train_inner_branch_input,2
PSM7J15M,P6018,nonIBD,0,1,-0.3878980407747018,0.7195885860065304,train_inner_branch_input,2
PSM7J15U,P6018,nonIBD,0,1,-1.0108258312485494,0.44070981614582944,train_inner_branch_input,2
PSM7J17X,P6018,nonIBD,0,1,0.025018253170455126,0.8487804072539062,train_inner_branch_input,2
PSM7J1CU,P6009,CD,1,1,0.3619386143234556,0.9140146526614328,train_inner_branch_input,2
CSM5MCX3,C3006,UC,1,1,1.6151398681065139,0.9913284635230745,train_inner_branch_input,2
CSM67UAA,C3009,CD,1,4,0.6972598708235677,0.9525398248403935,train_inner_branch_input,2
CSM67UFZ,C3006,UC,1,1,2.31353314004088,0.9976773972647802,train_inner_branch_input,2
CSM79HH8,C3023,CD,1,1,0.37638512295992393,0.9161424053218812,train_inner_branch_input,2
CSM79HI7,C3009,CD,1,4,0.41104274518962314,0.9210530962478527,train_inner_branch_input,2
CSM79HMN,C3006,UC,1,1,2.106273756387903,0.9965636393293735,train_inner_branch_input,2
CSM7KOJO,C3009,CD,1,4,0.4272508964465555,0.9232582609822544,train_inner_branch_input,2
CSM7KONK,C3023,CD,1,1,0.7873315151748604,0.9596881792606191,train_inner_branch_input,2
CSM7KOTK,C3023,CD,1,1,0.23978183523506114,0.8939872852895379,train_inner_branch_input,2
ESM5MEBU,E5004,UC,1,3,0.862940082166209,0.9648813533373833,train_inner_branch_input,2
ESM5MEC5,E5004,UC,1,3,0.9395315935679499,0.969481999853814,train_inner_branch_input,2
ESM718SY,E5004,UC,1,3,0.9930494178825986,0.9723444437649706,train_inner_branch_input,2
HSM5MD4O,H4007,CD,1,3,1.3701072291232832,0.9862729203128046,train_inner_branch_input,2
HSM5MD5P,H4004,CD,1,4,-0.28406821893948114,0.7575367440536578,train_inner_branch_input,2
HSM5MD62,H4015,CD,1,4,0.6134423152431773,0.944818877777822,train_inner_branch_input,2
HSM5MD73,H4015,CD,1,4,0.36232461344343647,0.914072135148344,train_inner_branch_input,2
HSM67VGA,H4009,nonIBD,0,3,-1.0091846526819577,0.4414766984015026,train_inner_branch_input,2
HSM6XRSG,H4004,CD,1,4,0.8125648413906008,0.961498328609501,train_inner_branch_input,2
HSM6XRSN,H4007,CD,1,3,1.0173676002047016,0.9735572954385916,train_inner_branch_input,2
HSM7CYZ7,H4015,CD,1,4,0.8490820965503563,0.9639803520068599,train_inner_branch_input,2
HSM7CYZT,H4004,CD,1,4,0.22442449195467437,0.8911967535021917,train_inner_branch_input,2
HSM7CZ14,H4004,CD,1,4,0.2997788249959782,0.9042920852239232,train_inner_branch_input,2
HSM7J4QJ,H4015,CD,1,4,0.6465367691598779,0.947999463446019,train_inner_branch_input,2
HSMA33MZ,H4042,UC,1,3,0.9912927593445868,0.972254767767224,train_inner_branch_input,2
MSM5LLDA,M2008,CD,1,3,0.3233259373042021,0.9080857591766374,train_inner_branch_input,2
MSM5LLDS,M2008,CD,1,3,0.5651490109850665,0.9398476188386076,train_inner_branch_input,2
MSM6J2HF,M2026,UC,1,3,0.6706633286658048,0.950208143970415,train_inner_branch_input,2
MSM6J2LB,M2008,CD,1,3,0.9686305454307984,0.9710722540416753,train_inner_branch_input,2
MSM79H85,M2072,nonIBD,0,1,-0.3621344617977287,0.7293356040282452,train_inner_branch_input,2
MSM9VZHR,M2072,nonIBD,0,1,-0.7019009277203708,0.5859523860240422,train_inner_branch_input,2
MSM9VZOI,M2072,nonIBD,0,1,-0.7648981103453003,0.5567178452958879,train_inner_branch_input,2
MSM9VZPL,M2085,CD,1,1,0.3680032651320825,0.9149137772542674,train_inner_branch_input,2
MSMA26CX,M2085,CD,1,1,-1.0803208264037654,0.4085402201775021,train_inner_branch_input,2
MSMAPC6G,M2085,CD,1,1,-1.387573240738218,0.2784079181442949,train_inner_branch_input,2
MSMB4LXY,M2085,CD,1,1,-0.4111306546868619,0.7106178048506674,train_inner_branch_input,2
PSM7J12J,P6024,CD,1,1,0.8950914654885632,0.9668888340900648,train_inner_branch_input,2
PSM7J12R,P6024,CD,1,1,0.6313895647354412,0.9465658120891107,train_inner_branch_input,2
PSM7J14X,P6014,nonIBD,0,1,-2.2739832916458664,0.06707689505669787,train_inner_branch_input,2
PSM7J158,P6016,CD,1,4,0.8246313842366789,0.9623361192133503,train_inner_branch_input,2
PSM7J17L,P6016,CD,1,4,1.6458608569471518,0.991814962792092,train_inner_branch_input,2
PSMA263W,P6024,CD,1,1,0.6268066068222529,0.9461247453663961,train_inner_branch_input,2
PSMA265N,P6016,CD,1,4,0.6069118193941043,0.9441699734648566,train_inner_branch_input,2
CSM5MCZ3,C3008,CD,1,4,0.2327296207647697,0.8927137684816595,train_inner_branch_input,2
CSM67UA2,C3001,CD,1,1,-0.19402694658364913,0.7874942458364592,train_inner_branch_input,2
CSM67UBZ,C3003,UC,1,4,1.601571739383195,0.9911045733427842,train_inner_branch_input,2
CSM67UCK,C3010,CD,1,1,-1.118734084317796,0.39107108480187946,train_inner_branch_input,2
CSM79HJM,C3027,CD,1,3,-0.6160891016380315,0.6247844743378315,train_inner_branch_input,2
CSM79HJS,C3027,CD,1,3,-0.9489738382614952,0.46977516712993517,train_inner_branch_input,2
CSM79HLM,C3003,UC,1,4,1.3671306970444856,0.9861963287474662,train_inner_branch_input,2
CSM7KOLE,C3010,CD,1,1,-0.4879175680412418,0.6797980251754927,train_inner_branch_input,2
CSM7KOOV,C3027,CD,1,3,-0.8928179041436838,0.4963479659332184,train_inner_branch_input,2
CSMA9J65,C3027,CD,1,3,0.15883969978376253,0.8785440048562132,train_inner_branch_input,2
HSM5MD3Y,H4010,UC,1,1,-0.04761787024105227,0.8302488916994881,train_inner_branch_input,2
HSM5MD43,H4010,UC,1,1,0.2551911358251294,0.8967236622019161,train_inner_branch_input,2
HSM5MD5D,H4008,nonIBD,0,1,-1.1998034028042956,0.3551513066208434,train_inner_branch_input,2
HSM67VES,H4022,nonIBD,0,3,-1.145075824748819,0.37924816748321405,train_inner_branch_input,2
HSM67VFZ,H4008,nonIBD,0,1,-1.1639425257682359,0.37086663803448516,train_inner_branch_input,2
HSM67VH1,H4010,UC,1,1,-0.37410866261670833,0.7248320442840717,train_inner_branch_input,2
HSM6XRQ8,H4023,nonIBD,0,4,-0.36668486964291475,0.7276296425105024,train_inner_branch_input,2
HSM6XRTM,H4010,UC,1,1,1.159772577752598,0.979685410767905,train_inner_branch_input,2
HSM7CYZJ,H4022,nonIBD,0,3,-1.445240324307426,0.256989414763029,train_inner_branch_input,2
HSM7J4G1,H4022,nonIBD,0,3,-0.5723650502527188,0.6440030179692346,train_inner_branch_input,2
HSM7J4HC,H4023,nonIBD,0,4,-0.7300917213509727,0.5729321612214001,train_inner_branch_input,2
HSM7J4IC,H4032,CD,1,4,-0.8174733193487073,0.5320062972545951,train_inner_branch_input,2
HSM7J4IU,H4022,nonIBD,0,3,-0.941252744213681,0.47342200559600445,train_inner_branch_input,2
HSM7J4KC,H4023,nonIBD,0,4,-0.3696766515301479,0.7265043559908927,train_inner_branch_input,2
HSM7J4KK,H4023,nonIBD,0,4,-1.5373039460188929,0.22510270952202438,train_inner_branch_input,2
HSM7J4OZ,H4032,CD,1,4,-0.9592571415330248,0.4649232159234708,train_inner_branch_input,2
MSM5LLF4,M2034,CD,1,3,0.4282427157674407,0.9233913508601027,train_inner_branch_input,2
MSM6J2LL,M2034,CD,1,3,0.3628147906852946,0.9141450815265223,train_inner_branch_input,2
MSM79H8D,M2075,nonIBD,0,3,-0.7816534727452314,0.5488669567950049,train_inner_branch_input,2
MSM79HAN,M2064,UC,1,4,-1.288626985520666,0.31759877892168487,train_inner_branch_input,2
MSM9VZJZ,M2075,nonIBD,0,3,-1.2938116046491714,0.3154728075673171,train_inner_branch_input,2
MSM9VZLP,M2064,UC,1,4,-0.4965343593677107,0.6762325274264169,train_inner_branch_input,2
MSMAPC7J,M2075,nonIBD,0,3,-0.7410164208292443,0.5678581249658385,train_inner_branch_input,2
PSM6XBSI,P6010,CD,1,4,1.2365127063101562,0.9823869680333742,train_inner_branch_input,2
PSM6XBSK,P6010,CD,1,4,0.19225531203220522,0.8851418744873006,train_inner_branch_input,2
PSM6XBUO,P6010,CD,1,4,1.0827204785508988,0.976565828414204,train_inner_branch_input,2
PSM7J14L,P6010,CD,1,4,2.057144192951361,0.9962295350536731,train_inner_branch_input,2
PSM7J14T,P6010,CD,1,4,-0.4382858556063496,0.6999198473111424,train_inner_branch_input,2
CSM5MCVN,C3002,CD,1,0,2.4114853204141133,0.9980701881566555,train_inner_branch_input,2
CSM5MCY8,C3005,UC,1,0,0.8086855029081765,0.9612252024923409,train_inner_branch_input,2
CSM67UAQ,C3015,UC,1,0,-0.9270440478793331,0.48014021070697066,train_inner_branch_input,2
CSM67UBN,C3002,CD,1,0,2.653268002602088,0.9987787744667171,train_inner_branch_input,2
CSM67UEA,C3005,UC,1,0,0.527444924754049,0.9356781408995178,train_inner_branch_input,2
CSM67UEI,C3005,UC,1,0,1.2126426560667338,0.9815868005647369,train_inner_branch_input,2
CSM7KOPI,C3015,UC,1,0,-0.8727581391012741,0.5058530036087413,train_inner_branch_input,2
HSM5MD6A,H4014,CD,1,0,-0.4404534699894523,0.6990562186751343,train_inner_branch_input,2
HSM5MD6K,H4013,nonIBD,0,0,-0.36244836614148,0.729218136373599,train_inner_branch_input,2
HSM67VF3,H4016,nonIBD,0,0,0.16574322837586794,0.8799333327417612,train_inner_branch_input,2
HSM6XRRJ,H4013,nonIBD,0,0,-0.3861806049983989,0.7202449623530122,train_inner_branch_input,2
HSM6XRRV,H4014,CD,1,0,0.49966218524808853,0.9324351885356594,train_inner_branch_input,2
HSM6XRVC,H4013,nonIBD,0,0,-0.7785940685918811,0.550302404865959,train_inner_branch_input,2
HSM6XRVK,H4013,nonIBD,0,0,-0.7884993268932778,0.5456520239123053,train_inner_branch_input,2
HSM6XRVO,H4014,CD,1,0,0.6415924879249738,0.9475355400804997,train_inner_branch_input,2
HSM7CZ3G,H4031,CD,1,0,-0.6436206012725406,0.6124737919206109,train_inner_branch_input,2
HSM7J4I3,H4016,nonIBD,0,0,0.32708613715434776,0.9086789038545172,train_inner_branch_input,2
HSM7J4KQ,H4016,nonIBD,0,0,0.17225133700596243,0.8812304942957426,train_inner_branch_input,2
HSM7J4MK,H4031,CD,1,0,-0.8584986900903787,0.5126074737287062,train_inner_branch_input,2
HSM7J4OE,H4031,CD,1,0,-1.030827733395839,0.4313872089164284,train_inner_branch_input,2
HSM7J4QT,H4014,CD,1,0,1.2890148065398326,0.9840286609776162,train_inner_branch_input,2
HSM7J4R2,H4013,nonIBD,0,0,-0.421880178839308,0.7064100259581977,train_inner_branch_input,2
HSMA33NW,H4044,UC,1,0,-0.14507633715033816,0.8026069936089152,train_inner_branch_input,2
MSM6J2IG,M2028,CD,1,0,-0.37902201054157125,0.7229707155661454,train_inner_branch_input,2
MSM6J2J5,M2025,CD,1,0,-2.2958408093769607,0.0645304077514358,train_inner_branch_input,2
MSM6J2JR,M2041,nonIBD,0,0,-0.06883381688271108,0.8245059633816605,train_inner_branch_input,2
MSM6J2PM,M2025,CD,1,0,-1.0007994818779025,0.44539916415130565,train_inner_branch_input,2
MSM79HDQ,M2068,CD,1,0,1.2490229613356159,0.9827925947039473,train_inner_branch_input,2
MSM9VZEK,M2068,CD,1,0,0.19208600128550665,0.8851092445687976,train_inner_branch_input,2
MSM9VZES,M2068,CD,1,0,0.8505170434778697,0.96407467089781,train_inner_branch_input,2
MSM9VZFR,M2079,nonIBD,0,0,-0.15150333561997645,0.8006699268899787,train_inner_branch_input,2
MSM9VZKE,M2079,nonIBD,0,0,-0.8881670208953587,0.4985517377320818,train_inner_branch_input,2
MSMA26AL,M2068,CD,1,0,-0.692650538495362,0.5901996640033536,train_inner_branch_input,2
MSMA26BR,M2079,nonIBD,0,0,-1.4265924488882697,0.2637962238039529,train_inner_branch_input,2
PSM6XBQY,P6005,CD,1,0,0.9059308003815087,0.9675403060095514,train_inner_branch_input,2
PSM6XBSE,P6012,UC,1,0,0.4918067186378509,0.9314911023750292,train_inner_branch_input,2
PSM6XBSS,P6005,CD,1,0,0.4637737731373193,0.9280216099066254,train_inner_branch_input,2
PSM6XBT3,P6013,UC,1,0,1.5231708423801786,0.9896941159138611,train_inner_branch_input,2
PSM7J136,P6005,CD,1,0,0.8788995380089554,0.9658920842535035,train_inner_branch_input,2
CSM5MCXF,C3012,CD,1,1,0.47262756235468906,0.9291345559806341,train_inner_branch_input,2
CSM7KOPC,C3032,UC,1,3,-0.7618678046977906,0.558134820829764,train_inner_branch_input,2
CSM7KOUF,C3032,UC,1,3,-0.8685014088854648,0.5078696833269091,train_inner_branch_input,2
MSM5LLH8,M2027,CD,1,4,-1.0851710930862368,0.40632069146852834,train_inner_branch_input,2
MSM5LLIK,M2021,CD,1,1,0.35652589716804645,0.9132049214314769,train_inner_branch_input,2
MSM5LLIS,M2027,CD,1,4,-0.45361075193062705,0.693783853449993,train_inner_branch_input,2
MSM6J2H9,M2039,nonIBD,0,4,0.8628579399978055,0.9648760772441904,train_inner_branch_input,2
MSM79H52,M2060,nonIBD,0,4,-0.9180278825835132,0.48440714734169327,train_inner_branch_input,2
MSM9VZPV,M2060,nonIBD,0,4,-0.8168338847729971,0.5323080416235004,train_inner_branch_input,2
CSM5FZ4A,C3004,UC,1,3,1.0464006224378426,0.9749376270164882,train_inner_branch_input,2
CSM5MCUC,C3004,UC,1,3,0.24383389535454478,0.8947129801675102,train_inner_branch_input,2
CSM5MCXB,C3011,UC,1,1,0.11969964301815203,0.8704030943390224,train_inner_branch_input,2
CSM5MCYO,C3011,UC,1,1,0.5643486178185998,0.9397617952585449,train_inner_branch_input,2
ESM9IEP5,E5009,CD,1,1,-1.0571389851701634,0.41919856558525453,train_inner_branch_input,2
HSM5FZBJ,H4001,CD,1,4,0.1258294847846797,0.8717080556464692,train_inner_branch_input,2
HSM5MD4A,H4006,CD,1,3,0.5604144153296633,0.9393382750080546,train_inner_branch_input,2
HSM5MD5K,H4001,CD,1,4,0.24924764511666345,0.895675701680485,train_inner_branch_input,2
HSM5MD7H,H4001,CD,1,4,-0.10532642800303178,0.8142719433975601,train_inner_branch_input,2
HSM5MD7W,H4001,CD,1,4,-0.04781406827824842,0.8301964747078905,train_inner_branch_input,2
HSM5MD86,H4006,CD,1,3,1.012034474047063,0.973295818954407,train_inner_branch_input,2
HSM67VEA,H4001,CD,1,4,-0.278405901000533,0.7595025659831558,train_inner_branch_input,2
HSMA33O5,H4027,UC,1,1,0.913906982676102,0.9680117657127018,train_inner_branch_input,2
MSM6J2NA,M2061,nonIBD,0,3,-1.8457014429819625,0.1393482904900547,train_inner_branch_input,2
PSM6XBS6,P6009,CD,1,1,0.8242194107718149,0.9623078065276698,train_inner_branch_input,2
PSM7J1CK,P6009,CD,1,1,0.19914388212745193,0.8864626295371709,train_inner_branch_input,2
CSM5MCTZ,C3006,UC,1,1,1.472071526912616,0.988657898465149,train_inner_branch_input,2
CSM5MCUM,C3006,UC,1,1,0.9822090681892146,0.971786527422141,train_inner_branch_input,2
CSM5MCVH,C3009,CD,1,4,0.028348948339258544,0.8495889161973424,train_inner_branch_input,2
CSM79HG4,C3023,CD,1,1,0.18864376562005378,0.8844440988722894,train_inner_branch_input,2
CSM79HJG,C3029,UC,1,3,0.006289386210911567,0.844167416150967,train_inner_branch_input,2
CSM7KONC,C3023,CD,1,1,0.6711184919057669,0.9502489457159959,train_inner_branch_input,2
ESM5GEZ6,E5004,UC,1,3,1.0002873584413168,0.9727109731454628,train_inner_branch_input,2
ESM5MEEG,E5004,UC,1,3,1.4355821273039087,0.9878555521848297,train_inner_branch_input,2
HSM5MD4Q,H4007,CD,1,3,1.8596823438640866,0.9945273693566145,train_inner_branch_input,2
HSM5MD4S,H4004,CD,1,4,0.26097012899981986,0.8977336760744344,train_inner_branch_input,2
HSM5MD4W,H4004,CD,1,4,0.21381126012856486,0.8892307571598427,train_inner_branch_input,2
HSM5MD82,H4009,nonIBD,0,3,-1.2032966762550317,0.3536363887266378,train_inner_branch_input,2
HSM5MD8B,H4009,nonIBD,0,3,-0.9507128305882087,0.46895423490520943,train_inner_branch_input,2
HSM6XRTC,H4009,nonIBD,0,3,-1.1106328697051118,0.3947337235484452,train_inner_branch_input,2
HSM7CYYZ,H4009,nonIBD,0,3,-1.0954482138675798,0.4016305062169112,train_inner_branch_input,2
HSM7J4JV,H4042,UC,1,3,0.3093179138071505,0.9058455157995503,train_inner_branch_input,2
MSM5LLFK,M2026,UC,1,3,2.1745874171419888,0.9969797246534464,train_inner_branch_input,2
MSM5LLFO,M2026,UC,1,3,0.1929642784656556,0.8852784203940195,train_inner_branch_input,2
MSM5LLHQ,M2008,CD,1,3,0.4904569806366927,0.9313276625905955,train_inner_branch_input,2
MSM5LLHZ,M2008,CD,1,3,0.8657652253505941,0.9650623516483754,train_inner_branch_input,2
MSM9VZM4,M2085,CD,1,1,-0.5201287017931889,0.6663651046384655,train_inner_branch_input,2
PSM7J1BN,P6024,CD,1,1,1.6232534614099974,0.991459669125707,train_inner_branch_input,2
CSM5FZ3N,C3001,CD,1,1,-0.040292115992813224,0.8321968629661661,train_inner_branch_input,2
CSM5FZ48,C3003,UC,1,4,0.09502860486020097,0.865036320119583,train_inner_branch_input,2
CSM5FZ4C,C3001,CD,1,1,0.004629518030189552,0.8437530981712396,train_inner_branch_input,2
CSM5FZ4K,C3003,UC,1,4,0.25721279334546393,0.8970779938788069,train_inner_branch_input,2
CSM5MCU4,C3008,CD,1,4,-0.11079081748328803,0.8127004815372926,train_inner_branch_input,2
CSM5MCVV,C3001,CD,1,1,0.2603556241452931,0.8976266942887546,train_inner_branch_input,2
CSM5MCWK,C3010,CD,1,1,-1.1575580221933912,0.3736945421324103,train_inner_branch_input,2
CSM5MCXZ,C3010,CD,1,1,-0.983668330358475,0.4534335387897699,train_inner_branch_input,2
CSM5MCYK,C3003,UC,1,4,0.9966627391071258,0.9725280163965807,train_inner_branch_input,2
CSM5MCYU,C3013,UC,1,4,-0.7635115954996345,0.5573662977100495,train_inner_branch_input,2
CSM67U9P,C3013,UC,1,4,-0.05918147508402837,0.8271374990340804,train_inner_branch_input,2
CSM79HGH,C3013,UC,1,4,-0.41868725000662466,0.7076635913517219,train_inner_branch_input,2
CSM79HMZ,C3001,CD,1,1,-0.3857041230753929,0.7204268994845952,train_inner_branch_input,2
CSM7KONS,C3013,UC,1,4,-0.6258135834369205,0.6204536718016566,train_inner_branch_input,2
HSM5MD87,H4010,UC,1,1,0.6035346637960878,0.9438315914190609,train_inner_branch_input,2
HSM5MD8A,H4008,nonIBD,0,1,-0.9772152597197532,0.45646650956372564,train_inner_branch_input,2
HSM67VDR,H4023,nonIBD,0,4,-0.6689384731741265,0.6010243169105379,train_inner_branch_input,2
HSM67VDX,H4022,nonIBD,0,3,-0.8059656180776409,0.5374329027452328,train_inner_branch_input,2
HSM6XRSZ,H4008,nonIBD,0,1,-0.9099565625555508,0.4882288800878291,train_inner_branch_input,2
HSM7CZ2P,H4008,nonIBD,0,1,-0.7457076888768565,0.5656747974754243,train_inner_branch_input,2
MSM5LLEH,M2034,CD,1,3,0.4693843305043336,0.9287287297557069,train_inner_branch_input,2
MSM79H8J,M2075,nonIBD,0,3,-0.6555065730288394,0.6071132351712685,train_inner_branch_input,2
MSM9VZH1,M2075,nonIBD,0,3,-0.5965129152362144,0.6334418549328492,train_inner_branch_input,2
CSM5FZ3T,C3002,CD,1,0,3.315955309027026,0.9996519243525703,train_inner_branch_input,2
CSM5FZ44,C3002,CD,1,0,2.5426913716190347,0.9984944500699837,train_inner_branch_input,2
CSM5FZ4O,C3005,UC,1,0,0.032925999981427215,0.8506941643747872,train_inner_branch_input,2
CSM5MCUU,C3005,UC,1,0,0.5604899376002705,0.9393464312044855,train_inner_branch_input,2
CSM67U9T,C3015,UC,1,0,-0.1800959347511721,0.7918794970526764,train_inner_branch_input,2
CSM79HJI,C3030,CD,1,0,1.1483222279002707,0.9792489508310924,train_inner_branch_input,2
CSM79HK1,C3002,CD,1,0,2.0141140128991863,0.9959104382974644,train_inner_branch_input,2
CSM7KOPQ,C3015,UC,1,0,-0.699318795463619,0.587139276787439,train_inner_branch_input,2
HSM5MD3L,H4014,CD,1,0,-0.8420392265024551,0.5203981769481137,train_inner_branch_input,2
HSM5MD6U,H4016,nonIBD,0,0,-0.05377340997744542,0.8285982154366522,train_inner_branch_input,2
MSM5LLFG,M2028,CD,1,0,0.17818116683168633,0.8824018220110399,train_inner_branch_input,2
MSM5LLGR,M2028,CD,1,0,0.06402748429020948,0.8580278876066445,train_inner_branch_input,2
MSM5LLHM,M2025,CD,1,0,-1.697018074319859,0.17669560752094285,train_inner_branch_input,2
MSM5LLIC,M2025,CD,1,0,-1.9867362008703693,0.11026548982492206,train_inner_branch_input,2
MSM6J2JF,M2041,nonIBD,0,0,-0.7933411560608503,0.5433758997607623,train_inner_branch_input,2
MSM6J2PE,M2025,CD,1,0,-1.471625747569058,0.24755658960660049,train_inner_branch_input,2
MSM9VZFJ,M2079,nonIBD,0,0,-1.004762581531867,0.4435444031418297,train_inner_branch_input,2
PSM6XBQM,P6005,CD,1,0,-0.044882012626968934,0.8309784726941192,train_inner_branch_input,2
HSMA33QO,H4045,nonIBD,0,2,-1.5027429107741284,0.23673455510515928,outer_test_branch_input,2
MSM9VZL9,M2084,nonIBD,0,2,-1.1572350012077346,0.3738378501331417,outer_test_branch_input,2
MSM9VZMM,M2084,nonIBD,0,2,-0.8990265512347673,0.49340630025739507,outer_test_branch_input,2
MSM9VZMU,M2084,nonIBD,0,2,-1.3550114740945454,0.2909747333025816,outer_test_branch_input,2
MSMA26BB,M2084,nonIBD,0,2,-1.702383804041372,0.1752209581596649,outer_test_branch_input,2
HSM67VFR,H4018,nonIBD,0,2,0.3285003703138388,0.9089010966588953,outer_test_branch_input,2
HSM7J4LD,H4018,nonIBD,0,2,0.06167029897871658,0.8574827628780978,outer_test_branch_input,2
HSM7J4LN,H4018,nonIBD,0,2,-0.014749450485209458,0.838849332829867,outer_test_branch_input,2
MSM6J2IQ,M2014,CD,1,2,0.7846302357927332,0.9594896348541795,outer_test_branch_input,2
MSM6J2J1,M2014,CD,1,2,1.720559222509429,0.9928878479343589,outer_test_branch_input,2
CSM67UB1,C3016,CD,1,2,0.64134762678001,0.9475124633661672,outer_test_branch_input,2
CSM67UBB,C3017,CD,1,2,0.004019441507887612,0.843600592181959,outer_test_branch_input,2
CSM79HIT,C3016,CD,1,2,-0.24159014479672644,0.7720169522054082,outer_test_branch_input,2
CSM7KOPS,C3016,CD,1,2,1.3756077555391364,0.9864133576457852,outer_test_branch_input,2
ESM718TM,E5013,CD,1,2,-0.4470081535607733,0.6964360928952673,outer_test_branch_input,2
ESM718V8,E5013,CD,1,2,-0.723439524716205,0.5760143794999437,outer_test_branch_input,2
ESM9IEP1,E5013,CD,1,2,-0.9692834608049261,0.46019889293171634,outer_test_branch_input,2
HSM6XRRD,H4019,UC,1,2,0.022586753739757662,0.8481879205026044,outer_test_branch_input,2
HSM6XRV2,H4019,UC,1,2,1.7120667101911113,0.9927732727579923,outer_test_branch_input,2
HSM7J4M4,H4019,UC,1,2,1.4874694606202314,0.9889805433501033,outer_test_branch_input,2
HSM7J4ME,H4019,UC,1,2,0.9441979145101186,0.9697425979041331,outer_test_branch_input,2
MSMA267V,M2103,UC,1,2,-0.7799477251710281,0.5496673818498753,outer_test_branch_input,2
CSM7KORU,C3034,UC,1,2,1.845289510642387,0.9943768702459284,outer_test_branch_input,2
PSMA264Q,P6035,UC,1,2,0.6353116760722225,0.9469405708171197,outer_test_branch_input,2
PSMA267P,P6035,UC,1,2,-0.18972387247411562,0.7888559429871275,outer_test_branch_input,2
PSMB4MBK,P6035,UC,1,2,0.040904342578344785,0.8526047247307802,outer_test_branch_input,2
HSM6XRQC,H4018,nonIBD,0,2,0.15002661222519628,0.8767502689905334,outer_test_branch_input,2
MSM5FZ9X,M2014,CD,1,2,0.7294029269768189,0.9552193659552051,outer_test_branch_input,2
MSM5FZA2,M2014,CD,1,2,0.6582727557681446,0.9490851748912166,outer_test_branch_input,2
MSM5LLGH,M2014,CD,1,2,1.7248863370394873,0.9929455309922819,outer_test_branch_input,2
MSM6J2QZ,M2014,CD,1,2,1.686980733489111,0.9924240206834144,outer_test_branch_input,2
CSM67U9V,C3016,CD,1,2,0.9143050885171518,0.9680351228312563,outer_test_branch_input,2
CSM67U9X,C3017,CD,1,2,1.194342002602972,0.9809492720843477,outer_test_branch_input,2
CSM79HJ6,C3017,CD,1,2,1.342142571791322,0.9855365027046538,outer_test_branch_input,2
CSM7KOQ3,C3016,CD,1,2,0.8605852867759329,0.9647297986504508,outer_test_branch_input,2
CSM7KOQZ,C3017,CD,1,2,1.416728974911207,0.9874192882839705,outer_test_branch_input,2
CSM7KOR8,C3017,CD,1,2,-0.21321994840156838,0.7813427347014126,outer_test_branch_input,2
ESM5MEB9,E5013,CD,1,2,-0.9726678766487201,0.4586057531677764,outer_test_branch_input,2
HSM6XRQE,H4019,UC,1,2,0.8484999078933504,0.9639420168776313,outer_test_branch_input,2
CSM79HQR,C3034,UC,1,2,1.314745126512862,0.9847773140333663,outer_test_branch_input,2
CSM9X1XW,C3034,UC,1,2,2.0336129982427744,0.9960582388136398,outer_test_branch_input,2
CSM9X21P,C3034,UC,1,2,1.368779257530712,0.9862388011092108,outer_test_branch_input,2
