outer_fold,model,window_index,observed_HI,current_HI,inner_pred_HI
0,ridge,0,0.0880151339570439,0.2803031599340293,0.24441645367454373
0,ridge,1,0.1494126855527679,0.0880151339570439,0.12460296524220174
0,ridge,2,0.0099491881316853,0.1494126855527679,0.05959655018037255
0,ridge,6,1.2520993577980994,1.4063624190780537,1.1069425645621318
0,ridge,7,1.841954167887588,1.2520993577980994,1.1949216133435512
0,ridge,8,1.9060915779452656,1.841954167887588,1.5441816849102454
0,ridge,9,0.1814123178189902,0.2601509894340533,0.4902572108376647
0,ridge,10,0.9494925251983698,0.1814123178189902,0.17996768992409895
0,ridge,11,0.5275758048121477,0.9494925251983698,0.6075258113070799
0,ridge,15,1.4187052819304746,1.2028648932360153,1.1575834762781907
0,ridge,16,1.977788699572828,1.4187052819304746,1.245578200698108
0,ridge,17,1.963478167044862,1.977788699572828,1.6235658406756206
0,ridge,18,-0.0380422311547726,0.6374021229496583,0.326879793678116
0,ridge,19,0.52882132666714,-0.0380422311547726,0.133430647054511
0,ridge,20,-1.0857006238472522,-1.2975865704984813,-1.1625729085989311
0,ridge,21,-0.7503652897636268,-1.0857006238472522,-1.1072823577427704
0,ridge,22,0.6797285373343511,1.028107333078576,0.7861837311894462
0,ridge,23,0.3325523794799694,0.6797285373343511,0.7278240617551703
0,ridge,24,0.4637551100574478,0.7969780657347472,0.7841588465284783
0,ridge,25,1.013326869886504,0.4637551100574478,0.4934991407752139
0,ridge,26,-0.4439821503562902,-0.022955765127651,-0.18494197803939996
0,ridge,27,-0.4681830570689355,-0.4439821503562902,-0.3194556284284754
0,ridge,30,-0.5802970307308262,0.304187525463602,0.2610722691263724
0,ridge,31,1.630174610769866,-0.5802970307308262,-0.2733661214779456
0,ridge,32,0.9369511220820202,1.630174610769866,0.7076981228040582
0,ridge,33,0.8669756899331135,-0.3354465865108196,0.08444707091059633
0,ridge,34,0.6815792683218901,0.8669756899331135,0.4713842398068953
0,ridge,35,-0.7350689028335047,0.6815792683218901,0.6380651442926131
0,ridge,36,-0.7536162798604126,-0.2339829489009361,-0.5518338357530308
0,ridge,37,-0.3379907413764793,-0.7536162798604126,-0.6570327180928671
0,ridge,38,0.0349497706165373,-0.3379907413764793,-0.4664970198288771
0,ridge,39,0.5622051431724732,0.224099095350737,0.31190659234716156
0,ridge,40,0.4924735277909123,0.5622051431724732,0.288878508161937
0,ridge,41,0.6846739658558153,0.4924735277909123,0.4665680462401474
0,ridge,42,-0.1110972493509556,-0.1160562614788811,-0.17422277515191287
0,ridge,43,0.3303600251427863,-0.1110972493509556,-0.2446416414703838
0,ridge,44,-0.7554602775297949,-0.4286866909941768,-0.4287719939372412
0,ridge,45,-0.7909606505247954,-0.7554602775297949,-0.6225570761050151
0,ridge,46,-0.6771038110603339,-0.7909606505247954,-0.7353463949158789
0,ridge,47,1.311689808443168,1.6796278918891494,1.364079404123905
0,ridge,48,1.0551938026200538,1.311689808443168,1.3083587461084558
0,ridge,49,1.6052332219232228,1.1036214867814975,1.0779241037643281
0,ridge,50,1.2941753439372805,1.6052332219232228,1.342663720584944
0,ridge,51,1.004998489862825,1.2941753439372805,1.26172585590941
0,ridge,52,-1.050990799797545,-1.4983725082614472,-1.1996730571550391
0,ridge,53,-1.1285764258245328,-1.050990799797545,-1.0851451144728987
0,ridge,54,-0.2257866156343778,-0.0936998647242968,-0.22979181154843498
0,ridge,55,-0.7432442235871957,-0.2257866156343778,-0.18118271281886705
0,ridge,56,0.6567343634832136,0.1940839100651263,0.19110148999320128
0,ridge,57,0.1781990664779175,0.6567343634832136,0.5078674869217275
0,ridge,58,0.3465104933527295,0.1781990664779175,0.2799905326768718
0,ridge,59,0.0814510864535982,0.3465104933527295,0.2658985938556888
0,ridge,60,-0.3298594138497473,-0.0003695303682317,0.09632748202564004
0,ridge,61,0.6538850198488452,-0.3298594138497473,-0.27761003214023294
0,ridge,62,-0.3697458401716029,0.6538850198488452,0.32492028008141705
0,ridge,63,-0.5888510210934266,-0.3697458401716029,-0.12250311591021937
0,ridge,64,0.8307416831809559,0.1440957200503611,0.1952965337444128
0,ridge,65,0.2237474310879824,0.8307416831809559,0.5720927883726123
0,ridge,66,-0.3739903657898373,0.2237474310879824,0.3703744475206763
0,ridge,67,1.0329310351527938,1.371572002964322,1.3257830204895857
0,ridge,68,-1.3184217089510275,-1.4206219977403214,-1.0020743642818828
0,ridge,69,-1.6744545470678804,-1.3184217089510275,-1.2525444478926344
0,ridge,70,-1.787549227466386,-1.6744545470678804,-1.4614359563534127
0,ridge,71,-1.3971447813191618,-1.8904140789967383,-1.5494480447979218
0,ridge,72,-0.9325124906828058,-1.3971447813191618,-1.427744366071651
0,ridge,73,-1.1545936486526651,-0.9325124906828058,-0.9935085666265274
0,ridge,74,-0.1698868469746096,0.8524822620914659,0.7678186559676461
0,ridge,75,1.3420661085584564,-0.1698868469746096,0.12794848925936136
0,ridge,76,-0.0182586140272357,1.3420661085584564,0.8105044787647451
0,ridge,83,-0.2618692585875862,0.6024660800244848,0.6815586051691509
0,ridge,84,0.5876025815594202,-0.2618692585875862,-0.1440974201394223
0,ridge,87,0.1236629751775455,0.3053375972490044,0.15457295555110062
0,ridge,88,-0.3541923390367256,0.1236629751775455,0.05384626709940758
0,ridge,89,1.6518197833579986,-0.0495549132856731,0.01099033940434159
0,ridge,90,1.2685043178282902,1.6518197833579986,1.0796179508216777
0,ridge,91,0.7434755820106757,1.2685043178282902,1.1061526006493718
0,ridge,92,-2.0305786733948743,-1.766065974074079,-1.3293347570735876
0,ridge,93,-1.7976059199599077,-2.0305786733948743,-1.785045945758878
0,ridge,94,-1.9710681392255696,-1.7976059199599077,-1.7846182551752066
0,ridge,95,-0.8321709984813661,-0.2184597189484645,-0.24765722212832827
0,ridge,96,-0.854679194054197,-0.8321709984813661,-0.7046355085873999
0,ridge,97,-1.1709130658589135,-0.854679194054197,-0.837397950815377
0,ridge,98,-1.3475724566987926,-1.2143032707953896,-1.4590187884095724
0,ridge,99,0.4568949322306326,0.634822379903621,0.6634541856927162
0,ridge,100,1.0511444762585,0.4568949322306326,0.43753965822286733
0,ridge,102,0.6899342705200381,2.0411946709005453,1.9592404994958639
0,ridge,103,1.5494460261415453,0.6899342705200381,1.0281891770045868
0,ridge,104,1.570566995224823,1.5494460261415453,1.1868995219189353
0,ridge,105,1.1892135684192973,0.9421473694680912,0.802773639817222
0,ridge,106,0.7510617776979711,1.1892135684192973,1.0276550974540108
0,ridge,107,1.1738130804213855,0.7510617776979711,0.8125607761670611
0,ridge,108,1.1336127339769322,0.6437764059573595,0.6316532315100202
0,ridge,109,0.909132340274606,1.1336127339769322,0.9188499693518479
0,ridge,110,1.2995267980193292,0.909132340274606,0.8839065415037436
0,ridge,111,0.927988620203132,1.2995267980193292,1.0846478928736991
0,ridge,115,0.8389749063458398,0.3307969543111856,0.5783742703100689
0,ridge,116,-0.6219545666515842,-0.5832458139092783,-0.4482981424976187
0,ridge,117,-0.1648683152576644,-0.6219545666515842,-0.582835769935809
0,ridge,119,0.0718930981881642,0.2565990934604236,0.3739897063935338
0,ridge,120,-0.6083625085459671,-0.8669914363625698,-0.4204030696966961
0,ridge,121,-2.045422275522166,-1.7889605748895132,-1.9811234273891971
0,ridge,122,-2.252197103892512,-2.045422275522166,-1.7677465976681035
0,ridge,123,-1.1383853135884052,-1.1018829059573874,-1.1810025134354682
0,ridge,124,-2.047303603385826,-1.570959631259594,-1.8145818535647318
0,ridge,127,1.3655495859190483,1.4453008289304068,1.3059271090497675
0,ridge,128,-0.9768200015490712,-1.1282535718416562,-0.8823715971178987
0,ridge,129,-1.633198795052734,-1.1554537565127885,-1.003935892039712
0,ridge,130,-0.6908961536888792,-1.633198795052734,-1.385845623831767
0,ridge,131,-1.0506250463185334,-0.6908961536888792,-0.9246726776770635
0,ridge,134,-0.8172027613704174,-0.686616760559107,-0.6534564705567377
0,ridge,135,-0.9847419227643316,-0.8172027613704174,-0.7342035019485502
0,ridge,136,-0.6465981243704608,0.5068405601750241,0.12071749645295726
0,ridge,137,-1.4598089633955331,-0.6465981243704608,-0.31413485945642844
0,ridge,138,-0.1544969632452088,-1.4598089633955331,-1.13443484650957
0,ridge,141,0.1307836297130792,-0.2483515428922708,-0.21724987718005973
0,ridge,142,0.650724623346181,0.1307836297130792,-0.10320762879249107
0,ridge,143,0.7148700110894285,0.650724623346181,0.4286426424814811
0,ridge,144,0.778292240280028,0.128139009029461,0.09937413617885926
0,ridge,145,0.9810532082141752,0.778292240280028,0.4691269683066337
0,ridge,146,-0.8495967008003779,0.9810532082141752,0.7910350689877197
0,ridge,147,-0.7275947046500565,-0.889091953215221,-0.48753528875714647
0,ridge,148,-0.7438039178380492,-0.0761394146829581,-0.04584168145786476
0,ridge,149,0.2394455882011452,0.7382804571961521,0.8268267637106144
0,ridge,150,0.7487736237601857,0.2394455882011452,0.3612691372254976
0,ridge,151,-0.1068048680779574,-0.4688618948759468,-0.36963356699560923
0,modules,0,0.0880151339570439,0.2803031599340293,0.30779544166631695
0,modules,1,0.1494126855527679,0.0880151339570439,0.18271072244236503
0,modules,2,0.0099491881316853,0.1494126855527679,0.15465076262310734
0,modules,6,1.2520993577980994,1.4063624190780537,1.2401603495420042
0,modules,7,1.841954167887588,1.2520993577980994,1.1354013322398195
0,modules,8,1.9060915779452656,1.841954167887588,1.678804384079106
0,modules,9,0.1814123178189902,0.2601509894340533,0.44280162651966937
0,modules,10,0.9494925251983698,0.1814123178189902,0.22654975898615798
0,modules,11,0.5275758048121477,0.9494925251983698,0.7396414067153245
0,modules,15,1.4187052819304746,1.2028648932360153,1.1661123493325016
0,modules,16,1.977788699572828,1.4187052819304746,1.3188793940542076
0,modules,17,1.963478167044862,1.977788699572828,1.7150906449548966
0,modules,18,-0.0380422311547726,0.6374021229496583,0.3818254297713108
0,modules,19,0.52882132666714,-0.0380422311547726,0.07287867780724103
0,modules,20,-1.0857006238472522,-1.2975865704984813,-1.2155761169032218
0,modules,21,-0.7503652897636268,-1.0857006238472522,-1.1011887713694446
0,modules,22,0.6797285373343511,1.028107333078576,0.7803335009702645
0,modules,23,0.3325523794799694,0.6797285373343511,0.6488886005924918
0,modules,24,0.4637551100574478,0.7969780657347472,0.8270871543238602
0,modules,25,1.013326869886504,0.4637551100574478,0.5202615747198945
0,modules,26,-0.4439821503562902,-0.022955765127651,-0.06360742897594487
0,modules,27,-0.4681830570689355,-0.4439821503562902,-0.3050237039858219
0,modules,30,-0.5802970307308262,0.304187525463602,0.2679730449698602
0,modules,31,1.630174610769866,-0.5802970307308262,-0.3675608974857115
0,modules,32,0.9369511220820202,1.630174610769866,0.9774826842556479
0,modules,33,0.8669756899331135,-0.3354465865108196,-0.017742616601991945
0,modules,34,0.6815792683218901,0.8669756899331135,0.6428067441510692
0,modules,35,-0.7350689028335047,0.6815792683218901,0.5837254369217099
0,modules,36,-0.7536162798604126,-0.2339829489009361,-0.43397718915030253
0,modules,37,-0.3379907413764793,-0.7536162798604126,-0.6519382376541556
0,modules,38,0.0349497706165373,-0.3379907413764793,-0.40173960114290486
0,modules,39,0.5622051431724732,0.224099095350737,0.36459853472634973
0,modules,40,0.4924735277909123,0.5622051431724732,0.44601749573074795
0,modules,41,0.6846739658558153,0.4924735277909123,0.5388961931440713
0,modules,42,-0.1110972493509556,-0.1160562614788811,-0.1171020794974955
0,modules,43,0.3303600251427863,-0.1110972493509556,-0.1569308365009236
0,modules,44,-0.7554602775297949,-0.4286866909941768,-0.3718428396214568
0,modules,45,-0.7909606505247954,-0.7554602775297949,-0.5779271455354192
0,modules,46,-0.6771038110603339,-0.7909606505247954,-0.6727159270071419
0,modules,47,1.311689808443168,1.6796278918891494,1.4396074297670713
0,modules,48,1.0551938026200538,1.311689808443168,1.2278774121905212
0,modules,49,1.6052332219232228,1.1036214867814975,1.0315066431997015
0,modules,50,1.2941753439372805,1.6052332219232228,1.3941166644943617
0,modules,51,1.004998489862825,1.2941753439372805,1.2385124327995451
0,modules,52,-1.050990799797545,-1.4983725082614472,-1.2845916092274698
0,modules,53,-1.1285764258245328,-1.050990799797545,-1.1076593065903624
0,modules,54,-0.2257866156343778,-0.0936998647242968,-0.20659701549449533
0,modules,55,-0.7432442235871957,-0.2257866156343778,-0.19030472750165892
0,modules,56,0.6567343634832136,0.1940839100651263,0.15980445408147503
0,modules,57,0.1781990664779175,0.6567343634832136,0.5491585484960892
0,modules,58,0.3465104933527295,0.1781990664779175,0.2247184325885519
0,modules,59,0.0814510864535982,0.3465104933527295,0.3220066481383502
0,modules,60,-0.3298594138497473,-0.0003695303682317,0.04992737348117052
0,modules,61,0.6538850198488452,-0.3298594138497473,-0.22536731930043113
0,modules,62,-0.3697458401716029,0.6538850198488452,0.3930623365900482
0,modules,63,-0.5888510210934266,-0.3697458401716029,-0.1357939727766315
0,modules,64,0.8307416831809559,0.1440957200503611,0.17787577361429247
0,modules,65,0.2237474310879824,0.8307416831809559,0.45165700855961727
0,modules,66,-0.3739903657898373,0.2237474310879824,0.25189230353251923
0,modules,67,1.0329310351527938,1.371572002964322,1.3079531639938748
0,modules,68,-1.3184217089510275,-1.4206219977403214,-1.0432983623111607
0,modules,69,-1.6744545470678804,-1.3184217089510275,-1.2056137240854834
0,modules,70,-1.787549227466386,-1.6744545470678804,-1.4816122819937327
0,modules,71,-1.3971447813191618,-1.8904140789967383,-1.658316332838947
0,modules,72,-0.9325124906828058,-1.3971447813191618,-1.408089994562875
0,modules,73,-1.1545936486526651,-0.9325124906828058,-0.947233304845009
0,modules,74,-0.1698868469746096,0.8524822620914659,0.7854272042058731
0,modules,75,1.3420661085584564,-0.1698868469746096,-0.12559080450608107
0,modules,76,-0.0182586140272357,1.3420661085584564,0.9229466150452903
0,modules,83,-0.2618692585875862,0.6024660800244848,0.6264568388064213
0,modules,84,0.5876025815594202,-0.2618692585875862,-0.2196991346686012
0,modules,87,0.1236629751775455,0.3053375972490044,0.2340774080842687
0,modules,88,-0.3541923390367256,0.1236629751775455,0.10227109531780645
0,modules,89,1.6518197833579986,-0.0495549132856731,-0.06509751499816346
0,modules,90,1.2685043178282902,1.6518197833579986,1.1698700231424841
0,modules,91,0.7434755820106757,1.2685043178282902,1.040264278951405
0,modules,92,-2.0305786733948743,-1.766065974074079,-1.460380245670645
0,modules,93,-1.7976059199599077,-2.0305786733948743,-1.8537180244025662
0,modules,94,-1.9710681392255696,-1.7976059199599077,-1.7615323810265977
0,modules,95,-0.8321709984813661,-0.2184597189484645,-0.28005170093120035
0,modules,96,-0.854679194054197,-0.8321709984813661,-0.7596816063366819
0,modules,97,-1.1709130658589135,-0.854679194054197,-0.8527872993824495
0,modules,98,-1.3475724566987926,-1.2143032707953896,-1.353553339899127
0,modules,99,0.4568949322306326,0.634822379903621,0.682208679286586
0,modules,100,1.0511444762585,0.4568949322306326,0.44483180884172907
0,modules,102,0.6899342705200381,2.0411946709005453,1.8455155652670647
0,modules,103,1.5494460261415453,0.6899342705200381,0.8986840156189293
0,modules,104,1.570566995224823,1.5494460261415453,1.2070448388293153
0,modules,105,1.1892135684192973,0.9421473694680912,0.8189734482672533
0,modules,106,0.7510617776979711,1.1892135684192973,1.0271302806172895
0,modules,107,1.1738130804213855,0.7510617776979711,0.7846895173210331
0,modules,108,1.1336127339769322,0.6437764059573595,0.6575051459670758
0,modules,109,0.909132340274606,1.1336127339769322,0.976658636018722
0,modules,110,1.2995267980193292,0.909132340274606,0.9092645735202212
0,modules,111,0.927988620203132,1.2995267980193292,1.151840106713511
0,modules,115,0.8389749063458398,0.3307969543111856,0.4510096405522663
0,modules,116,-0.6219545666515842,-0.5832458139092783,-0.4936372173797932
0,modules,117,-0.1648683152576644,-0.6219545666515842,-0.637396656456308
0,modules,119,0.0718930981881642,0.2565990934604236,0.3468448778286972
0,modules,120,-0.6083625085459671,-0.8669914363625698,-0.554501005231768
0,modules,121,-2.045422275522166,-1.7889605748895132,-1.924766716135024
0,modules,122,-2.252197103892512,-2.045422275522166,-1.8810810381025755
0,modules,123,-1.1383853135884052,-1.1018829059573874,-1.0433994538557332
0,modules,124,-2.047303603385826,-1.570959631259594,-1.6642796227379728
0,modules,127,1.3655495859190483,1.4453008289304068,1.380229278788366
0,modules,128,-0.9768200015490712,-1.1282535718416562,-0.9112941260717893
0,modules,129,-1.633198795052734,-1.1554537565127885,-1.0379369709115958
0,modules,130,-0.6908961536888792,-1.633198795052734,-1.4806771470029554
0,modules,131,-1.0506250463185334,-0.6908961536888792,-0.7884065512664176
0,modules,134,-0.8172027613704174,-0.686616760559107,-0.6583183406605958
0,modules,135,-0.9847419227643316,-0.8172027613704174,-0.7689568243034589
0,modules,136,-0.6465981243704608,0.5068405601750241,0.25298810216034257
0,modules,137,-1.4598089633955331,-0.6465981243704608,-0.4413707237347309
0,modules,138,-0.1544969632452088,-1.4598089633955331,-1.1786355913530653
0,modules,141,0.1307836297130792,-0.2483515428922708,-0.24773275119370486
0,modules,142,0.650724623346181,0.1307836297130792,-0.06549914837213014
0,modules,143,0.7148700110894285,0.650724623346181,0.35874171202355176
0,modules,144,0.778292240280028,0.128139009029461,0.1114372964464288
0,modules,145,0.9810532082141752,0.778292240280028,0.5791993880038518
0,modules,146,-0.8495967008003779,0.9810532082141752,0.6798093339582294
0,modules,147,-0.7275947046500565,-0.889091953215221,-0.6643731871386116
0,modules,148,-0.7438039178380492,-0.0761394146829581,-0.06388559630347684
0,modules,149,0.2394455882011452,0.7382804571961521,0.7875789927448233
0,modules,150,0.7487736237601857,0.2394455882011452,0.28378728247206453
0,modules,151,-0.1068048680779574,-0.4688618948759468,-0.4637011387195424
1,ridge,3,1.9813770676857416,1.5256569482813236,1.503739564871001
1,ridge,4,1.6282574322215062,1.9813770676857416,1.6228697435970627
1,ridge,5,1.4782147924482214,1.6282574322215062,1.4302947361969451
1,ridge,6,0.7017672412940668,0.0063822291713063,-0.018183898206074668
1,ridge,7,1.2749096099198034,0.7017672412940668,0.4312780087407861
1,ridge,8,0.8434065593957314,1.2749096099198034,1.0123452830245607
1,ridge,9,-0.6199937496571052,-0.5629247341223339,-0.4711309968398377
1,ridge,10,0.5811351107021584,-0.6199937496571052,-0.588221197728822
1,ridge,11,-0.530202342348392,0.5811351107021584,0.2046133567648295
1,ridge,12,0.5365664181838056,0.7485153338921837,0.6003241755032864
1,ridge,13,0.1733706500118398,0.5365664181838056,0.5501611165193243
1,ridge,14,0.5704701755744295,0.1733706500118398,0.22238438702964153
1,ridge,18,0.5422111130223014,1.079145858250807,0.781531891018867
1,ridge,19,0.9148806435281778,0.5422111130223014,0.5627923311060508
1,ridge,26,0.0791265417313934,0.8419094889683967,0.49732293615731693
1,ridge,27,0.0875760064261983,0.0791265417313934,0.17166048445085974
1,ridge,28,-1.4193324060645731,-1.2315944050211454,-0.9961023506002047
1,ridge,29,-1.1046366943155643,-1.4193324060645731,-1.3892125668733724
1,ridge,30,-0.6683745178179502,0.1766258980187471,0.21132882645663087
1,ridge,31,0.97364074161026,-0.6683745178179502,-0.4753705747630309
1,ridge,32,0.4061825309621794,0.97364074161026,0.475510156821487
1,ridge,33,0.5284398349410273,-0.1731615340601514,-0.04474263537859288
1,ridge,34,1.1816676123692826,0.5284398349410273,0.28533289656956473
1,ridge,35,-0.5047489974188076,1.1816676123692826,0.7972759008429037
1,ridge,36,-1.5313000456515693,-1.2597456476572992,-1.2741042345219769
1,ridge,37,-1.08537150256532,-1.5313000456515693,-1.4188448756363645
1,ridge,38,-1.191186725659567,-1.08537150256532,-1.0908809350965765
1,ridge,42,0.5907830596743984,0.2733944813750685,0.14153950502846085
1,ridge,43,0.6294225646775468,0.5907830596743984,0.36060513773312597
1,ridge,44,-0.4117161523425033,-0.360455819363191,-0.2688162766937646
1,ridge,45,-0.9854282461829368,-0.4117161523425033,-0.4106602829241127
1,ridge,46,-0.2545462237416678,-0.9854282461829368,-0.8304598488366167
1,ridge,47,1.7970188023807432,1.8206453566232708,1.454607062248359
1,ridge,48,0.8099869534765329,1.7970188023807432,1.6522419850348598
1,ridge,49,0.9522622946630156,1.115425487455868,1.1556644613776317
1,ridge,50,0.8969896650131941,0.9522622946630156,0.8568750880967189
1,ridge,51,1.3304580902860128,0.8969896650131941,0.769396014146956
1,ridge,54,-0.5576223154094923,-1.1495859876090504,-0.8061022793674641
1,ridge,55,-1.3079681594594486,-0.5576223154094923,-0.6382442135621731
1,ridge,56,0.0348353665125963,-0.120902997298432,-0.172648029038064
1,ridge,57,-0.759725274950501,0.0348353665125963,0.05803423640084783
1,ridge,58,-0.1853559934902849,-0.759725274950501,-0.5294268436705609
1,ridge,59,-0.1170918062821331,-0.1853559934902849,-0.2882514262037697
1,ridge,60,-0.0141590873239364,0.6080431738829775,0.5142928946181249
1,ridge,61,0.5022218662413945,-0.0141590873239364,0.10761399850801143
1,ridge,62,0.1223948761076668,0.5022218662413945,0.3947420373420244
1,ridge,63,-0.010035096859383,0.1223948761076668,0.1797314606843669
1,ridge,64,0.9434637837394556,0.528996163067464,0.3292808505340641
1,ridge,65,0.6376155710716463,0.9434637837394556,0.7472115528261826
1,ridge,66,-0.1234526977469033,0.6376155710716463,0.623836563282375
1,ridge,67,0.6293482801901601,1.4618675247518418,1.2194382612471286
1,ridge,71,-1.5588204074444965,-1.571711400334089,-1.3559152181366685
1,ridge,72,-1.2226577384883175,-1.5588204074444965,-1.3657809387080695
1,ridge,73,-1.379320589180926,-1.2226577384883175,-1.1300049612936256
1,ridge,77,-0.4757070373699537,-0.4043373498941489,-0.26859057277493337
1,ridge,78,-0.4940161771738139,-0.4757070373699537,-0.39713841707913916
1,ridge,79,-0.5164693023632986,-0.4940161771738139,-0.3633198028495247
1,ridge,80,0.2427854807268844,-0.1614865326998016,-0.3277848976628318
1,ridge,81,0.2545381962254487,0.2427854807268844,0.1302222342651355
1,ridge,82,0.6737280164272,0.2545381962254487,0.18264168607783915
1,ridge,83,-0.065796448973153,-0.1095982933818503,0.012139411294256094
1,ridge,84,0.1090623329567086,-0.065796448973153,-0.2121643707369446
1,ridge,85,0.4210996637347984,-0.221462449736551,-0.30911912680066367
1,ridge,86,-0.2477971756199793,0.4210996637347984,0.18400871767206048
1,ridge,87,-0.4915555915976848,-0.2879238705245204,-0.33702900430889765
1,ridge,88,-0.7734103100529524,-0.4915555915976848,-0.4761752044945501
1,ridge,89,1.344246474238681,-0.3557727184547654,-0.12156185444128775
1,ridge,90,1.60906704645606,1.344246474238681,0.8396238345039564
1,ridge,91,0.5279111402587001,1.60906704645606,1.3829396832216847
1,ridge,92,-1.0839563133124284,-1.4133032562850891,-1.1739404974772993
1,ridge,93,-1.717885404697067,-1.0839563133124284,-1.034809556702097
1,ridge,94,-0.7262027025667673,-1.717885404697067,-1.4763925000599702
1,ridge,95,-0.5104296383511284,-0.2951171529383647,-0.22118461590776062
1,ridge,96,-0.3971796124023877,-0.5104296383511284,-0.47508437868930437
1,ridge,97,-1.4608464029913577,-0.3971796124023877,-0.3807315336311128
1,ridge,101,-1.3662265828286049,-0.9395946714265566,-0.879560277221932
1,ridge,102,0.5383397140041358,2.003627800428882,1.680484696503059
1,ridge,103,1.9286058968621729,0.5383397140041358,0.7279518014955026
1,ridge,104,2.1916376785938616,1.9286058968621729,1.3970931599795122
1,ridge,105,1.2115913138932477,1.1615726211420117,0.941061584518071
1,ridge,106,1.194676704628522,1.2115913138932477,1.0094779272804524
1,ridge,107,1.5959338122770617,1.194676704628522,1.0079883751803487
1,ridge,108,1.2397976769747814,0.0638253626607093,-0.008294287829503214
1,ridge,109,0.5097063894946766,1.2397976769747814,0.8169786567380993
1,ridge,110,1.307042217440399,0.5097063894946766,0.5429372007679288
1,ridge,111,1.3747447396358574,1.307042217440399,0.9429886680830447
1,ridge,112,-1.433564931230924,-1.1497057403256985,-1.1258972878878155
1,ridge,113,-1.2393865437338314,-1.433564931230924,-1.319119820032013
1,ridge,114,-0.1573430608326589,-1.2393865437338314,-1.2560017815125728
1,ridge,115,0.1886985909321407,-0.2822581928131631,0.3004462623615177
1,ridge,116,-1.318495538659337,-1.101722182435259,-0.9505101380504495
1,ridge,117,-1.3086935756645195,-1.318495538659337,-1.2326514381262965
1,ridge,118,-0.8174421263538415,-0.6513425021529322,-0.7278087646719595
1,ridge,119,0.1872459662888726,0.8263350907227521,0.8776741063657951
1,ridge,120,-1.1655848702728553,-1.284318879425118,-0.744555240148538
1,ridge,123,-0.5931467285337118,-0.1560254574445971,-0.567001468384167
1,ridge,124,-1.3523443658457257,-1.0756958219553188,-1.2825414695841073
1,ridge,125,0.763181185565306,0.7300478461557033,0.8448312318615552
1,ridge,126,-0.1410011165142438,0.763181185565306,0.7341747915785881
1,ridge,127,1.5235402637828612,1.7026960985638664,1.6218446996869633
1,ridge,129,-1.3406104914966204,-0.7885232608325571,-0.5608410770711775
1,ridge,130,-0.7983684093682438,-1.3406104914966204,-1.0631068908735335
1,ridge,131,-0.378601399010978,-0.7983684093682438,-0.8819722847568361
1,ridge,132,-1.6597868019652895,-0.1312081317864445,-0.39781606266060765
1,ridge,133,-2.273678408973081,-1.6597868019652895,-1.1556229988441427
1,ridge,134,-1.6090086005678117,-1.503186094610414,-1.3056811058895956
1,ridge,135,-1.7878055815474985,-1.6090086005678117,-1.447924681496915
1,ridge,139,0.3821660457822077,0.9919264816363564,0.6619715948909606
1,ridge,140,0.4780995760819927,0.3821660457822077,0.5258394713364407
1,ridge,144,1.834152204535213,0.4569123558751767,0.7075809756777132
1,ridge,145,1.707575333731953,1.834152204535213,1.3518750930921157
1,ridge,146,0.3962149654236236,1.707575333731953,1.5769790719776513
1,ridge,147,0.3214242633376477,0.4678602054567643,0.5837950098568645
1,ridge,151,-0.147879178999762,0.0001061209780674,0.03768297446840563
1,modules,3,1.9813770676857416,1.5256569482813236,1.4948418510790058
1,modules,4,1.6282574322215062,1.9813770676857416,1.733230570006091
1,modules,5,1.4782147924482214,1.6282574322215062,1.4959419898950086
1,modules,6,0.7017672412940668,0.0063822291713063,0.024493305797712583
1,modules,7,1.2749096099198034,0.7017672412940668,0.4222738732295645
1,modules,8,0.8434065593957314,1.2749096099198034,0.99137029780486
1,modules,9,-0.6199937496571052,-0.5629247341223339,-0.5219718840437377
1,modules,10,0.5811351107021584,-0.6199937496571052,-0.5848864085976947
1,modules,11,-0.530202342348392,0.5811351107021584,0.38637653573074837
1,modules,12,0.5365664181838056,0.7485153338921837,0.5914716599558366
1,modules,13,0.1733706500118398,0.5365664181838056,0.513504544288893
1,modules,14,0.5704701755744295,0.1733706500118398,0.21788447046683168
1,modules,18,0.5422111130223014,1.079145858250807,0.8214421247231884
1,modules,19,0.9148806435281778,0.5422111130223014,0.5185758966127743
1,modules,26,0.0791265417313934,0.8419094889683967,0.6447701401027363
1,modules,27,0.0875760064261983,0.0791265417313934,0.07269206020773329
1,modules,28,-1.4193324060645731,-1.2315944050211454,-1.1004541874907292
1,modules,29,-1.1046366943155643,-1.4193324060645731,-1.4902438310769026
1,modules,30,-0.6683745178179502,0.1766258980187471,0.16210726342778659
1,modules,31,0.97364074161026,-0.6683745178179502,-0.508677521361974
1,modules,32,0.4061825309621794,0.97364074161026,0.7737334893644395
1,modules,33,0.5284398349410273,-0.1731615340601514,-0.07394194560806028
1,modules,34,1.1816676123692826,0.5284398349410273,0.3862790396805941
1,modules,35,-0.5047489974188076,1.1816676123692826,0.6833635631819315
1,modules,36,-1.5313000456515693,-1.2597456476572992,-1.2017601989645506
1,modules,37,-1.08537150256532,-1.5313000456515693,-1.413214388445492
1,modules,38,-1.191186725659567,-1.08537150256532,-0.9623430824600946
1,modules,42,0.5907830596743984,0.2733944813750685,0.215848141247003
1,modules,43,0.6294225646775468,0.5907830596743984,0.41000256874026664
1,modules,44,-0.4117161523425033,-0.360455819363191,-0.32452929156984134
1,modules,45,-0.9854282461829368,-0.4117161523425033,-0.45042798089906444
1,modules,46,-0.2545462237416678,-0.9854282461829368,-0.9316072927740132
1,modules,47,1.7970188023807432,1.8206453566232708,1.5227307533493448
1,modules,48,0.8099869534765329,1.7970188023807432,1.4923506677907725
1,modules,49,0.9522622946630156,1.115425487455868,1.0677417810462608
1,modules,50,0.8969896650131941,0.9522622946630156,0.8259134843042288
1,modules,51,1.3304580902860128,0.8969896650131941,0.7805082688561792
1,modules,54,-0.5576223154094923,-1.1495859876090504,-1.0335927494195336
1,modules,55,-1.3079681594594486,-0.5576223154094923,-0.6259322203930177
1,modules,56,0.0348353665125963,-0.120902997298432,-0.14733866055950134
1,modules,57,-0.759725274950501,0.0348353665125963,0.10549285995310093
1,modules,58,-0.1853559934902849,-0.759725274950501,-0.5978173119615001
1,modules,59,-0.1170918062821331,-0.1853559934902849,-0.2444631009010273
1,modules,60,-0.0141590873239364,0.6080431738829775,0.5779959581772783
1,modules,61,0.5022218662413945,-0.0141590873239364,0.1909727339524835
1,modules,62,0.1223948761076668,0.5022218662413945,0.5188301426368308
1,modules,63,-0.010035096859383,0.1223948761076668,0.16191050144457045
1,modules,64,0.9434637837394556,0.528996163067464,0.3685901353977446
1,modules,65,0.6376155710716463,0.9434637837394556,0.4917529531843389
1,modules,66,-0.1234526977469033,0.6376155710716463,0.549481339951774
1,modules,67,0.6293482801901601,1.4618675247518418,1.2301718928825152
1,modules,71,-1.5588204074444965,-1.571711400334089,-1.3582622700981248
1,modules,72,-1.2226577384883175,-1.5588204074444965,-1.3932721913723627
1,modules,73,-1.379320589180926,-1.2226577384883175,-1.1969033221081788
1,modules,77,-0.4757070373699537,-0.4043373498941489,-0.20031670337663227
1,modules,78,-0.4940161771738139,-0.4757070373699537,-0.39505773815851575
1,modules,79,-0.5164693023632986,-0.4940161771738139,-0.23006123613435725
1,modules,80,0.2427854807268844,-0.1614865326998016,-0.309532899630678
1,modules,81,0.2545381962254487,0.2427854807268844,0.22416189005382398
1,modules,82,0.6737280164272,0.2545381962254487,0.10615179282925644
1,modules,83,-0.065796448973153,-0.1095982933818503,-0.026231077276038503
1,modules,84,0.1090623329567086,-0.065796448973153,-0.10837278508798759
1,modules,85,0.4210996637347984,-0.221462449736551,-0.2683325325152875
1,modules,86,-0.2477971756199793,0.4210996637347984,0.2575786827950285
1,modules,87,-0.4915555915976848,-0.2879238705245204,-0.2627406854112719
1,modules,88,-0.7734103100529524,-0.4915555915976848,-0.4278710299734769
1,modules,89,1.344246474238681,-0.3557727184547654,-0.22006846186360865
1,modules,90,1.60906704645606,1.344246474238681,1.0275298201270568
1,modules,91,0.5279111402587001,1.60906704645606,1.3623389825321037
1,modules,92,-1.0839563133124284,-1.4133032562850891,-1.2104138745605977
1,modules,93,-1.717885404697067,-1.0839563133124284,-1.0879906426717632
1,modules,94,-0.7262027025667673,-1.717885404697067,-1.5797539832014138
1,modules,95,-0.5104296383511284,-0.2951171529383647,-0.130577317941274
1,modules,96,-0.3971796124023877,-0.5104296383511284,-0.3552919661630668
1,modules,97,-1.4608464029913577,-0.3971796124023877,-0.3163147244130913
1,modules,101,-1.3662265828286049,-0.9395946714265566,-0.8089945437447339
1,modules,102,0.5383397140041358,2.003627800428882,1.7373642182342124
1,modules,103,1.9286058968621729,0.5383397140041358,0.6845791948536135
1,modules,104,2.1916376785938616,1.9286058968621729,1.573970288301628
1,modules,105,1.2115913138932477,1.1615726211420117,0.9989385320733488
1,modules,106,1.194676704628522,1.2115913138932477,1.0221889698763624
1,modules,107,1.5959338122770617,1.194676704628522,1.0452771275315829
1,modules,108,1.2397976769747814,0.0638253626607093,0.013637001406259758
1,modules,109,0.5097063894946766,1.2397976769747814,0.9486160119191475
1,modules,110,1.307042217440399,0.5097063894946766,0.5355034154668277
1,modules,111,1.3747447396358574,1.307042217440399,1.0620264073086318
1,modules,112,-1.433564931230924,-1.1497057403256985,-1.164401754058783
1,modules,113,-1.2393865437338314,-1.433564931230924,-1.3745398612841302
1,modules,114,-0.1573430608326589,-1.2393865437338314,-1.270288867923032
1,modules,115,0.1886985909321407,-0.2822581928131631,0.10667439885115565
1,modules,116,-1.318495538659337,-1.101722182435259,-0.9739291794598913
1,modules,117,-1.3086935756645195,-1.318495538659337,-1.2524924245619784
1,modules,118,-0.8174421263538415,-0.6513425021529322,-0.7090408877225678
1,modules,119,0.1872459662888726,0.8263350907227521,0.8617530426552928
1,modules,120,-1.1655848702728553,-1.284318879425118,-0.953165079320021
1,modules,123,-0.5931467285337118,-0.1560254574445971,-0.5776417969820372
1,modules,124,-1.3523443658457257,-1.0756958219553188,-1.0597225445604292
1,modules,125,0.763181185565306,0.7300478461557033,0.8638508146548219
1,modules,126,-0.1410011165142438,0.763181185565306,0.7219250890415945
1,modules,127,1.5235402637828612,1.7026960985638664,1.7057307846298035
1,modules,129,-1.3406104914966204,-0.7885232608325571,-0.6011877467051362
1,modules,130,-0.7983684093682438,-1.3406104914966204,-1.1318610838767305
1,modules,131,-0.378601399010978,-0.7983684093682438,-0.8024879056549139
1,modules,132,-1.6597868019652895,-0.1312081317864445,-0.30437641632055434
1,modules,133,-2.273678408973081,-1.6597868019652895,-1.3515563469399132
1,modules,134,-1.6090086005678117,-1.503186094610414,-1.4016452602464786
1,modules,135,-1.7878055815474985,-1.6090086005678117,-1.5166291320501224
1,modules,139,0.3821660457822077,0.9919264816363564,0.7000979621264714
1,modules,140,0.4780995760819927,0.3821660457822077,0.48104691129404975
1,modules,144,1.834152204535213,0.4569123558751767,0.6909930280119821
1,modules,145,1.707575333731953,1.834152204535213,1.4618854576986995
1,modules,146,0.3962149654236236,1.707575333731953,1.2953826310601833
1,modules,147,0.3214242633376477,0.4678602054567643,0.36169347397577345
1,modules,151,-0.147879178999762,0.0001061209780674,0.05046514776232369
2,ridge,0,0.2603556241452931,0.0046295180301895,-0.017737113807373115
2,ridge,1,-0.1940269465836491,0.2603556241452931,0.18181979634922651
2,ridge,2,-0.3857041230753929,-0.1940269465836491,-0.0890140881930732
2,ridge,3,2.4114853204141133,2.5426913716190347,2.5582231618893165
2,ridge,4,2.653268002602088,2.4114853204141133,2.302366365289488
2,ridge,5,2.0141140128991863,2.653268002602088,2.485721593084556
2,ridge,6,0.9966627391071258,0.2572127933454639,0.17652071190437377
2,ridge,7,1.601571739383195,0.9966627391071258,0.6735530804681027
2,ridge,8,1.3671306970444856,1.601571739383195,1.2708898193550393
2,ridge,9,0.3107366589249281,0.2438338953545447,0.44851174904086144
2,ridge,10,1.3083227014680328,0.3107366589249281,0.21677576110378347
2,ridge,11,0.350320917623201,1.3083227014680328,0.7885047018471418
2,ridge,12,0.8086855029081765,0.5604899376002705,0.36959702724622623
2,ridge,13,0.527444924754049,0.8086855029081765,0.6521431319159654
2,ridge,14,1.2126426560667338,0.527444924754049,0.5398836067556101
2,ridge,15,1.615139868106514,0.9822090681892146,1.00611294708064
2,ridge,16,2.31353314004088,1.615139868106514,1.200030525887612
2,ridge,17,2.106273756387903,2.31353314004088,1.7964098316621153
2,ridge,18,0.4110427451896231,0.6972598708235677,0.3394142352849664
2,ridge,19,0.4272508964465555,0.4110427451896231,0.4086486754276383
2,ridge,20,-1.118734084317796,-0.983668330358475,-0.9857770182469725
2,ridge,21,-0.4879175680412418,-1.118734084317796,-1.0431984054084202
2,ridge,22,0.2486748759092053,0.5643486178185998,0.3231209658358635
2,ridge,23,-0.3796685567489424,0.2486748759092053,0.28946930062390636
2,ridge,24,0.0461084374434371,0.3014580406091333,0.2938820568983186
2,ridge,25,0.2365853512385905,0.0461084374434371,0.0819237829717944
2,ridge,26,-0.4186872500066246,-0.0591814750840283,-0.25790433638027377
2,ridge,27,-0.6258135834369205,-0.4186872500066246,-0.28274519675433485
2,ridge,28,-0.8727581391012741,-0.9270440478793333,-0.6281609721232082
2,ridge,29,-0.699318795463619,-0.8727581391012741,-0.9117771298151035
2,ridge,36,-0.8997241685638421,-0.6806110002753873,-0.7841652614511437
2,ridge,37,-0.4124692602368039,-0.8997241685638421,-0.7757505143102137
2,ridge,38,-0.6127112669877611,-0.4124692602368039,-0.5378481057147837
2,ridge,39,0.6711184919057669,0.3763851229599239,0.2863065266547518
2,ridge,40,0.7873315151748604,0.6711184919057669,0.4766482334576511
2,ridge,41,0.2397818352350611,0.7873315151748604,0.6800431903573343
2,ridge,42,-0.8928179041436838,-0.9489738382614952,-0.8529589548321654
2,ridge,43,0.1588396997837625,-0.8928179041436838,-0.8339406796069183
2,ridge,44,-0.7703091447010543,-0.7618678046977906,-0.7387368883936081
2,ridge,45,-0.8685014088854648,-0.7703091447010543,-0.722408140170017
2,ridge,46,-0.6708548895641734,-0.8685014088854648,-0.7803972350457267
2,ridge,49,0.862940082166209,1.0002873584413168,1.0140372253780874
2,ridge,50,0.93953159356795,0.862940082166209,0.8416262346253327
2,ridge,51,0.9930494178825986,0.93953159356795,0.8743216689725807
2,ridge,52,-0.8351591028362777,-1.148732920303494,-0.9712493232086957
2,ridge,53,-1.0571389851701634,-0.8351591028362777,-0.8675321044778526
2,ridge,56,0.2492476451166634,-0.0478140682782484,-0.004928387453990386
2,ridge,57,-0.1053264280030317,0.2492476451166634,0.13154298328784836
2,ridge,58,-0.2163731214794622,-0.1053264280030317,-0.0015929968158209379
2,ridge,59,-0.278405901000533,-0.2163731214794622,-0.17488310478862257
2,ridge,60,-0.2840682189394811,0.2138112601285648,0.2248996440435271
2,ridge,61,0.8125648413906008,-0.2840682189394811,-0.13461999540181663
2,ridge,62,0.2244244919546743,0.8125648413906008,0.4207239014714535
2,ridge,63,0.2997788249959782,0.2244244919546743,0.35308279507088797
2,ridge,64,1.6466651101105387,0.5604144153296633,0.6410874176456689
2,ridge,65,0.8320197188815992,1.6466651101105387,1.1640160578089698
2,ridge,66,0.1766000013657925,0.8320197188815992,0.9953418988549476
2,ridge,67,1.0173676002047016,1.3701072291232832,1.3975443574616924
2,ridge,68,-0.9099565625555508,-1.1998034028042956,-1.0267773171059718
2,ridge,69,-1.163942525768236,-0.9099565625555508,-0.9111053502166617
2,ridge,70,-0.7457076888768565,-1.163942525768236,-0.994472908163631
2,ridge,71,-1.1106328697051118,-0.9507128305882088,-0.9558053464305701
2,ridge,72,-1.0091846526819577,-1.1106328697051118,-0.9780555419522519
2,ridge,73,-1.0954482138675798,-1.0091846526819577,-0.9645258061829988
2,ridge,74,-0.0476178702410522,0.2551911358251294,0.29293963928961697
2,ridge,75,1.159772577752598,-0.0476178702410522,-0.007512878166116954
2,ridge,76,-0.3741086626167083,1.159772577752598,0.8520029174794782
2,ridge,77,-0.7785940685918811,-0.3861806049983989,-0.34523895932667337
2,ridge,78,-0.7884993268932778,-0.7785940685918811,-0.6047214526682141
2,ridge,79,-0.421880178839308,-0.7884993268932778,-0.7052349132274913
2,ridge,80,0.4996621852480885,-0.4404534699894523,-0.569567249362804
2,ridge,81,0.6415924879249738,0.4996621852480885,0.09327314476211279
2,ridge,82,1.2890148065398326,0.6415924879249738,0.48015844907151733
2,ridge,83,0.8490820965503563,0.3623246134434364,0.40916911018222535
2,ridge,84,0.6465367691598779,0.8490820965503563,0.5829644560050293
2,ridge,85,0.3270861371543477,0.1657432283758679,0.09566518415427176
2,ridge,86,0.1722513370059624,0.3270861371543477,0.30976590770524365
2,ridge,92,-1.445240324307426,-1.145075824748819,-0.9477194971360894
2,ridge,93,-0.5723650502527188,-1.445240324307426,-1.2356646287081334
2,ridge,94,-0.941252744213681,-0.5723650502527188,-0.8627066789064185
2,ridge,95,-0.7300917213509727,-0.3666848696429147,-0.4260255465707256
2,ridge,96,-0.3696766515301479,-0.7300917213509727,-0.5922712974931177
2,ridge,97,-1.5373039460188929,-0.3696766515301479,-0.4547812306157374
2,ridge,98,-1.127384096873166,-0.9880449119776428,-1.084738319854773
2,ridge,99,0.2110462320691139,0.6927641076969426,0.6504698084324076
2,ridge,100,0.913906982676102,0.2110462320691139,0.3263580729431369
2,ridge,101,-1.030827733395839,-0.8584986900903787,-0.7836875570495214
2,ridge,102,0.6038661208835974,1.6892518313037763,1.5807176525369688
2,ridge,103,1.9141703575098803,0.6038661208835974,0.8664695751603805
2,ridge,104,1.8361431064520983,1.9141703575098803,1.2438125095898491
2,ridge,105,0.4904569806366927,0.8657652253505941,0.7433862472016294
2,ridge,106,0.3233259373042021,0.4904569806366927,0.5368238496098663
2,ridge,107,0.9686305454307984,0.3233259373042021,0.33563251272818273
2,ridge,112,-2.2958408093769607,-1.697018074319859,-1.6396772406176292
2,ridge,113,-1.471625747569058,-2.2958408093769607,-1.9090429052396105
2,ridge,114,-1.0007994818779025,-1.471625747569058,-1.59353007688885
2,ridge,115,0.6706633286658048,0.1929642784656556,0.8096062717178588
2,ridge,116,-1.214883558810575,-1.0851710930862368,-0.8117281339015745
2,ridge,117,-1.021699825443284,-1.214883558810575,-1.0847187836116434
2,ridge,118,-0.3790220105415712,0.0640274842902094,0.08468849818069732
2,ridge,119,0.3628147906852946,0.4282427157674407,0.3946284746537644
2,ridge,120,-0.6994055225203423,-1.029259840321065,-0.44709449361419185
2,ridge,121,-1.6557861348597955,-2.116531633788395,-1.8068260588679623
2,ridge,122,-1.9199860436031748,-1.6557861348597955,-1.6235824643145729
2,ridge,123,-0.8168338847729971,-1.1260791018229388,-1.027304241864252
2,ridge,124,-2.110371220479385,-1.3247622841550974,-1.2936174315759539
2,ridge,125,0.8505170434778697,0.1920860012855066,0.38178475481792473
2,ridge,126,-0.692650538495362,0.8505170434778697,0.6594947283190675
2,ridge,127,1.2651786545606685,0.8956525567215016,0.9868101306125019
2,ridge,128,-0.7019009277203708,-0.7648981103453003,-0.5902996555436527
2,ridge,129,-1.2938116046491714,-0.6555065730288394,-0.6617897304219118
2,ridge,130,-0.5965129152362144,-1.2938116046491714,-0.9890910955412352
2,ridge,131,-0.7410164208292443,-0.5965129152362144,-0.8254562022066304
2,ridge,132,-0.8881670208953587,-0.1515033356199764,-0.46186343769441196
2,ridge,133,-1.4265924488882695,-0.8881670208953587,-0.5921050269912229
2,ridge,136,-1.0803208264037654,0.3680032651320825,0.0577002403161293
2,ridge,137,-1.387573240738218,-1.0803208264037654,-0.5713686276026719
2,ridge,138,-0.4111306546868619,-1.387573240738218,-1.1888373911179984
2,ridge,139,0.4637737731373193,0.9059308003815087,0.5296710131997026
2,ridge,140,0.8788995380089554,0.4637737731373193,0.5476765323444048
2,ridge,141,0.1991438821274519,0.8242194107718149,0.629890072905529
2,ridge,142,0.3619386143234556,0.1991438821274519,0.3492259207018462
2,ridge,143,0.3109952151690866,0.3619386143234556,0.30855940602854104
2,ridge,144,1.0827204785508988,0.1922553120322052,0.37935160418148806
2,ridge,145,2.057144192951361,1.0827204785508988,0.8625940810097905
2,ridge,146,-0.4382858556063496,2.057144192951361,1.766357796953785
2,ridge,147,0.6069118193941043,0.8246313842366789,0.9703747075823647
2,ridge,148,-1.0108258312485494,-0.3878980407747018,-0.25335732872004374
2,ridge,149,0.6313895647354412,0.8950914654885632,1.027877445233357
2,ridge,150,0.6268066068222529,0.6313895647354412,0.6468764151129919
2,modules,0,0.2603556241452931,0.0046295180301895,-0.009042224597476198
2,modules,1,-0.1940269465836491,0.2603556241452931,0.23356417736147628
2,modules,2,-0.3857041230753929,-0.1940269465836491,-0.05077806136318527
2,modules,3,2.4114853204141133,2.5426913716190347,2.5930047335738324
2,modules,4,2.653268002602088,2.4114853204141133,2.3485530187067742
2,modules,5,2.0141140128991863,2.653268002602088,2.5184300656098317
2,modules,6,0.9966627391071258,0.2572127933454639,0.2434161590180442
2,modules,7,1.601571739383195,0.9966627391071258,0.5886578894548791
2,modules,8,1.3671306970444856,1.601571739383195,1.343857979157339
2,modules,9,0.3107366589249281,0.2438338953545447,0.40383517225203247
2,modules,10,1.3083227014680328,0.3107366589249281,0.3036713229968958
2,modules,11,0.350320917623201,1.3083227014680328,0.8264359450854807
2,modules,12,0.8086855029081765,0.5604899376002705,0.41900502060844114
2,modules,13,0.527444924754049,0.8086855029081765,0.754461921915644
2,modules,14,1.2126426560667338,0.527444924754049,0.6254718801089351
2,modules,15,1.615139868106514,0.9822090681892146,0.959215161497159
2,modules,16,2.31353314004088,1.615139868106514,1.2028694709478254
2,modules,17,2.106273756387903,2.31353314004088,1.804131093557603
2,modules,18,0.4110427451896231,0.6972598708235677,0.4028241025226893
2,modules,19,0.4272508964465555,0.4110427451896231,0.4741307653505319
2,modules,20,-1.118734084317796,-0.983668330358475,-1.0075195363348135
2,modules,21,-0.4879175680412418,-1.118734084317796,-1.0190875231979106
2,modules,22,0.2486748759092053,0.5643486178185998,0.20515782023226337
2,modules,23,-0.3796685567489424,0.2486748759092053,0.15073336796374115
2,modules,24,0.0461084374434371,0.3014580406091333,0.2921523148941357
2,modules,25,0.2365853512385905,0.0461084374434371,0.06891152914547476
2,modules,26,-0.4186872500066246,-0.0591814750840283,-0.2728140944030537
2,modules,27,-0.6258135834369205,-0.4186872500066246,-0.36558362897703794
2,modules,28,-0.8727581391012741,-0.9270440478793333,-0.6118210332241931
2,modules,29,-0.699318795463619,-0.8727581391012741,-0.9129005134103063
2,modules,36,-0.8997241685638421,-0.6806110002753873,-0.7725948125895999
2,modules,37,-0.4124692602368039,-0.8997241685638421,-0.7939201982946168
2,modules,38,-0.6127112669877611,-0.4124692602368039,-0.4956872061225147
2,modules,39,0.6711184919057669,0.3763851229599239,0.39218001792938056
2,modules,40,0.7873315151748604,0.6711184919057669,0.5755465401405427
2,modules,41,0.2397818352350611,0.7873315151748604,0.8176644077410434
2,modules,42,-0.8928179041436838,-0.9489738382614952,-0.7971230107422278
2,modules,43,0.1588396997837625,-0.8928179041436838,-0.8911378867305387
2,modules,44,-0.7703091447010543,-0.7618678046977906,-0.6435275935505039
2,modules,45,-0.8685014088854648,-0.7703091447010543,-0.6269911814357783
2,modules,46,-0.6708548895641734,-0.8685014088854648,-0.7213670816997627
2,modules,49,0.862940082166209,1.0002873584413168,0.9916219597139364
2,modules,50,0.93953159356795,0.862940082166209,0.825600445156565
2,modules,51,0.9930494178825986,0.93953159356795,0.8100446804565629
2,modules,52,-0.8351591028362777,-1.148732920303494,-1.0039792938756686
2,modules,53,-1.0571389851701634,-0.8351591028362777,-0.9415019907979707
2,modules,56,0.2492476451166634,-0.0478140682782484,0.0010336361082266196
2,modules,57,-0.1053264280030317,0.2492476451166634,0.2847333707199734
2,modules,58,-0.2163731214794622,-0.1053264280030317,0.15446241613626466
2,modules,59,-0.278405901000533,-0.2163731214794622,0.0005672308158350403
2,modules,60,-0.2840682189394811,0.2138112601285648,0.20833124024997746
2,modules,61,0.8125648413906008,-0.2840682189394811,-0.13648734859677725
2,modules,62,0.2244244919546743,0.8125648413906008,0.033680205543363595
2,modules,63,0.2997788249959782,0.2244244919546743,0.46625634519519144
2,modules,64,1.6466651101105387,0.5604144153296633,0.6412816512496758
2,modules,65,0.8320197188815992,1.6466651101105387,1.125960573427596
2,modules,66,0.1766000013657925,0.8320197188815992,0.843228193508051
2,modules,67,1.0173676002047016,1.3701072291232832,1.4628464650108752
2,modules,68,-0.9099565625555508,-1.1998034028042956,-0.9694945858381334
2,modules,69,-1.163942525768236,-0.9099565625555508,-0.7857534811805547
2,modules,70,-0.7457076888768565,-1.163942525768236,-0.9129090284130135
2,modules,71,-1.1106328697051118,-0.9507128305882088,-0.893441482159618
2,modules,72,-1.0091846526819577,-1.1106328697051118,-1.0347842808048142
2,modules,73,-1.0954482138675798,-1.0091846526819577,-0.9752977005682242
2,modules,74,-0.0476178702410522,0.2551911358251294,0.2544686642848088
2,modules,75,1.159772577752598,-0.0476178702410522,-0.14221756487249473
2,modules,76,-0.3741086626167083,1.159772577752598,0.8421970035853739
2,modules,77,-0.7785940685918811,-0.3861806049983989,-0.346330798687401
2,modules,78,-0.7884993268932778,-0.7785940685918811,-0.6714391503426145
2,modules,79,-0.421880178839308,-0.7884993268932778,-0.6677010841528249
2,modules,80,0.4996621852480885,-0.4404534699894523,-0.5849503823664622
2,modules,81,0.6415924879249738,0.4996621852480885,0.17972612515672415
2,modules,82,1.2890148065398326,0.6415924879249738,0.39774090077948554
2,modules,83,0.8490820965503563,0.3623246134434364,0.4481855771110617
2,modules,84,0.6465367691598779,0.8490820965503563,0.6595212491117743
2,modules,85,0.3270861371543477,0.1657432283758679,0.06311071902523141
2,modules,86,0.1722513370059624,0.3270861371543477,0.23162879485140989
2,modules,92,-1.445240324307426,-1.145075824748819,-0.9656302049987253
2,modules,93,-0.5723650502527188,-1.445240324307426,-1.247618023834813
2,modules,94,-0.941252744213681,-0.5723650502527188,-0.7834483531086518
2,modules,95,-0.7300917213509727,-0.3666848696429147,-0.4499558761082144
2,modules,96,-0.3696766515301479,-0.7300917213509727,-0.5403244184709248
2,modules,97,-1.5373039460188929,-0.3696766515301479,-0.4779254427758758
2,modules,98,-1.127384096873166,-0.9880449119776428,-1.148696905177126
2,modules,99,0.2110462320691139,0.6927641076969426,0.760111398914292
2,modules,100,0.913906982676102,0.2110462320691139,0.4506893379064155
2,modules,101,-1.030827733395839,-0.8584986900903787,-0.7614262711653551
2,modules,102,0.6038661208835974,1.6892518313037763,1.2270352212705269
2,modules,103,1.9141703575098803,0.6038661208835974,0.7982739639558653
2,modules,104,1.8361431064520983,1.9141703575098803,1.0531703032808024
2,modules,105,0.4904569806366927,0.8657652253505941,0.6915734209328457
2,modules,106,0.3233259373042021,0.4904569806366927,0.4881818627203152
2,modules,107,0.9686305454307984,0.3233259373042021,0.3501102886211874
2,modules,112,-2.2958408093769607,-1.697018074319859,-1.710042192737169
2,modules,113,-1.471625747569058,-2.2958408093769607,-1.917907938305837
2,modules,114,-1.0007994818779025,-1.471625747569058,-1.613084555905796
2,modules,115,0.6706633286658048,0.1929642784656556,0.7014337427948468
2,modules,116,-1.214883558810575,-1.0851710930862368,-0.9046792477723512
2,modules,117,-1.021699825443284,-1.214883558810575,-1.2280079761656422
2,modules,118,-0.3790220105415712,0.0640274842902094,0.06607392803203231
2,modules,119,0.3628147906852946,0.4282427157674407,0.39148946885497443
2,modules,120,-0.6994055225203423,-1.029259840321065,-0.47608612780906934
2,modules,121,-1.6557861348597955,-2.116531633788395,-1.8765704085507422
2,modules,122,-1.9199860436031748,-1.6557861348597955,-1.6844093066555055
2,modules,123,-0.8168338847729971,-1.1260791018229388,-0.8437844867539319
2,modules,124,-2.110371220479385,-1.3247622841550974,-1.268742012709463
2,modules,125,0.8505170434778697,0.1920860012855066,0.460669666005075
2,modules,126,-0.692650538495362,0.8505170434778697,0.7163418982868097
2,modules,127,1.2651786545606685,0.8956525567215016,1.0793436484734276
2,modules,128,-0.7019009277203708,-0.7648981103453003,-0.4396325288872698
2,modules,129,-1.2938116046491714,-0.6555065730288394,-0.605429826381316
2,modules,130,-0.5965129152362144,-1.2938116046491714,-1.0192815128590664
2,modules,131,-0.7410164208292443,-0.5965129152362144,-0.7039927368323158
2,modules,132,-0.8881670208953587,-0.1515033356199764,-0.46190773812641384
2,modules,133,-1.4265924488882695,-0.8881670208953587,-0.6174812613203261
2,modules,136,-1.0803208264037654,0.3680032651320825,0.02783089911973513
2,modules,137,-1.387573240738218,-1.0803208264037654,-0.6914455098561944
2,modules,138,-0.4111306546868619,-1.387573240738218,-1.2141770899073425
2,modules,139,0.4637737731373193,0.9059308003815087,0.5678763944931009
2,modules,140,0.8788995380089554,0.4637737731373193,0.5805941542167218
2,modules,141,0.1991438821274519,0.8242194107718149,0.5901965458486185
2,modules,142,0.3619386143234556,0.1991438821274519,0.27783541691661173
2,modules,143,0.3109952151690866,0.3619386143234556,0.14960608268322786
2,modules,144,1.0827204785508988,0.1922553120322052,0.43487677455753926
2,modules,145,2.057144192951361,1.0827204785508988,0.9086032696123449
2,modules,146,-0.4382858556063496,2.057144192951361,1.5172069460871436
2,modules,147,0.6069118193941043,0.8246313842366789,0.9556774980030405
2,modules,148,-1.0108258312485494,-0.3878980407747018,-0.3058632557601166
2,modules,149,0.6313895647354412,0.8950914654885632,1.0708421995746817
2,modules,150,0.6268066068222529,0.6313895647354412,0.501441200805373
3,ridge,0,-0.0335541363597207,-0.3466902173539142,-0.11597349414225491
3,ridge,1,-0.544942539003813,-0.0335541363597207,-0.040876837792653886
3,ridge,2,-0.8312643160762837,-0.544942539003813,-0.33790594162696774
3,ridge,3,2.8004346472412585,2.6191272645675543,2.362279809146659
3,ridge,4,2.467385266253616,2.8004346472412585,2.4388249813148124
3,ridge,5,2.388059201805511,2.467385266253616,2.2770021233093365
3,ridge,6,0.3857094761141053,0.3124543530590947,0.3875506333642424
3,ridge,7,1.6204228171577044,0.3857094761141053,0.421944498153172
3,ridge,8,1.6403756402068983,1.6204228171577044,1.017459497130599
3,ridge,12,0.7751716003867327,0.8906111744307609,0.5106829300305568
3,ridge,13,0.957199786187379,0.7751716003867327,0.7708289948378247
3,ridge,14,1.9406781345596864,0.957199786187379,0.8416570996337049
3,ridge,15,1.5582283100085867,1.3622342549719506,1.2779785438294693
3,ridge,16,1.9166450111425417,1.5582283100085867,1.4071206869854773
3,ridge,17,1.608544894851616,1.9166450111425417,1.6731429203854806
3,ridge,18,0.405590475601549,0.695625180548201,0.5476936893155431
3,ridge,19,0.897571167224297,0.405590475601549,0.49054626851821637
3,ridge,20,-0.8244510533956725,-1.6758108207223366,-1.4625496362111543
3,ridge,21,-0.6543525877032371,-0.8244510533956725,-0.9377267336172412
3,ridge,22,-0.4268286005717304,0.3269593464467837,-0.030009022088824278
3,ridge,23,-0.714079588094679,-0.4268286005717304,-0.20781664044341563
3,ridge,24,0.1271649345209572,0.6133084085383437,0.7528257060200914
3,ridge,25,0.5600478566853121,0.1271649345209572,0.3065146092015298
3,ridge,26,-0.6142681496079229,0.3971983741281978,0.08107932213208247
3,ridge,27,-0.0562772747656397,-0.6142681496079229,-0.339871228941666
3,ridge,28,-0.8446349674699422,-0.7369829325658204,-0.43624913824994666
3,ridge,29,-0.597325449128551,-0.8446349674699422,-0.8757698867767126
3,ridge,30,-0.2213150988977906,-0.459449485508752,-0.24620657502184173
3,ridge,31,1.460233919020294,-0.2213150988977906,-0.3182156388731321
3,ridge,32,0.7634348768978567,1.460233919020294,0.8924111649717019
3,ridge,33,0.8208859222001258,-0.984664371022463,-0.6174865855733993
3,ridge,34,0.4436892020299244,0.8208859222001258,-0.06613080897431545
3,ridge,35,-0.9966345369782292,0.4436892020299244,0.5339250286153657
3,ridge,39,1.363260269299705,0.7241345469569667,0.806118370411327
3,ridge,40,1.189669843250749,1.363260269299705,1.050873091907202
3,ridge,41,1.8994056196358624,1.189669843250749,1.0907909791859554
3,ridge,47,1.3254842602355452,1.3342714949216377,1.0101934123012961
3,ridge,48,0.4721880684587188,1.3254842602355452,1.1667035781223398
3,ridge,52,-1.0985137409902566,-2.1198367751956635,-1.699281875032437
3,ridge,53,-1.434448767594749,-1.0985137409902566,-1.5146085407085967
3,ridge,54,-1.0785520106850566,-1.1257603570849457,-0.8886859853586762
3,ridge,55,-1.5309654048010723,-1.0785520106850566,-0.952623495237241
3,ridge,56,-0.4724215556606941,-1.111286597336731,-0.70859124045846
3,ridge,57,-1.1364704813085988,-0.4724215556606941,-0.6234588356539159
3,ridge,58,-0.4076467831193889,-1.1364704813085988,-0.8357364395563007
3,ridge,59,-1.2385313004598222,-0.4076467831193889,-0.5183795335462651
3,ridge,60,-0.7287738684964787,-0.5001509905829611,0.014480098960007792
3,ridge,61,0.3017554103638371,-0.7287738684964787,-0.5922515025113506
3,ridge,62,-0.5830428023619239,0.3017554103638371,-0.02378359493548826
3,ridge,63,-0.6349614904475017,-0.5830428023619239,-0.3141697202745305
3,ridge,68,-0.9719241440048544,-1.358347456256778,-0.8664420926146479
3,ridge,69,-1.3229967632358168,-0.9719241440048544,-0.9641094091686584
3,ridge,70,-0.7337435981316334,-1.3229967632358168,-1.0814154538110496
3,ridge,74,-0.8749346033005131,0.1401957849240892,0.1919627089972203
3,ridge,75,0.144990751430743,-0.8749346033005131,-0.3635969473562909
3,ridge,76,-0.6453313278467997,0.144990751430743,-0.06552030918148988
3,ridge,77,-0.8769939726569465,0.300922077460692,0.05271660051161442
3,ridge,78,-0.4204324638540666,-0.8769939726569465,-0.4744261649510986
3,ridge,79,-0.7479854320557964,-0.4204324638540666,-0.45846789997379084
3,ridge,80,0.3188322872768691,-0.4874303156938637,-0.5802689363743074
3,ridge,81,0.6868461145150593,0.3188322872768691,-0.022093927891283394
3,ridge,82,1.1901705712934476,0.6868461145150593,0.4803632630104375
3,ridge,83,-0.200850548541464,0.1901040659223765,0.3328496050926587
3,ridge,84,0.3803297773275653,-0.200850548541464,-0.1397240856056531
3,ridge,85,-0.065283053810112,0.1583157405165784,0.027396014845585015
3,ridge,86,0.3026589332105537,-0.065283053810112,-0.0017359355443646723
3,ridge,87,0.0668047375699485,0.5835320931006697,0.5142949468494875
3,ridge,88,0.4187542139677099,0.0668047375699485,0.12656181773006497
3,ridge,89,0.937248610652926,0.2881145190779436,0.284900993297032
3,ridge,90,0.5855215525241997,0.937248610652926,0.6212216815505525
3,ridge,91,0.5770482610336083,0.5855215525241997,0.667872365309398
3,ridge,95,-1.4627554747405436,-0.4917147078870847,-0.5005100764479913
3,ridge,96,-0.2351990060541843,-1.4627554747405436,-1.144368633852336
3,ridge,97,-1.5409849684882335,-0.2351990060541843,-0.5403390369569245
3,ridge,98,-1.273427715709804,-1.3981009206901656,-1.2573842557391992
3,ridge,99,0.4630287760868403,0.725656993482016,0.8072866790500977
3,ridge,100,1.2050349725246328,0.4630287760868403,0.5229448578397904
3,ridge,101,-1.1088427784379238,-1.128769299424961,-0.8213913035677471
3,ridge,102,0.4393088376699188,1.8966505533384663,1.4798637280869542
3,ridge,103,1.145107942338353,0.4393088376699188,0.7550676371368785
3,ridge,104,1.161556324400838,1.145107942338353,0.7872974099427438
3,ridge,108,1.3729050459267838,0.1958072603342404,0.17628765722821965
3,ridge,109,0.7129127439084669,1.3729050459267838,0.8067556593980393
3,ridge,110,1.2331638739644235,0.7129127439084669,0.7790923743918763
3,ridge,111,1.0020739785670312,1.2331638739644235,0.9228977460650694
3,ridge,112,-2.151545904141346,-1.8413685202624144,-1.7272870846787105
3,ridge,113,-1.283859451021916,-2.151545904141346,-1.8919719807301543
3,ridge,114,-0.9186144448149356,-1.283859451021916,-1.5079380747393885
3,ridge,116,-0.2999192156183121,0.315727639688419,0.40155798930478226
3,ridge,117,0.3868569668346453,-0.2999192156183121,-0.11123316289769689
3,ridge,118,0.3001368488980677,-0.1098874098780688,-0.16870157494244883
3,ridge,120,-0.9211818183867952,-0.3147619707047223,-0.1270013722738768
3,ridge,121,-1.6182076983673752,-1.5016792299525787,-1.35956221196662
3,ridge,122,-1.4601180116036496,-1.6182076983673752,-1.4618846213571657
3,ridge,123,-1.2299921863593388,-1.1646560242775106,-1.0809721592623989
3,ridge,125,0.8302515502700807,0.5199957698388451,0.3991827086392704
3,ridge,126,-0.8648240545968894,0.8302515502700807,0.7234244952324114
3,ridge,128,-0.9827033084062442,0.2484447238131596,0.17348972033363053
3,ridge,132,-0.6120847206148513,-0.099337794443659,-0.3070419847558153
3,ridge,133,-0.8626024560647134,-0.6120847206148513,-0.3674319949615831
3,ridge,134,-0.1907475996529987,-0.7681678563708365,-0.5241102745620487
3,ridge,135,-1.0465711171654524,-0.1907475996529987,-0.33838319968597674
3,ridge,136,-0.8933582094431736,0.5795548168181098,0.2686616789351213
3,ridge,137,-1.264822827682354,-0.8933582094431736,-0.5527233079611626
3,ridge,138,0.2288108124853275,-1.264822827682354,-1.0233043723471078
3,ridge,139,1.0217762306856195,1.116373042071534,0.9704468355750828
3,ridge,140,1.3574953701887975,1.0217762306856195,0.916086044597403
3,ridge,141,0.0199777554854314,-0.0863476086756902,-0.023542830419537142
3,ridge,142,0.0669017649888949,0.0199777554854314,0.0663244582851329
3,ridge,143,-0.4561488085490674,0.0669017649888949,0.13124386449446268
3,ridge,144,1.163777375742537,0.027235098522347,0.23102003965262796
3,ridge,145,1.8386857321909285,1.163777375742537,0.7329509292089276
3,ridge,146,-0.6160093579109654,1.8386857321909285,1.4592232865564996
3,ridge,147,0.4974509296092932,0.3622740613758323,0.586171425192219
3,ridge,148,-0.3018763715779034,-0.1849226897787969,-0.47441608549784936
3,ridge,149,0.4162306689073635,0.6369730145791593,0.8011034118822121
3,ridge,150,0.3218958103151414,0.4162306689073635,0.5334325945188132
3,ridge,151,0.0506173117295909,-0.0077189473709794,0.12840350528468053
3,modules,0,-0.0335541363597207,-0.3466902173539142,-0.12309331470700735
3,modules,1,-0.544942539003813,-0.0335541363597207,-0.00019174432227987703
3,modules,2,-0.8312643160762837,-0.544942539003813,-0.298088788176595
3,modules,3,2.8004346472412585,2.6191272645675543,2.3478427343871235
3,modules,4,2.467385266253616,2.8004346472412585,2.4468468131771233
3,modules,5,2.388059201805511,2.467385266253616,2.2835468616781736
3,modules,6,0.3857094761141053,0.3124543530590947,0.43474724903665585
3,modules,7,1.6204228171577044,0.3857094761141053,0.4055831429768372
3,modules,8,1.6403756402068983,1.6204228171577044,0.993408893750504
3,modules,12,0.7751716003867327,0.8906111744307609,0.5129601862503297
3,modules,13,0.957199786187379,0.7751716003867327,0.8620017154137298
3,modules,14,1.9406781345596864,0.957199786187379,0.8368474828478933
3,modules,15,1.5582283100085867,1.3622342549719506,1.1865596895916657
3,modules,16,1.9166450111425417,1.5582283100085867,1.2294183042269304
3,modules,17,1.608544894851616,1.9166450111425417,1.5786901528403843
3,modules,18,0.405590475601549,0.695625180548201,0.5367729903233482
3,modules,19,0.897571167224297,0.405590475601549,0.6104049158704955
3,modules,20,-0.8244510533956725,-1.6758108207223366,-1.4579475514352391
3,modules,21,-0.6543525877032371,-0.8244510533956725,-0.8615394264339694
3,modules,22,-0.4268286005717304,0.3269593464467837,-0.04410471732851623
3,modules,23,-0.714079588094679,-0.4268286005717304,-0.25057869978360386
3,modules,24,0.1271649345209572,0.6133084085383437,0.8187625491811494
3,modules,25,0.5600478566853121,0.1271649345209572,0.40777136262448754
3,modules,26,-0.6142681496079229,0.3971983741281978,0.11575144215541511
3,modules,27,-0.0562772747656397,-0.6142681496079229,-0.369280401857214
3,modules,28,-0.8446349674699422,-0.7369829325658204,-0.33174598601878785
3,modules,29,-0.597325449128551,-0.8446349674699422,-0.7804489493419553
3,modules,30,-0.2213150988977906,-0.459449485508752,-0.21764760001479605
3,modules,31,1.460233919020294,-0.2213150988977906,-0.28871273829950533
3,modules,32,0.7634348768978567,1.460233919020294,0.9129001344667593
3,modules,33,0.8208859222001258,-0.984664371022463,-0.6009910997849155
3,modules,34,0.4436892020299244,0.8208859222001258,-0.029253098149530476
3,modules,35,-0.9966345369782292,0.4436892020299244,0.3324154117457569
3,modules,39,1.363260269299705,0.7241345469569667,0.8562521246970285
3,modules,40,1.189669843250749,1.363260269299705,1.0737854392948458
3,modules,41,1.8994056196358624,1.189669843250749,1.1077230935666924
3,modules,47,1.3254842602355452,1.3342714949216377,0.9913392862926839
3,modules,48,0.4721880684587188,1.3254842602355452,1.1146571384878383
3,modules,52,-1.0985137409902566,-2.1198367751956635,-1.6413736507710195
3,modules,53,-1.434448767594749,-1.0985137409902566,-1.5174537726456143
3,modules,54,-1.0785520106850566,-1.1257603570849457,-0.8104639018568331
3,modules,55,-1.5309654048010723,-1.0785520106850566,-0.8841532065258598
3,modules,56,-0.4724215556606941,-1.111286597336731,-0.7399166043439165
3,modules,57,-1.1364704813085988,-0.4724215556606941,-0.5323951956439784
3,modules,58,-0.4076467831193889,-1.1364704813085988,-0.7784456520074012
3,modules,59,-1.2385313004598222,-0.4076467831193889,-0.2896819726827017
3,modules,60,-0.7287738684964787,-0.5001509905829611,0.0366193942405425
3,modules,61,0.3017554103638371,-0.7287738684964787,-0.5349281641817349
3,modules,62,-0.5830428023619239,0.3017554103638371,0.13623927000461117
3,modules,63,-0.6349614904475017,-0.5830428023619239,-0.24278914820948955
3,modules,68,-0.9719241440048544,-1.358347456256778,-0.7100724565661154
3,modules,69,-1.3229967632358168,-0.9719241440048544,-0.753181995049652
3,modules,70,-0.7337435981316334,-1.3229967632358168,-0.7818638002091199
3,modules,74,-0.8749346033005131,0.1401957849240892,0.2127610554885049
3,modules,75,0.144990751430743,-0.8749346033005131,-0.7321885005953861
3,modules,76,-0.6453313278467997,0.144990751430743,-0.12870389432965065
3,modules,77,-0.8769939726569465,0.300922077460692,0.00449325628931746
3,modules,78,-0.4204324638540666,-0.8769939726569465,-0.45033240379509515
3,modules,79,-0.7479854320557964,-0.4204324638540666,-0.5705942514433108
3,modules,80,0.3188322872768691,-0.4874303156938637,-0.5875919490965216
3,modules,81,0.6868461145150593,0.3188322872768691,-0.006099616687089915
3,modules,82,1.1901705712934476,0.6868461145150593,0.426605629231694
3,modules,83,-0.200850548541464,0.1901040659223765,0.382579309814697
3,modules,84,0.3803297773275653,-0.200850548541464,-0.18119440862745148
3,modules,85,-0.065283053810112,0.1583157405165784,0.03714498751280404
3,modules,86,0.3026589332105537,-0.065283053810112,0.01779071932980361
3,modules,87,0.0668047375699485,0.5835320931006697,0.565958798904383
3,modules,88,0.4187542139677099,0.0668047375699485,0.15531580031265188
3,modules,89,0.937248610652926,0.2881145190779436,0.24777020215278048
3,modules,90,0.5855215525241997,0.937248610652926,0.6333719332985935
3,modules,91,0.5770482610336083,0.5855215525241997,0.5748629725922683
3,modules,95,-1.4627554747405436,-0.4917147078870847,-0.42306201010596
3,modules,96,-0.2351990060541843,-1.4627554747405436,-1.1105016484350088
3,modules,97,-1.5409849684882335,-0.2351990060541843,-0.4444885284768775
3,modules,98,-1.273427715709804,-1.3981009206901656,-1.2550727926932943
3,modules,99,0.4630287760868403,0.725656993482016,0.9062605121085926
3,modules,100,1.2050349725246328,0.4630287760868403,0.5654080109463889
3,modules,101,-1.1088427784379238,-1.128769299424961,-0.7277940884401661
3,modules,102,0.4393088376699188,1.8966505533384663,1.281136041442135
3,modules,103,1.145107942338353,0.4393088376699188,0.681327267909229
3,modules,104,1.161556324400838,1.145107942338353,0.6016886046948566
3,modules,108,1.3729050459267838,0.1958072603342404,0.21615309636141028
3,modules,109,0.7129127439084669,1.3729050459267838,0.8359942867275325
3,modules,110,1.2331638739644235,0.7129127439084669,0.803438592472661
3,modules,111,1.0020739785670312,1.2331638739644235,0.9504741180358146
3,modules,112,-2.151545904141346,-1.8413685202624144,-1.7156217442936956
3,modules,113,-1.283859451021916,-2.151545904141346,-1.8576253961174916
3,modules,114,-0.9186144448149356,-1.283859451021916,-1.4730531559126179
3,modules,116,-0.2999192156183121,0.315727639688419,0.4209115539120676
3,modules,117,0.3868569668346453,-0.2999192156183121,-0.12063484126690494
3,modules,118,0.3001368488980677,-0.1098874098780688,-0.14716945316452185
3,modules,120,-0.9211818183867952,-0.3147619707047223,-0.10822072059587556
3,modules,121,-1.6182076983673752,-1.5016792299525787,-1.3562783789870703
3,modules,122,-1.4601180116036496,-1.6182076983673752,-1.4643028692171303
3,modules,123,-1.2299921863593388,-1.1646560242775106,-1.2479114334524175
3,modules,125,0.8302515502700807,0.5199957698388451,0.44973399260859975
3,modules,126,-0.8648240545968894,0.8302515502700807,0.7485502865585046
3,modules,128,-0.9827033084062442,0.2484447238131596,0.2978092673708238
3,modules,132,-0.6120847206148513,-0.099337794443659,-0.2430367627419803
3,modules,133,-0.8626024560647134,-0.6120847206148513,-0.3610236761975444
3,modules,134,-0.1907475996529987,-0.7681678563708365,-0.430577906544347
3,modules,135,-1.0465711171654524,-0.1907475996529987,-0.2951623760150873
3,modules,136,-0.8933582094431736,0.5795548168181098,0.2991556437946438
3,modules,137,-1.264822827682354,-0.8933582094431736,-0.5642819836397933
3,modules,138,0.2288108124853275,-1.264822827682354,-0.9601049071170692
3,modules,139,1.0217762306856195,1.116373042071534,0.9902801705547122
3,modules,140,1.3574953701887975,1.0217762306856195,0.9376400506913746
3,modules,141,0.0199777554854314,-0.0863476086756902,-0.11602858588419179
3,modules,142,0.0669017649888949,0.0199777554854314,0.018318531071268337
3,modules,143,-0.4561488085490674,0.0669017649888949,-0.1092335774933381
3,modules,144,1.163777375742537,0.027235098522347,0.2563439139370694
3,modules,145,1.8386857321909285,1.163777375742537,0.7459517127601566
3,modules,146,-0.6160093579109654,1.8386857321909285,1.4069925443016305
3,modules,147,0.4974509296092932,0.3622740613758323,0.4674237493955923
3,modules,148,-0.3018763715779034,-0.1849226897787969,-0.46192394100086537
3,modules,149,0.4162306689073635,0.6369730145791593,0.7500135942595804
3,modules,150,0.3218958103151414,0.4162306689073635,0.2990689512078284
3,modules,151,0.0506173117295909,-0.0077189473709794,0.08783144879530562
4,ridge,0,0.6116326395382733,-0.4504030133944717,-0.40462044401962555
4,ridge,1,0.1067370865318391,0.6116326395382733,0.28697573951317207
4,ridge,2,-0.261193598666243,0.1067370865318391,0.1736810451401481
4,ridge,3,2.4144634380924805,2.4946177508289744,2.2572937821987717
4,ridge,4,2.3384565210514165,2.4144634380924805,2.1512722001248434
4,ridge,5,2.142429885421522,2.3384565210514165,2.061399597151264
4,ridge,9,-0.3041753996191846,-0.2066099241111632,0.07313476243468214
4,ridge,10,0.7876561401416651,-0.3041753996191846,-0.2175616199106714
4,ridge,11,-0.3703095684160239,0.7876561401416651,0.35108551531588167
4,ridge,12,0.6438672959292111,0.610911377198771,0.4453284166885779
4,ridge,13,0.62754440432601,0.6438672959292111,0.5758707056668194
4,ridge,14,0.9415288133402951,0.62754440432601,0.5543131490370071
4,ridge,15,1.050274494875409,0.7887190933621955,0.8157371904727011
4,ridge,16,1.785753445804249,1.050274494875409,0.8495849342596962
4,ridge,17,1.7380717408508202,1.785753445804249,1.3608785990004717
4,ridge,20,-1.1380684302902553,-0.0577466966640707,-0.20527537672415855
4,ridge,21,-0.3433108041409721,-1.1380684302902553,-0.7199589767683239
4,ridge,22,0.892395289782526,0.7814191124842783,0.7276572856725451
4,ridge,23,0.3774188244143537,0.892395289782526,0.7982345005214363
4,ridge,24,1.1517426838111386,0.8975687414161525,0.795972097552671
4,ridge,25,0.7122964052378559,1.1517426838111386,0.9653545384195218
4,ridge,28,-1.2012343119671889,-1.02545484974498,-0.6711851472741679
4,ridge,29,-1.009804070147737,-1.2012343119671889,-1.248691797723041
4,ridge,30,-0.3255975416769178,0.512291959908129,0.49661304428466996
4,ridge,31,0.461132325868765,-0.3255975416769178,-0.07391873191681653
4,ridge,32,0.4694973859916777,0.461132325868765,0.04834048652724865
4,ridge,33,1.3745844177590525,-0.2149207847645218,0.10004142337038746
4,ridge,34,2.0739224148112583,1.3745844177590525,0.7658791594709194
4,ridge,35,-0.550938302065396,2.0739224148112583,1.5942964006567293
4,ridge,36,-0.7934024608195256,-0.7061745225342527,-0.8600440055100489
4,ridge,37,-0.4960029181634747,-0.7934024608195256,-0.6931537354568449
4,ridge,38,-0.9597248059861876,-0.4960029181634747,-0.49590984323399484
4,ridge,39,-0.3509337748744712,0.1757612872989631,0.08851086286116817
4,ridge,40,0.1843818994879982,-0.3509337748744712,-0.23648126839403139
4,ridge,41,-0.1408624872243573,0.1843818994879982,0.025221794821351146
4,ridge,42,-0.65350354818587,-0.7579558283264543,-0.6679115612924347
4,ridge,43,0.2107046343901106,-0.65350354818587,-0.7549290279560976
4,ridge,44,-0.1966589754426593,-0.1866538676181263,0.036295573752503224
4,ridge,45,-0.3251681275818637,-0.1966589754426593,-0.11624024584773256
4,ridge,46,0.0295624777466975,-0.3251681275818637,-0.19538356326283918
4,ridge,47,1.724585531924668,2.209238517698501,1.7198011389882608
4,ridge,48,1.2323961468821114,1.724585531924668,1.687518229323522
4,ridge,49,1.025050170041269,1.3835229084821905,1.18506293049844
4,ridge,50,1.5005571207157546,1.025050170041269,1.0233498626004762
4,ridge,51,1.7492258930598834,1.5005571207157546,1.196725110177776
4,ridge,52,-0.7895645979933071,-0.8877626217425981,-0.822934682009869
4,ridge,53,-0.9578213126549534,-0.7895645979933071,-0.7031056270114597
4,ridge,54,-0.5325875192903377,-0.5589371519609682,-0.5218477232962923
4,ridge,55,-0.8680971047390661,-0.5325875192903377,-0.49599753687261
4,ridge,64,1.033351882139557,0.3504724637717409,0.44029183098352476
4,ridge,65,0.3007195592807174,1.033351882139557,0.7359507669342065
4,ridge,66,-0.3409563732477521,0.3007195592807174,0.49413320246349357
4,ridge,67,1.101908192557661,1.4790865427560669,1.519998791951407
4,ridge,68,-0.8043471897432948,-1.3283294892991726,-0.9967546500811357
4,ridge,69,-1.2118169361825972,-0.8043471897432948,-0.8698811462092759
4,ridge,70,-0.7089075813065131,-1.2118169361825972,-0.9760070265720813
4,ridge,71,-1.8754173316819984,-1.805143895323138,-1.5004342474925128
4,ridge,72,-1.2855303343198847,-1.8754173316819984,-1.6459668211473029
4,ridge,73,-1.4249995841988894,-1.2855303343198847,-1.3201823357585045
4,ridge,74,0.0625495771146984,0.80539144000152,0.6442414263175789
4,ridge,75,1.375247166925748,0.0625495771146984,0.295526781673989
4,ridge,76,0.156465147126764,1.375247166925748,0.8691408419740613
4,ridge,77,-0.9398411724656698,-0.3076038774183288,-0.4138771480941985
4,ridge,78,-0.6331295863344595,-0.9398411724656698,-0.7098951601346668
4,ridge,79,-0.061732790259735,-0.6331295863344595,-0.615124912411068
4,ridge,80,-0.2420896083371362,-0.7692964865887463,-0.8613521826209108
4,ridge,81,0.8896252034077237,-0.2420896083371362,-0.35760902693581154
4,ridge,82,0.6084906838142132,0.8896252034077237,0.4418466959112596
4,ridge,85,-0.1080065792234753,-0.1510116783494123,-0.1373285927784336
4,ridge,86,-0.1564703912318762,-0.1080065792234753,-0.27555167303394085
4,ridge,87,0.0233726342179215,0.2760891693170517,0.36668696145916047
4,ridge,88,0.0763730809708341,0.0233726342179215,0.05394287066473473
4,ridge,89,1.9957221539126777,0.3602680843517436,0.44554871617327524
4,ridge,90,2.070155447072442,1.9957221539126777,1.3404192164664965
4,ridge,91,1.2763188722502448,2.070155447072442,1.734105319440037
4,ridge,92,-1.2057178344168982,-1.0583016164152983,-0.7131931509636101
4,ridge,93,-0.6049098991030266,-1.2057178344168982,-1.0379332750661785
4,ridge,94,-0.3961136247965749,-0.6049098991030266,-0.7306400880377459
4,ridge,98,-0.489156761034155,-0.7758743784831366,-0.6507129541075563
4,ridge,99,0.5742185829581683,1.2920037277124166,1.194001631845734
4,ridge,100,1.1480967238167208,0.5742185829581683,0.748632501093191
4,ridge,101,-1.2103104677308392,-1.0284175281963124,-0.8731140654079526
4,ridge,105,0.5205298036920906,0.3024095950719552,0.34454246164865737
4,ridge,106,0.4942069225081063,0.5205298036920906,0.3914476252701562
4,ridge,107,0.8976956804531514,0.4942069225081063,0.43012258737938935
4,ridge,108,1.5704014461127696,0.1360269046228293,0.09236899496532602
4,ridge,109,0.3531760170338199,1.5704014461127696,0.9800818899070262
4,ridge,110,1.2629827161483518,0.3531760170338199,0.6370854075456963
4,ridge,111,1.0672209912072166,1.2629827161483518,0.8489132069958125
4,ridge,112,-0.9860136278773668,-0.7556439832346447,-0.9025980883270641
4,ridge,113,-0.8596080287296173,-0.9860136278773668,-0.8109704846346283
4,ridge,114,0.1777263968231431,-0.8596080287296173,-0.860090356670218
4,ridge,115,0.3333669753421296,-0.1321043572333651,0.37514662982207814
4,ridge,118,-0.2708611880766274,0.3340865357344708,0.1526302928081272
4,ridge,119,0.1262248468806129,0.2858265104426795,0.30074954261039494
4,ridge,121,-1.8285146215632253,-2.537868862994413,-2.4167613739686744
4,ridge,122,-2.451383723506761,-1.8285146215632253,-1.7828628595137235
4,ridge,124,-1.555953039895999,-0.6074143202199637,-0.699753860141558
4,ridge,125,0.7618081378148834,0.3834931545726119,0.5281950129106767
4,ridge,126,-0.8568831224170497,0.7618081378148834,0.599152932154175
4,ridge,127,0.4408983585938055,0.7139305556350181,0.737766745404873
4,ridge,128,-0.1972379670209427,-0.3049192833683499,-0.1955327968256585
4,ridge,129,-2.0750947622744027,-1.3146008376438292,-0.9953457098149114
4,ridge,130,-1.0182570943528446,-2.0750947622744027,-1.573548916336776
4,ridge,131,-1.686432395934986,-1.0182570943528446,-1.1989425133112546
4,ridge,132,-0.6289445049017878,-0.4264075735274715,-0.3527478905003625
4,ridge,133,-0.9372741145539878,-0.6289445049017878,-0.4634492176044438
4,ridge,134,-1.174136680010438,-1.1216455854137366,-1.0619711625155435
4,ridge,135,-1.4666418537597024,-1.174136680010438,-1.0311341888564316
4,ridge,136,-1.3242832946376852,0.0938708990728386,-0.10480645798359703
4,ridge,137,-1.5022682656054835,-1.3242832946376852,-0.8472997337058821
4,ridge,138,-0.8705648648005698,-1.5022682656054835,-1.2972367578660688
4,ridge,139,0.7400906280278653,1.121351495370916,0.6537882504097625
4,ridge,140,0.654453699181843,0.7400906280278653,0.8151463828160151
4,ridge,141,-0.1976666085487299,0.3698916152300947,0.11913882678628418
4,ridge,142,0.0908449947113352,-0.1976666085487299,-0.06510463947898129
4,ridge,143,0.0305226651040482,0.0908449947113352,0.013601078907585676
4,ridge,148,-1.3487141219378498,-1.02713690909755,-0.7938522386745288
4,ridge,149,0.1374516463068169,0.6570161126555077,0.777145701190309
4,ridge,150,0.202103065676377,0.1374516463068169,0.25630373665888356
4,ridge,151,-0.2015360233711758,-0.4932511065904756,-0.30468860980529805
4,modules,0,0.6116326395382733,-0.4504030133944717,-0.4191403336892675
4,modules,1,0.1067370865318391,0.6116326395382733,0.39571222672945494
4,modules,2,-0.261193598666243,0.1067370865318391,0.18989488166143892
4,modules,3,2.4144634380924805,2.4946177508289744,2.3157004520223268
4,modules,4,2.3384565210514165,2.4144634380924805,2.1728850530225228
4,modules,5,2.142429885421522,2.3384565210514165,2.135567357051109
4,modules,9,-0.3041753996191846,-0.2066099241111632,0.0009166070605258758
4,modules,10,0.7876561401416651,-0.3041753996191846,-0.2062689244217485
4,modules,11,-0.3703095684160239,0.7876561401416651,0.5243507141261677
4,modules,12,0.6438672959292111,0.610911377198771,0.48434162870582087
4,modules,13,0.62754440432601,0.6438672959292111,0.6251995592981834
4,modules,14,0.9415288133402951,0.62754440432601,0.6251022844771201
4,modules,15,1.050274494875409,0.7887190933621955,0.7303770953508417
4,modules,16,1.785753445804249,1.050274494875409,0.8724185009541093
4,modules,17,1.7380717408508202,1.785753445804249,1.4086678428052144
4,modules,20,-1.1380684302902553,-0.0577466966640707,-0.15316615317937204
4,modules,21,-0.3433108041409721,-1.1380684302902553,-0.8416244020953568
4,modules,22,0.892395289782526,0.7814191124842783,0.6090046932723011
4,modules,23,0.3774188244143537,0.892395289782526,0.6906751912621221
4,modules,24,1.1517426838111386,0.8975687414161525,0.7915831340602104
4,modules,25,0.7122964052378559,1.1517426838111386,1.0028160117838583
4,modules,28,-1.2012343119671889,-1.02545484974498,-0.7555279116733522
4,modules,29,-1.009804070147737,-1.2012343119671889,-1.1641303262364362
4,modules,30,-0.3255975416769178,0.512291959908129,0.5587524266984036
4,modules,31,0.461132325868765,-0.3255975416769178,-0.08352574489311418
4,modules,32,0.4694973859916777,0.461132325868765,0.2041518769753209
4,modules,33,1.3745844177590525,-0.2149207847645218,-0.03857336990907101
4,modules,34,2.0739224148112583,1.3745844177590525,0.9527503043388649
4,modules,35,-0.550938302065396,2.0739224148112583,1.6832978819720386
4,modules,36,-0.7934024608195256,-0.7061745225342527,-0.7626927723633866
4,modules,37,-0.4960029181634747,-0.7934024608195256,-0.7150298250099101
4,modules,38,-0.9597248059861876,-0.4960029181634747,-0.41539567930007343
4,modules,39,-0.3509337748744712,0.1757612872989631,0.2332188706121199
4,modules,40,0.1843818994879982,-0.3509337748744712,-0.20622419101555056
4,modules,41,-0.1408624872243573,0.1843818994879982,0.1570624111187946
4,modules,42,-0.65350354818587,-0.7579558283264543,-0.6697314206562202
4,modules,43,0.2107046343901106,-0.65350354818587,-0.7181230266638275
4,modules,44,-0.1966589754426593,-0.1866538676181263,0.0668927867603199
4,modules,45,-0.3251681275818637,-0.1966589754426593,-0.0017673637202984538
4,modules,46,0.0295624777466975,-0.3251681275818637,-0.16533614435291707
4,modules,47,1.724585531924668,2.209238517698501,1.8443616418369522
4,modules,48,1.2323961468821114,1.724585531924668,1.447052099674128
4,modules,49,1.025050170041269,1.3835229084821905,1.1226038102981106
4,modules,50,1.5005571207157546,1.025050170041269,0.9385647719793304
4,modules,51,1.7492258930598834,1.5005571207157546,1.2191564100968657
4,modules,52,-0.7895645979933071,-0.8877626217425981,-0.8613051089657634
4,modules,53,-0.9578213126549534,-0.7895645979933071,-0.7663756640985497
4,modules,54,-0.5325875192903377,-0.5589371519609682,-0.5488501984477479
4,modules,55,-0.8680971047390661,-0.5325875192903377,-0.46691601652154524
4,modules,64,1.033351882139557,0.3504724637717409,0.4227652255411658
4,modules,65,0.3007195592807174,1.033351882139557,0.5316892168169697
4,modules,66,-0.3409563732477521,0.3007195592807174,0.25559539310303747
4,modules,67,1.101908192557661,1.4790865427560669,1.427727621164886
4,modules,68,-0.8043471897432948,-1.3283294892991726,-1.1140722612696563
4,modules,69,-1.2118169361825972,-0.8043471897432948,-0.8375857591307169
4,modules,70,-0.7089075813065131,-1.2118169361825972,-1.028916361727691
4,modules,71,-1.8754173316819984,-1.805143895323138,-1.5985665030553073
4,modules,72,-1.2855303343198847,-1.8754173316819984,-1.7138662288072308
4,modules,73,-1.4249995841988894,-1.2855303343198847,-1.2818542213429815
4,modules,74,0.0625495771146984,0.80539144000152,0.6990526059565152
4,modules,75,1.375247166925748,0.0625495771146984,0.057294430307291484
4,modules,76,0.156465147126764,1.375247166925748,1.0525971481250642
4,modules,77,-0.9398411724656698,-0.3076038774183288,-0.3704095267567272
4,modules,78,-0.6331295863344595,-0.9398411724656698,-0.7985474382935811
4,modules,79,-0.061732790259735,-0.6331295863344595,-0.6112755060934932
4,modules,80,-0.2420896083371362,-0.7692964865887463,-0.8534097300903614
4,modules,81,0.8896252034077237,-0.2420896083371362,-0.2893790895709417
4,modules,82,0.6084906838142132,0.8896252034077237,0.4973931704182594
4,modules,85,-0.1080065792234753,-0.1510116783494123,-0.17069069502289677
4,modules,86,-0.1564703912318762,-0.1080065792234753,-0.2575985145042792
4,modules,87,0.0233726342179215,0.2760891693170517,0.33728428878268085
4,modules,88,0.0763730809708341,0.0233726342179215,0.017738804977845326
4,modules,89,1.9957221539126777,0.3602680843517436,0.3682474404373907
4,modules,90,2.070155447072442,1.9957221539126777,1.4957190785067933
4,modules,91,1.2763188722502448,2.070155447072442,1.6212522705568697
4,modules,92,-1.2057178344168982,-1.0583016164152983,-0.7831333833732883
4,modules,93,-0.6049098991030266,-1.2057178344168982,-1.045446838716637
4,modules,94,-0.3961136247965749,-0.6049098991030266,-0.6678111534638624
4,modules,98,-0.489156761034155,-0.7758743784831366,-0.6681901337717167
4,modules,99,0.5742185829581683,1.2920037277124166,1.240893750551318
4,modules,100,1.1480967238167208,0.5742185829581683,0.7007931303782488
4,modules,101,-1.2103104677308392,-1.0284175281963124,-0.9471520369112761
4,modules,105,0.5205298036920906,0.3024095950719552,0.30991258802125804
4,modules,106,0.4942069225081063,0.5205298036920906,0.3706860166517215
4,modules,107,0.8976956804531514,0.4942069225081063,0.43520683931048804
4,modules,108,1.5704014461127696,0.1360269046228293,0.06967811662436127
4,modules,109,0.3531760170338199,1.5704014461127696,1.1145840598551053
4,modules,110,1.2629827161483518,0.3531760170338199,0.4996599739325715
4,modules,111,1.0672209912072166,1.2629827161483518,0.9493019370344595
4,modules,112,-0.9860136278773668,-0.7556439832346447,-0.8281146488198905
4,modules,113,-0.8596080287296173,-0.9860136278773668,-0.8509421643589704
4,modules,114,0.1777263968231431,-0.8596080287296173,-0.8134237736333113
4,modules,115,0.3333669753421296,-0.1321043572333651,0.1565354979493817
4,modules,118,-0.2708611880766274,0.3340865357344708,0.24298582998146634
4,modules,119,0.1262248468806129,0.2858265104426795,0.23235187399552057
4,modules,121,-1.8285146215632253,-2.537868862994413,-2.4224798166910047
4,modules,122,-2.451383723506761,-1.8285146215632253,-1.7953303706084547
4,modules,124,-1.555953039895999,-0.6074143202199637,-0.4643147667996199
4,modules,125,0.7618081378148834,0.3834931545726119,0.6006367325637344
4,modules,126,-0.8568831224170497,0.7618081378148834,0.719285194026441
4,modules,127,0.4408983585938055,0.7139305556350181,0.7412636874689478
4,modules,128,-0.1972379670209427,-0.3049192833683499,-0.1655572763939622
4,modules,129,-2.0750947622744027,-1.3146008376438292,-0.9959648666741077
4,modules,130,-1.0182570943528446,-2.0750947622744027,-1.714851712138781
4,modules,131,-1.686432395934986,-1.0182570943528446,-1.048718389921363
4,modules,132,-0.6289445049017878,-0.4264075735274715,-0.3749429159236089
4,modules,133,-0.9372741145539878,-0.6289445049017878,-0.44313174664598387
4,modules,134,-1.174136680010438,-1.1216455854137366,-1.0365579992260288
4,modules,135,-1.4666418537597024,-1.174136680010438,-1.0597710722500593
4,modules,136,-1.3242832946376852,0.0938708990728386,-0.04880521540545363
4,modules,137,-1.5022682656054835,-1.3242832946376852,-1.0196560860079396
4,modules,138,-0.8705648648005698,-1.5022682656054835,-1.2740918301297708
4,modules,139,0.7400906280278653,1.121351495370916,0.776794489766998
4,modules,140,0.654453699181843,0.7400906280278653,0.8037251708236716
4,modules,141,-0.1976666085487299,0.3698916152300947,0.1656977674104659
4,modules,142,0.0908449947113352,-0.1976666085487299,-0.12688206150006942
4,modules,143,0.0305226651040482,0.0908449947113352,-0.1863366078896266
4,modules,148,-1.3487141219378498,-1.02713690909755,-0.8680334842151873
4,modules,149,0.1374516463068169,0.6570161126555077,0.6944345529713505
4,modules,150,0.202103065676377,0.1374516463068169,0.1424328888250209
4,modules,151,-0.2015360233711758,-0.4932511065904756,-0.41641575099148703
