outer_fold,family,history,dynamics,alpha,mae
0,0,1,0,0.001,0.45450581511765487
0,0,1,0,0.0031622776601683794,0.45450512457691705
0,0,1,0,0.01,0.4545029411494028
0,0,1,0,0.03162277660168379,0.4544960390846855
0,0,1,0,0.1,0.4544742382009637
0,0,1,0,0.31622776601683794,0.4544055503594203
0,0,1,0,1.0,0.45419083494323376
0,0,1,0,3.1622776601683795,0.4535358359013981
0,0,1,0,10.0,0.45168966392990734
0,0,1,0,31.622776601683793,0.44909236386695595
0,0,1,0,100.0,0.4485220286712963
0,0,1,0,316.2277660168379,0.45179702349871875
0,0,1,0,1000.0,0.45451569768269184
0,1,1,1,0.001,0.4213538643789968
0,1,1,1,0.0031622776601683794,0.42135334474246755
0,1,1,1,0.01,0.4213517015756434
0,1,1,1,0.03162277660168379,0.42134650610772
0,1,1,1,0.1,0.42133008341927924
0,1,1,1,0.31622776601683794,0.4212847944686994
0,1,1,1,1.0,0.4211564331885534
0,1,1,1,3.1622776601683795,0.4207897676950102
0,1,1,1,10.0,0.42013346035250787
0,1,1,1,31.622776601683793,0.41955562715421324
0,1,1,1,100.0,0.4207258748062633
0,1,1,1,316.2277660168379,0.43430873446407
0,1,1,1,1000.0,0.4469712906083475
0,2,1,3,0.001,0.4292888657889068
0,2,1,3,0.0031622776601683794,0.429287265963085
0,2,1,3,0.01,0.4292822105623855
0,2,1,3,0.03162277660168379,0.42926626076288593
0,2,1,3,0.1,0.4292161863130546
0,2,1,3,0.31622776601683794,0.4290613309183939
0,2,1,3,1.0,0.4286027126547725
0,2,1,3,3.1622776601683795,0.4273773715783447
0,2,1,3,10.0,0.42497083472993086
0,2,1,3,31.622776601683793,0.42150449997031997
0,2,1,3,100.0,0.419634513736941
0,2,1,3,316.2277660168379,0.4261290251945215
0,2,1,3,1000.0,0.4414858947427141
0,3,2,0,0.001,0.42135354487329046
0,3,2,0,0.0031622776601683794,0.4213523344463058
0,3,2,0,0.01,0.4213485074345142
0,3,2,0,0.03162277660168379,0.4213364123018002
0,3,2,0,0.1,0.4213151976997493
0,3,2,0,0.31622776601683794,0.4212519290866548
0,3,2,0,1.0,0.4210505734441101
0,3,2,0,3.1622776601683795,0.4211539545624696
0,3,2,0,10.0,0.4226637141742947
0,3,2,0,31.622776601683793,0.4294561107155795
0,3,2,0,100.0,0.4424017395118856
0,3,2,0,316.2277660168379,0.4505681490993118
0,3,2,0,1000.0,0.45427380493588587
0,4,2,1,0.001,0.4213538120695791
0,4,2,1,0.0031622776601683794,0.4213531793366086
0,4,2,1,0.01,0.42135117862681076
0,4,2,1,0.03162277660168379,0.42134485350179984
0,4,2,1,0.1,0.42132486843310724
0,4,2,1,0.31622776601683794,0.42126837837390685
0,4,2,1,1.0,0.4211055984865673
0,4,2,1,3.1622776601683795,0.4206043099971491
0,4,2,1,10.0,0.41973033263867576
0,4,2,1,31.622776601683793,0.41875210241130423
0,4,2,1,100.0,0.42001952236238527
0,4,2,1,316.2277660168379,0.4337935133549203
0,4,2,1,1000.0,0.44681077106237577
0,5,2,3,0.001,0.42928891534377706
0,5,2,3,0.0031622776601683794,0.42928742259651603
0,5,2,3,0.01,0.4292827051536677
0,5,2,3,0.03162277660168379,0.42926781756339183
0,5,2,3,0.1,0.4292210381463313
0,5,2,3,0.31622776601683794,0.4290759960949293
0,5,2,3,1.0,0.4286432450977927
0,5,2,3,3.1622776601683795,0.42746654559690067
0,5,2,3,10.0,0.42509698295817594
0,5,2,3,31.622776601683793,0.42160285742427406
0,5,2,3,100.0,0.41971160356620785
0,5,2,3,316.2277660168379,0.42601080036876326
0,5,2,3,1000.0,0.44137729647425794
1,0,1,0,0.001,0.4924875750127285
1,0,1,0,0.0031622776601683794,0.4924865125776149
1,0,1,0,0.01,0.49248315321070785
1,0,1,0,0.03162277660168379,0.49247253343773995
1,0,1,0,0.1,0.49243898550771226
1,0,1,0,0.31622776601683794,0.49233324382463595
1,0,1,0,1.0,0.49200228294477166
1,0,1,0,3.1622776601683795,0.49098876414165604
1,0,1,0,10.0,0.48824732893678313
1,0,1,0,31.622776601683793,0.48440451800174944
1,0,1,0,100.0,0.4810561661994762
1,0,1,0,316.2277660168379,0.479424358611335
1,0,1,0,1000.0,0.47986956673161113
1,1,1,1,0.001,0.4690232447300028
1,1,1,1,0.0031622776601683794,0.46902244994292464
1,1,1,1,0.01,0.4690199368468567
1,1,1,1,0.03162277660168379,0.46901199215205025
1,1,1,1,0.1,0.46898689292355267
1,1,1,1,0.31622776601683794,0.46890776242818005
1,1,1,1,1.0,0.46865990745476027
1,1,1,1,3.1622776601683795,0.4678991410183017
1,1,1,1,10.0,0.4658709190562408
1,1,1,1,31.622776601683793,0.4632266020691703
1,1,1,1,100.0,0.46371618827731215
1,1,1,1,316.2277660168379,0.46853516910907234
1,1,1,1,1000.0,0.4751706188804749
1,2,1,3,0.001,0.502383160339143
1,2,1,3,0.0031622776601683794,0.5023804759995432
1,2,1,3,0.01,0.5023719905442993
1,2,1,3,0.03162277660168379,0.5023451888289712
1,2,1,3,0.1,0.5022607487012771
1,2,1,3,0.31622776601683794,0.501996801721314
1,2,1,3,1.0,0.5011908879359829
1,2,1,3,3.1622776601683795,0.49887836536233565
1,2,1,3,10.0,0.4936419473845504
1,2,1,3,31.622776601683793,0.4839757417481721
1,2,1,3,100.0,0.473374635223374
1,2,1,3,316.2277660168379,0.4673511265272449
1,2,1,3,1000.0,0.47259141673571003
1,3,2,0,0.001,0.46902295335211486
1,3,2,0,0.0031622776601683794,0.46902152863666824
1,3,2,0,0.01,0.469017024535465
1,3,2,0,0.03162277660168379,0.46900279374735787
1,3,2,0,0.1,0.46895791585320873
1,3,2,0,0.31622776601683794,0.46881722212322774
1,3,2,0,1.0,0.4683840681444619
1,3,2,0,3.1622776601683795,0.467374043506665
1,3,2,0,10.0,0.4673557521806892
1,3,2,0,31.622776601683793,0.47166178810048065
1,3,2,0,100.0,0.4771436712989804
1,3,2,0,316.2277660168379,0.4792344779827778
1,3,2,0,1000.0,0.4799753186805032
1,4,2,1,0.001,0.4690232740608236
1,4,2,1,0.0031622776601683794,0.46902254269101423
1,4,2,1,0.01,0.46902023010097244
1,4,2,1,0.03162277660168379,0.46901291909220316
1,4,2,1,0.1,0.4689898200633046
1,4,2,1,0.31622776601683794,0.4689169780054059
1,4,2,1,1.0,0.46868864654345493
1,4,2,1,3.1622776601683795,0.46798615494125295
1,4,2,1,10.0,0.46596280749451474
1,4,2,1,31.622776601683793,0.4633023639373854
1,4,2,1,100.0,0.4637464194035373
1,4,2,1,316.2277660168379,0.4687311860777636
1,4,2,1,1000.0,0.4753327464851776
1,5,2,3,0.001,0.5023832070749016
1,5,2,3,0.0031622776601683794,0.5023806237916785
1,5,2,3,0.01,0.5023724579107313
1,5,2,3,0.03162277660168379,0.502346666830775
1,5,2,3,0.1,0.5022654229242317
1,5,2,3,0.31622776601683794,0.5020115802032169
1,5,2,3,1.0,0.5012374411926834
1,5,2,3,3.1622776601683795,0.49902151241265064
1,5,2,3,10.0,0.4941118280959859
1,5,2,3,31.622776601683793,0.4845870488277419
1,5,2,3,100.0,0.4739272239512827
1,5,2,3,316.2277660168379,0.4675549293222438
1,5,2,3,1000.0,0.4727953194964613
2,0,1,0,0.001,0.448495587682733
2,0,1,0,0.0031622776601683794,0.4484951164188542
2,0,1,0,0.01,0.44849362631698153
2,0,1,0,0.03162277660168379,0.4484889158541261
2,0,1,0,0.1,0.4484740365730379
2,0,1,0,0.31622776601683794,0.4484271486375804
2,0,1,0,1.0,0.4482897921436571
2,0,1,0,3.1622776601683795,0.44791329575522626
2,0,1,0,10.0,0.4470367427710259
2,0,1,0,31.622776601683793,0.44538992144256856
2,0,1,0,100.0,0.4440047634176523
2,0,1,0,316.2277660168379,0.4464196787175825
2,0,1,0,1000.0,0.4488990803247661
2,1,1,1,0.001,0.4210798304783574
2,1,1,1,0.0031622776601683794,0.42107939201110095
2,1,1,1,0.01,0.4210780055668568
2,1,1,1,0.03162277660168379,0.4210736223545725
2,1,1,1,0.1,0.42105977250508286
2,1,1,1,0.31622776601683794,0.42101608600053314
2,1,1,1,1.0,0.4208790339125959
2,1,1,1,3.1622776601683795,0.4205382473859585
2,1,1,1,10.0,0.4196664977148468
2,1,1,1,31.622776601683793,0.4185979036511055
2,1,1,1,100.0,0.41908609471091657
2,1,1,1,316.2277660168379,0.4311662128466569
2,1,1,1,1000.0,0.4425697718409984
2,2,1,3,0.001,0.4292508863892296
2,2,1,3,0.0031622776601683794,0.42924906878616637
2,2,1,3,0.01,0.4292433254325917
2,2,1,3,0.03162277660168379,0.4292252073089551
2,2,1,3,0.1,0.4291683471768041
2,2,1,3,0.31622776601683794,0.4289927273518566
2,2,1,3,1.0,0.4284748615552851
2,2,1,3,3.1622776601683795,0.42711300903837224
2,2,1,3,10.0,0.4249382268223672
2,2,1,3,31.622776601683793,0.4213439878288773
2,2,1,3,100.0,0.42015197918099445
2,2,1,3,316.2277660168379,0.4255687684464513
2,2,1,3,1000.0,0.43873371123121213
2,3,2,0,0.001,0.4210788002403323
2,3,2,0,0.0031622776601683794,0.4210761346998943
2,3,2,0,0.01,0.4210677109153164
2,3,2,0,0.03162277660168379,0.42104112639322794
2,3,2,0,0.1,0.42095759321201004
2,3,2,0,0.31622776601683794,0.420754957368381
2,3,2,0,1.0,0.4202711577784747
2,3,2,0,3.1622776601683795,0.41956660354263997
2,3,2,0,10.0,0.4197082373338475
2,3,2,0,31.622776601683793,0.42988987676703416
2,3,2,0,100.0,0.4404416675238492
2,3,2,0,316.2277660168379,0.4461474322091149
2,3,2,0,1000.0,0.4489159445207604
2,4,2,1,0.001,0.42107982799833926
2,4,2,1,0.0031622776601683794,0.4210793841690659
2,4,2,1,0.01,0.4210779807728714
2,4,2,1,0.03162277660168379,0.42107354399614144
2,4,2,1,0.1,0.4210595251832226
2,4,2,1,0.31622776601683794,0.42101530855847275
2,4,2,1,1.0,0.4208766209492795
2,4,2,1,3.1622776601683795,0.42052819558381327
2,4,2,1,10.0,0.41963345774855976
2,4,2,1,31.622776601683793,0.4184634237644861
2,4,2,1,100.0,0.4191020232156819
2,4,2,1,316.2277660168379,0.43124099405092303
2,4,2,1,1000.0,0.442617560424645
2,5,2,3,0.001,0.4292509476387606
2,5,2,3,0.0031622776601683794,0.4292492623784624
2,5,2,3,0.01,0.42924393666949456
2,5,2,3,0.03162277660168379,0.42922713070277346
2,5,2,3,0.1,0.4291743359652193
2,5,2,3,0.31622776601683794,0.42901077708699376
2,5,2,3,1.0,0.4285243234441498
2,5,2,3,3.1622776601683795,0.4272255988112653
2,5,2,3,10.0,0.4250376364545788
2,5,2,3,31.622776601683793,0.4213705933683295
2,5,2,3,100.0,0.4202576232972662
2,5,2,3,316.2277660168379,0.42575705967323224
2,5,2,3,1000.0,0.43878416782298335
3,0,1,0,0.001,0.598053525325095
3,0,1,0,0.0031622776601683794,0.5980517675221559
3,0,1,0,0.01,0.5980462094421352
3,0,1,0,0.03162277660168379,0.5980286390572357
3,0,1,0,0.1,0.5979731346299529
3,0,1,0,0.31622776601683794,0.5977981922405244
3,0,1,0,1.0,0.5972506915607139
3,0,1,0,3.1622776601683795,0.5955745326555216
3,0,1,0,10.0,0.5910308114676659
3,0,1,0,31.622776601683793,0.5808305869413292
3,0,1,0,100.0,0.5664993754804357
3,0,1,0,316.2277660168379,0.5605167565518488
3,0,1,0,1000.0,0.5613087508848613
3,1,1,1,0.001,0.5348696145030286
3,1,1,1,0.0031622776601683794,0.5348679165354365
3,1,1,1,0.01,0.5348625474757216
3,1,1,1,0.03162277660168379,0.5348455728701906
3,1,1,1,0.1,0.5347919329550278
3,1,1,1,0.31622776601683794,0.534622693024835
3,1,1,1,1.0,0.5341273954377704
3,1,1,1,3.1622776601683795,0.5328052412348318
3,1,1,1,10.0,0.5294646675971394
3,1,1,1,31.622776601683793,0.5241435546394333
3,1,1,1,100.0,0.5240068734608879
3,1,1,1,316.2277660168379,0.5368632486099892
3,1,1,1,1000.0,0.5518974894817832
3,2,1,3,0.001,0.5469944082545654
3,2,1,3,0.0031622776601683794,0.546988965502833
3,2,1,3,0.01,0.5469717753781436
3,2,1,3,0.03162277660168379,0.5469176279869719
3,2,1,3,0.1,0.5467484896599469
3,2,1,3,0.31622776601683794,0.546233490159544
3,2,1,3,1.0,0.5447752992560629
3,2,1,3,3.1622776601683795,0.5412874767396185
3,2,1,3,10.0,0.5347004225641138
3,2,1,3,31.622776601683793,0.5238262381897482
3,2,1,3,100.0,0.5149317008654674
3,2,1,3,316.2277660168379,0.5236862213962407
3,2,1,3,1000.0,0.5430504455224453
3,3,2,0,0.001,0.5348680459884809
3,3,2,0,0.0031622776601683794,0.5348629570426608
3,3,2,0,0.01,0.5348468700373874
3,3,2,0,0.03162277660168379,0.5347960549268517
3,3,2,0,0.1,0.534635925676307
3,3,2,0,0.31622776601683794,0.5342341678892819
3,3,2,0,1.0,0.533151421747136
3,3,2,0,3.1622776601683795,0.5316437149758866
3,3,2,0,10.0,0.5314749662846961
3,3,2,0,31.622776601683793,0.540301935405762
3,3,2,0,100.0,0.5527056613819554
3,3,2,0,316.2277660168379,0.5585474480018772
3,3,2,0,1000.0,0.5610887770401044
3,4,2,1,0.001,0.5348695737236218
3,4,2,1,0.0031622776601683794,0.5348677875907532
3,4,2,1,0.01,0.5348621398280419
3,4,2,1,0.03162277660168379,0.5348442848862638
3,4,2,1,0.1,0.5347878710762399
3,4,2,1,0.31622776601683794,0.5346099581905516
3,4,2,1,1.0,0.5340521340904003
3,4,2,1,3.1622776601683795,0.5325782391857468
3,4,2,1,10.0,0.5288737012608643
3,4,2,1,31.622776601683793,0.522103479906095
3,4,2,1,100.0,0.5220757082311699
3,4,2,1,316.2277660168379,0.5362950319323552
3,4,2,1,1000.0,0.5519689834800838
3,5,2,3,0.001,0.5469948315505389
3,5,2,3,0.0031622776601683794,0.5469903033721558
3,5,2,3,0.01,0.5469759990057879
3,5,2,3,0.03162277660168379,0.5469309138486496
3,5,2,3,0.1,0.5467898128121181
3,5,2,3,0.31622776601683794,0.5463576711807472
3,5,2,3,1.0,0.5451138485430894
3,5,2,3,3.1622776601683795,0.5420242127947036
3,5,2,3,10.0,0.5358395806624555
3,5,2,3,31.622776601683793,0.5251000975691362
3,5,2,3,100.0,0.5156134741333054
3,5,2,3,316.2277660168379,0.5240497236448317
3,5,2,3,1000.0,0.5431812336752003
4,0,1,0,0.001,0.49075242155836185
4,0,1,0,0.0031622776601683794,0.49075194284368034
4,0,1,0,0.01,0.49075042920279277
4,0,1,0,0.03162277660168379,0.4907456445277935
4,0,1,0,0.1,0.4907305328096736
4,0,1,0,0.31622776601683794,0.4906829321041484
4,0,1,0,1.0,0.4905342484158714
4,0,1,0,3.1622776601683795,0.4900817567808771
4,0,1,0,10.0,0.48880705322931645
4,0,1,0,31.622776601683793,0.4860225655183885
4,0,1,0,100.0,0.4849335355468399
4,0,1,0,316.2277660168379,0.48772765548256386
4,0,1,0,1000.0,0.4900882656458099
4,1,1,1,0.001,0.45624721976342675
4,1,1,1,0.0031622776601683794,0.4562468524327515
4,1,1,1,0.01,0.4562456909680768
4,1,1,1,0.03162277660168379,0.4562420194629241
4,1,1,1,0.1,0.4562304228148595
4,1,1,1,0.31622776601683794,0.4561938872040283
4,1,1,1,1.0,0.45607969803315856
4,1,1,1,3.1622776601683795,0.45573159111304506
4,1,1,1,10.0,0.45474715316801756
4,1,1,1,31.622776601683793,0.4527197069375175
4,1,1,1,100.0,0.4577601349803735
4,1,1,1,316.2277660168379,0.4732779117354833
4,1,1,1,1000.0,0.4845963090867351
4,2,1,3,0.001,0.46630208808015416
4,2,1,3,0.0031622776601683794,0.4663000281152894
4,2,1,3,0.01,0.4662935196446873
4,2,1,3,0.03162277660168379,0.466272994930931
4,2,1,3,0.1,0.4662086518254404
4,2,1,3,0.31622776601683794,0.46601058443266224
4,2,1,3,1.0,0.46543226674394866
4,2,1,3,3.1622776601683795,0.4639487502614517
4,2,1,3,10.0,0.4619326050889241
4,2,1,3,31.622776601683793,0.45852757332392424
4,2,1,3,100.0,0.4574157470874792
4,2,1,3,316.2277660168379,0.4681421825992384
4,2,1,3,1000.0,0.4818840421518926
4,3,2,0,0.001,0.4562476249444007
4,3,2,0,0.0031622776601683794,0.45624813357028227
4,3,2,0,0.01,0.45624974070932234
4,3,2,0,0.03162277660168379,0.45625481017987474
4,3,2,0,0.1,0.45627071448009354
4,3,2,0,0.31622776601683794,0.45631976294346466
4,3,2,0,1.0,0.45646308536690705
4,3,2,0,3.1622776601683795,0.4568165712172847
4,3,2,0,10.0,0.4597978742177456
4,3,2,0,31.622776601683793,0.47303681463016795
4,3,2,0,100.0,0.48311781985201296
4,3,2,0,316.2277660168379,0.488082950439767
4,3,2,0,1000.0,0.49030988289357597
4,4,2,1,0.001,0.4562472342511625
4,4,2,1,0.0031622776601683794,0.45624689824668857
4,4,2,1,0.01,0.4562458358414072
4,4,2,1,0.03162277660168379,0.4562424775619641
4,4,2,1,0.1,0.45623187114268937
4,4,2,1,0.31622776601683794,0.4561984640718016
4,4,2,1,1.0,0.45609413800079307
4,4,2,1,3.1622776601683795,0.45577686661892186
4,4,2,1,10.0,0.4548851997784818
4,4,2,1,31.622776601683793,0.4530822877440224
4,4,2,1,100.0,0.4585433418452143
4,4,2,1,316.2277660168379,0.47376208358194644
4,4,2,1,1000.0,0.4845932028410245
4,5,2,3,0.001,0.4663022425515956
4,5,2,3,0.0031622776601683794,0.4663005164233803
4,5,2,3,0.01,0.4662950620781222
4,5,2,3,0.03162277660168379,0.46627785529342636
4,5,2,3,0.1,0.4662238518247362
4,5,2,3,0.31622776601683794,0.46605703093952366
4,5,2,3,1.0,0.46556508279422115
4,5,2,3,3.1622776601683795,0.4642734183576342
4,5,2,3,10.0,0.4624864569316971
4,5,2,3,31.622776601683793,0.45952409189322196
4,5,2,3,100.0,0.4576137669852195
4,5,2,3,316.2277660168379,0.46873813447535917
4,5,2,3,1000.0,0.4817474743882302
