participant_id,sample_t1,sample_t2,sample_t3,time_t1,time_t2,time_t3,dt12,dt23,score_t1,score_t2,score_t3,target_next_state,observed_three_state_t3,ridge_delta_base_pred_next_HI_score,ridge_delta_base_pred_three_state,observed_next_HI_score,predicted_next_HI_score,observed_minus_predicted,absolute_error,observed_state_label,predicted_state_label
C3001,CSM5FZ3N,CSM5FZ4C,CSM5MCVV,0.0,8.0,16.0,8.0,8.0,-0.0662806238460732,-0.0880064217299814,0.3433039220421384,HI_intermediate_state,HI_intermediate_state,-0.0489175111131907,HI_intermediate_state,0.3433039220421384,-0.0489175111131907,0.3922214331553291,0.3922214331553291,Intermediate,Intermediate
C3001,CSM5FZ4C,CSM5MCVV,CSM67UA2,8.0,16.0,28.0,8.0,12.0,-0.0880064217299814,0.3433039220421384,-0.0707196973322844,HI_intermediate_state,HI_intermediate_state,0.2778931128667868,HI_intermediate_state,-0.0707196973322844,0.2778931128667868,-0.3486128101990712,0.3486128101990712,Intermediate,Intermediate
C3001,CSM5MCVV,CSM67UA2,CSM79HMZ,16.0,28.0,46.0,12.0,18.0,0.3433039220421384,-0.0707196973322844,-0.2554539295406798,HI_intermediate_state,HI_intermediate_state,0.072213318263754,HI_intermediate_state,-0.2554539295406798,0.072213318263754,-0.3276672478044338,0.3276672478044338,Intermediate,Intermediate
C3002,CSM5FZ3T,CSM5FZ44,CSM5MCVN,0.0,8.0,16.0,8.0,8.0,2.9771485425667747,2.4988059310248096,2.626345832411357,HI_high_state,HI_high_state,2.409134078100345,HI_high_state,2.626345832411357,2.409134078100345,0.2172117543110117,0.2172117543110117,High,High
C3002,CSM5FZ44,CSM5MCVN,CSM67UBN,8.0,16.0,32.0,8.0,16.0,2.4988059310248096,2.626345832411357,2.458130364573807,HI_high_state,HI_high_state,2.370039938857451,HI_high_state,2.458130364573807,2.370039938857451,0.08809042571635572,0.08809042571635572,High,High
C3002,CSM5MCVN,CSM67UBN,CSM79HK1,16.0,32.0,41.0,16.0,9.0,2.626345832411357,2.458130364573807,2.2238848258048525,HI_high_state,HI_high_state,2.2695336755557944,HI_high_state,2.2238848258048525,2.2695336755557944,-0.04564884975094197,0.04564884975094197,High,High
C3003,CSM5FZ48,CSM5FZ4K,CSM5MCYK,0.0,7.0,18.0,7.0,11.0,0.409622651558264,0.8168099956376383,0.9533255230703124,HI_high_state,HI_high_state,0.6005086313194472,HI_high_state,0.9533255230703124,0.6005086313194472,0.35281689175086517,0.35281689175086517,High,High
C3003,CSM5FZ4K,CSM5MCYK,CSM67UBZ,7.0,18.0,26.0,11.0,8.0,0.8168099956376383,0.9533255230703124,1.804926098018779,HI_high_state,HI_high_state,0.8304029086771177,HI_high_state,1.804926098018779,0.8304029086771177,0.9745231893416612,0.9745231893416612,High,High
C3003,CSM5MCYK,CSM67UBZ,CSM79HLM,18.0,26.0,38.0,8.0,12.0,0.9533255230703124,1.804926098018779,1.5668118460924565,HI_high_state,HI_high_state,1.410242001854635,HI_high_state,1.5668118460924565,1.410242001854635,0.1565698442378214,0.1565698442378214,High,High
C3004,CSM5FZ4A,CSM5MCUC,CSM5MCXL,0.0,8.0,16.0,8.0,8.0,0.4703791403428092,-0.2450101624585909,-0.2271715258475561,HI_intermediate_state,HI_intermediate_state,-0.0046511282388167,HI_intermediate_state,-0.2271715258475561,-0.0046511282388167,-0.2225203976087394,0.2225203976087394,Intermediate,Intermediate
C3004,CSM5MCUC,CSM5MCXL,CSM67UDN,8.0,16.0,28.0,8.0,12.0,-0.2450101624585909,-0.2271715258475561,0.6503600588091822,HI_high_state,HI_high_state,-0.2675501224617048,HI_intermediate_state,0.6503600588091822,-0.2675501224617048,0.917910181270887,0.917910181270887,High,Intermediate
C3004,CSM5MCXL,CSM67UDN,CSM79HLA,16.0,28.0,36.0,12.0,8.0,-0.2271715258475561,0.6503600588091822,-0.1592681817675094,HI_intermediate_state,HI_intermediate_state,0.3759914031301191,HI_intermediate_state,-0.1592681817675094,0.3759914031301191,-0.5352595848976285,0.5352595848976285,Intermediate,Intermediate
C3005,CSM5FZ4O,CSM5MCUU,CSM5MCY8,0.0,5.0,15.0,5.0,10.0,-0.0460482963115119,0.7204941177659321,0.7006489285582466,HI_high_state,HI_high_state,0.4310561986568341,HI_intermediate_state,0.7006489285582466,0.4310561986568341,0.2695927299014125,0.2695927299014125,High,Intermediate
C3005,CSM5MCUU,CSM5MCY8,CSM67UEA,5.0,15.0,27.0,10.0,12.0,0.7204941177659321,0.7006489285582466,0.6149198260912165,HI_high_state,HI_high_state,0.6144613463600711,HI_high_state,0.6149198260912165,0.6144613463600711,0.0004584797311454336,0.0004584797311454336,High,High
C3005,CSM5MCY8,CSM67UEA,CSM67UEI,15.0,27.0,36.0,12.0,9.0,0.7006489285582466,0.6149198260912165,1.2249661003458054,HI_high_state,HI_high_state,0.5543536165435466,HI_high_state,1.2249661003458054,0.5543536165435466,0.6706124838022588,0.6706124838022588,High,High
C3006,CSM5MCTZ,CSM5MCUM,CSM5MCX3,0.0,8.0,15.0,8.0,7.0,1.748719198228693,1.2362558936830597,1.788262277923941,HI_high_state,HI_high_state,1.2786986422069408,HI_high_state,1.788262277923941,1.2786986422069408,0.5095636357170001,0.5095636357170001,High,High
C3006,CSM5MCUM,CSM5MCX3,CSM67UFZ,8.0,15.0,25.0,7.0,10.0,1.2362558936830597,1.788262277923941,2.729742971147766,HI_high_state,HI_high_state,1.5310324403948148,HI_high_state,2.729742971147766,1.5310324403948148,1.1987105307529513,1.1987105307529513,High,High
C3006,CSM5MCX3,CSM67UFZ,CSM79HMN,15.0,25.0,35.0,10.0,10.0,1.788262277923941,2.729742971147766,2.3843421862172227,HI_high_state,HI_high_state,2.376410356757221,HI_high_state,2.3843421862172227,2.376410356757221,0.007931829460001705,0.007931829460001705,High,High
C3009,CSM5MCVH,CSM67UAA,CSM79HI7,0.0,16.0,30.0,16.0,14.0,-0.082020467057529,0.5818875916271888,0.1844519951832977,HI_intermediate_state,HI_intermediate_state,0.3321610936737055,HI_intermediate_state,0.1844519951832977,0.3321610936737055,-0.1477090984904078,0.1477090984904078,Intermediate,Intermediate
C3009,CSM67UAA,CSM79HI7,CSM7KOJO,16.0,30.0,46.0,14.0,16.0,0.5818875916271888,0.1844519951832977,0.4976518458302105,HI_high_state,HI_high_state,0.2172487484395724,HI_intermediate_state,0.4976518458302105,0.2172487484395724,0.28040309739063807,0.28040309739063807,High,Intermediate
C3010,CSM5MCWK,CSM5MCXZ,CSM67UCK,0.0,7.0,16.0,7.0,9.0,-1.1717313772663611,-0.9545587920890052,-1.1021696716376734,HI_low_state,HI_low_state,-1.0004848527282637,HI_low_state,-1.1021696716376734,-1.0004848527282637,-0.10168481890940972,0.10168481890940972,Low,Low
C3010,CSM5MCXZ,CSM67UCK,CSM7KOLE,7.0,16.0,45.0,9.0,29.0,-0.9545587920890052,-1.1021696716376734,-0.7384588787510632,HI_low_state,HI_low_state,-1.1448610957514582,HI_low_state,-0.7384588787510632,-1.1448610957514582,0.406402217000395,0.406402217000395,Low,Low
C3011,CSM5MCXB,CSM5MCYO,CSM67UEW,0.0,6.0,14.0,6.0,8.0,0.0901634426760076,0.43784599484175,0.2136303666162199,HI_intermediate_state,HI_intermediate_state,0.2233676000187162,HI_intermediate_state,0.2136303666162199,0.2233676000187162,-0.009737233402496298,0.009737233402496298,Intermediate,Intermediate
C3011,CSM5MCYO,CSM67UEW,CSM7KOMT,6.0,14.0,41.0,8.0,27.0,0.43784599484175,0.2136303666162199,-0.2220268453116747,HI_intermediate_state,HI_intermediate_state,0.3690067355901194,HI_intermediate_state,-0.2220268453116747,0.3690067355901194,-0.591033580901794,0.591033580901794,Intermediate,Intermediate
C3012,CSM5MCXF,CSM5MCZF,CSM67UGO,0.0,6.0,16.0,6.0,10.0,0.5038435087610593,0.4681230861823829,0.3623229826615776,HI_intermediate_state,HI_intermediate_state,0.4459660930616867,HI_intermediate_state,0.3623229826615776,0.4459660930616867,-0.08364311040010913,0.08364311040010913,Intermediate,Intermediate
C3012,CSM5MCZF,CSM67UGO,CSM7KON8,6.0,16.0,46.0,10.0,30.0,0.4681230861823829,0.3623229826615776,0.4511848566304576,HI_high_state,HI_intermediate_state,0.3627844028940974,HI_intermediate_state,0.4511848566304576,0.3627844028940974,0.08840045373636018,0.08840045373636018,Intermediate,Intermediate
C3013,CSM5MCYU,CSM67U9P,CSM79HGH,0.0,8.0,17.0,8.0,9.0,-0.3491572209191808,0.4736523210150734,-0.1965572101217951,HI_intermediate_state,HI_intermediate_state,0.140370628600576,HI_intermediate_state,-0.1965572101217951,0.140370628600576,-0.3369278387223711,0.3369278387223711,Intermediate,Intermediate
C3013,CSM67U9P,CSM79HGH,CSM7KONS,8.0,17.0,36.0,9.0,19.0,0.4736523210150734,-0.1965572101217951,-0.1889126860582393,HI_intermediate_state,HI_intermediate_state,0.0120382460482916,HI_intermediate_state,-0.1889126860582393,0.0120382460482916,-0.2009509321065309,0.2009509321065309,Intermediate,Intermediate
C3015,CSM67U9T,CSM67UAQ,CSM7KOPI,0.0,8.0,38.0,8.0,30.0,-0.1781242968001973,-0.8753034939741068,-1.0272757345027794,HI_low_state,HI_low_state,-0.6630168302870365,HI_low_state,-1.0272757345027794,-0.6630168302870365,-0.3642589042157429,0.3642589042157429,Low,Low
C3015,CSM67UAQ,CSM7KOPI,CSM7KOPQ,8.0,38.0,46.0,30.0,8.0,-0.8753034939741068,-1.0272757345027794,-0.8558318577963644,HI_low_state,HI_low_state,-1.1101819172238911,HI_low_state,-0.8558318577963644,-1.1101819172238911,0.25435005942752675,0.25435005942752675,Low,Low
C3016,CSM67U9V,CSM67UB1,CSM79HIT,0.0,8.0,16.0,8.0,8.0,0.5711892452546903,0.3136016208088708,-0.4135250422368208,HI_intermediate_state,HI_intermediate_state,0.469126262888458,HI_intermediate_state,-0.4135250422368208,0.469126262888458,-0.8826513051252788,0.8826513051252788,Intermediate,Intermediate
C3016,CSM67UB1,CSM79HIT,CSM7KOPS,8.0,16.0,36.0,8.0,20.0,0.3136016208088708,-0.4135250422368208,1.2791900549800783,HI_high_state,HI_high_state,-0.2381829978565245,HI_intermediate_state,1.2791900549800783,-0.2381829978565245,1.5173730528366027,1.5173730528366027,High,Intermediate
C3016,CSM79HIT,CSM7KOPS,CSM7KOQ3,16.0,36.0,46.0,20.0,10.0,-0.4135250422368208,1.2791900549800783,0.7521759185603388,HI_high_state,HI_high_state,0.8014928348953547,HI_high_state,0.7521759185603388,0.8014928348953547,-0.04931691633501589,0.04931691633501589,High,High
C3017,CSM67U9X,CSM67UBB,CSM79HJ6,0.0,9.0,16.0,9.0,7.0,0.6268699278874078,-0.4556218929303035,0.7425936944264443,HI_high_state,HI_high_state,-0.0750759613526685,HI_intermediate_state,0.7425936944264443,-0.0750759613526685,0.8176696557791128,0.8176696557791128,High,Intermediate
C3017,CSM67UBB,CSM79HJ6,CSM7KOQZ,9.0,16.0,38.0,7.0,22.0,-0.4556218929303035,0.7425936944264443,0.9234861324095244,HI_high_state,HI_high_state,0.209303095625333,HI_intermediate_state,0.9234861324095244,0.209303095625333,0.7141830367841914,0.7141830367841914,High,Intermediate
C3017,CSM79HJ6,CSM7KOQZ,CSM7KOR8,16.0,38.0,46.0,22.0,8.0,0.7425936944264443,0.9234861324095244,-0.5961286130580464,HI_low_state,HI_low_state,0.7851949292080784,HI_high_state,-0.5961286130580464,0.7851949292080784,-1.381323542266125,1.381323542266125,Low,High
C3022,CSM67UH7,CSM79HGZ,CSM7KOOH,0.0,10.0,26.0,10.0,16.0,-1.4296027153029158,-0.6995648666230153,-1.021917174426349,HI_low_state,HI_low_state,-0.8966921053639677,HI_low_state,-1.021917174426349,-0.8966921053639677,-0.1252250690623814,0.1252250690623814,Low,Low
C3022,CSM79HGZ,CSM7KOOH,CSM7KOOR,10.0,26.0,36.0,16.0,10.0,-0.6995648666230153,-1.021917174426349,-0.5462993124244566,HI_low_state,HI_low_state,-0.9928239932416464,HI_low_state,-0.5462993124244566,-0.9928239932416464,0.44652468081718977,0.44652468081718977,Low,Low
C3022,CSM7KOOH,CSM7KOOR,CSMAG78W,26.0,36.0,46.0,10.0,10.0,-1.021917174426349,-0.5462993124244566,-0.7549692831360414,HI_low_state,HI_low_state,-0.6971775442277264,HI_low_state,-0.7549692831360414,-0.6971775442277264,-0.057791738908315016,0.057791738908315016,Low,Low
C3023,CSM79HG4,CSM79HH8,CSM7KONC,0.0,8.0,26.0,8.0,18.0,0.1535557890394693,0.5891103533608268,0.0678977237608616,HI_intermediate_state,HI_intermediate_state,0.3950923478281025,HI_intermediate_state,0.0678977237608616,0.3950923478281025,-0.32719462406724087,0.32719462406724087,Intermediate,Intermediate
C3023,CSM79HH8,CSM7KONC,CSM7KONK,8.0,26.0,34.0,18.0,8.0,0.5891103533608268,0.0678977237608616,0.7590308697250658,HI_high_state,HI_high_state,0.136086257549428,HI_intermediate_state,0.7590308697250658,0.136086257549428,0.6229446121756379,0.6229446121756379,High,Intermediate
C3023,CSM7KONC,CSM7KONK,CSM7KOTK,26.0,34.0,46.0,8.0,12.0,0.0678977237608616,0.7590308697250658,0.1148982573632436,HI_intermediate_state,HI_intermediate_state,0.5229159364138225,HI_high_state,0.1148982573632436,0.5229159364138225,-0.4080176790505789,0.4080176790505789,Intermediate,High
C3027,CSM79HJM,CSM79HJS,CSM7KOOV,2.0,8.0,26.0,6.0,18.0,-0.5194966640117482,-0.4014324646878831,-0.3979174547732196,HI_intermediate_state,HI_intermediate_state,-0.4763215514357926,HI_low_state,-0.3979174547732196,-0.4763215514357926,0.07840409666257298,0.07840409666257298,Intermediate,Low
C3027,CSM79HJS,CSM7KOOV,CSMA9J65,8.0,26.0,38.0,18.0,12.0,-0.4014324646878831,-0.3979174547732196,0.1120522480506222,HI_intermediate_state,HI_intermediate_state,-0.4473655164013819,HI_intermediate_state,0.1120522480506222,-0.4473655164013819,0.5594177644520041,0.5594177644520041,Intermediate,Intermediate
C3032,CSM7KOP8,CSM7KOPC,CSM7KOU9,4.0,8.0,14.0,4.0,6.0,-0.4882580329500449,-0.6075825267875011,-0.7347557431707039,HI_low_state,HI_low_state,-0.6377763368547569,HI_low_state,-0.7347557431707039,-0.6377763368547569,-0.09697940631594704,0.09697940631594704,Low,Low
C3032,CSM7KOPC,CSM7KOU9,CSM7KOUF,8.0,14.0,20.0,6.0,6.0,-0.6075825267875011,-0.7347557431707039,-0.8282878330897392,HI_low_state,HI_low_state,-0.7038734170494074,HI_low_state,-0.8282878330897392,-0.7038734170494074,-0.12441441604033177,0.12441441604033177,Low,Low
C3032,CSM7KOU9,CSM7KOUF,CSM9X22G,14.0,20.0,37.0,6.0,17.0,-0.7347557431707039,-0.8282878330897392,-0.6077495639716922,HI_low_state,HI_low_state,-0.8108331462233043,HI_low_state,-0.6077495639716922,-0.8108331462233043,0.20308358225161205,0.20308358225161205,Low,Low
C3034,CSM79HQR,CSM7KORU,CSM9X1XW,0.0,8.0,16.0,8.0,8.0,1.2332593937510177,1.9221139717239908,1.7785174263231822,HI_high_state,HI_high_state,1.6462832282112816,HI_high_state,1.7785174263231822,1.6462832282112816,0.13223419811190062,0.13223419811190062,High,High
C3034,CSM7KORU,CSM9X1XW,CSM9X21P,8.0,16.0,40.0,8.0,24.0,1.9221139717239908,1.7785174263231822,1.0935599693400333,HI_high_state,HI_high_state,1.6452134881144378,HI_high_state,1.0935599693400333,1.6452134881144378,-0.5516535187744045,0.5516535187744045,High,High
E5004,ESM5MEEG,ESM5GEZ6,ESM5MEBU,0.0,5.0,15.0,5.0,10.0,1.042991090526604,0.8642394228025381,0.8785880000002216,HI_high_state,HI_high_state,0.8528135070399004,HI_high_state,0.8785880000002216,0.8528135070399004,0.025774492960321194,0.025774492960321194,High,High
E5004,ESM5GEZ6,ESM5MEBU,ESM5MEC5,5.0,15.0,26.0,10.0,11.0,0.8642394228025381,0.8785880000002216,0.9301627757699716,HI_high_state,HI_high_state,0.7946261243626369,HI_high_state,0.9301627757699716,0.7946261243626369,0.13553665140733473,0.13553665140733473,High,High
E5004,ESM5MEBU,ESM5MEC5,ESM718SY,15.0,26.0,39.0,11.0,13.0,0.8785880000002216,0.9301627757699716,0.9174795237119292,HI_high_state,HI_high_state,0.8209096980699415,HI_high_state,0.9174795237119292,0.8209096980699415,0.09656982564198768,0.09656982564198768,High,High
E5009,ESM5MEDN,ESM5MEDD,ESM718UH,2.0,9.0,15.0,7.0,6.0,-1.051961246869758,-1.330198677673091,-0.8953035148359388,HI_low_state,HI_low_state,-1.1838239755512727,HI_low_state,-0.8953035148359388,-1.1838239755512727,0.2885204607153339,0.2885204607153339,Low,Low
E5009,ESM5MEDD,ESM718UH,ESM9IEP5,9.0,15.0,42.0,6.0,27.0,-1.330198677673091,-0.8953035148359388,-1.2571986548574972,HI_low_state,HI_low_state,-1.0532468129705186,HI_low_state,-1.2571986548574972,-1.0532468129705186,-0.20395184188697857,0.20395184188697857,Low,Low
E5013,ESM5MEB9,ESM718V8,ESM718TM,0.0,7.0,16.0,7.0,9.0,-0.695425097245674,-0.7398931053291499,-0.6145692642834215,HI_low_state,HI_low_state,-0.7156634304355591,HI_low_state,-0.6145692642834215,-0.7156634304355591,0.10109416615213762,0.10109416615213762,Low,Low
E5013,ESM718V8,ESM718TM,ESM9IEP1,7.0,16.0,39.0,9.0,23.0,-0.7398931053291499,-0.6145692642834215,-1.077990673943954,HI_low_state,HI_low_state,-0.7031382190827506,HI_low_state,-1.077990673943954,-0.7031382190827506,-0.37485245486120333,0.37485245486120333,Low,Low
H4001,HSM5FZBJ,HSM5MD7W,HSM5MD5K,0.0,11.0,15.0,11.0,4.0,0.0853960331274843,-0.2250087073399472,0.1978017437317112,HI_intermediate_state,HI_intermediate_state,-0.0773564888545107,HI_intermediate_state,0.1978017437317112,-0.0773564888545107,0.2751582325862219,0.2751582325862219,Intermediate,Intermediate
H4001,HSM5MD7W,HSM5MD5K,HSM5MD7H,11.0,15.0,25.0,4.0,10.0,-0.2250087073399472,0.1978017437317112,-0.4587278336054858,HI_intermediate_state,HI_low_state,0.1241853527920234,HI_intermediate_state,-0.4587278336054858,0.1241853527920234,-0.5829131863975092,0.5829131863975092,Low,Intermediate
H4001,HSM5MD5K,HSM5MD7H,HSM5MD79,15.0,25.0,33.0,10.0,8.0,0.1978017437317112,-0.4587278336054858,-0.1132571321600637,HI_intermediate_state,HI_intermediate_state,-0.2523551879061789,HI_intermediate_state,-0.1132571321600637,-0.2523551879061789,0.1390980557461152,0.1390980557461152,Intermediate,Intermediate
H4001,HSM5MD7H,HSM5MD79,HSM67VEA,25.0,33.0,46.0,8.0,13.0,-0.4587278336054858,-0.1132571321600637,-0.3989186966561091,HI_intermediate_state,HI_intermediate_state,-0.134089499153346,HI_intermediate_state,-0.3989186966561091,-0.134089499153346,-0.26482919750276307,0.26482919750276307,Intermediate,Intermediate
H4004,HSM5MD4S,HSM5MD4W,HSM5MD5P,0.0,4.0,16.0,4.0,12.0,0.0079495881678621,-0.0443823505907075,-0.4139066240967468,HI_intermediate_state,HI_intermediate_state,0.0053298990895215,HI_intermediate_state,-0.4139066240967468,0.0053298990895215,-0.41923652318626825,0.41923652318626825,Intermediate,Intermediate
H4004,HSM5MD4W,HSM5MD5P,HSM6XRSG,4.0,16.0,24.0,12.0,8.0,-0.0443823505907075,-0.4139066240967468,0.3196411672111752,HI_intermediate_state,HI_intermediate_state,-0.2762080569672636,HI_intermediate_state,0.3196411672111752,-0.2762080569672636,0.5958492241784388,0.5958492241784388,Intermediate,Intermediate
H4004,HSM5MD5P,HSM6XRSG,HSM7CYZT,16.0,24.0,36.0,8.0,12.0,-0.4139066240967468,0.3196411672111752,-0.25224165632022,HI_intermediate_state,HI_intermediate_state,0.1056226616955554,HI_intermediate_state,-0.25224165632022,0.1056226616955554,-0.3578643180157754,0.3578643180157754,Intermediate,Intermediate
H4004,HSM6XRSG,HSM7CYZT,HSM7CZ14,24.0,36.0,46.0,12.0,10.0,0.3196411672111752,-0.25224165632022,-0.332524905741116,HI_intermediate_state,HI_intermediate_state,-0.0827099172495312,HI_intermediate_state,-0.332524905741116,-0.0827099172495312,-0.2498149884915848,0.2498149884915848,Intermediate,Intermediate
H4006,HSM5MD86,HSM5MD4A,HSM5MD7O,0.0,6.0,16.0,6.0,10.0,0.3572527961654784,0.1135116477658744,0.7468633788556585,HI_high_state,HI_high_state,0.2195217522576141,HI_intermediate_state,0.7468633788556585,0.2195217522576141,0.5273416265980444,0.5273416265980444,High,Intermediate
H4006,HSM5MD4A,HSM5MD7O,HSM67VEE,6.0,16.0,26.0,10.0,10.0,0.1135116477658744,0.7468633788556585,0.2064911810640611,HI_intermediate_state,HI_intermediate_state,0.4678461150141287,HI_intermediate_state,0.2064911810640611,0.4678461150141287,-0.2613549339500676,0.2613549339500676,Intermediate,Intermediate
H4006,HSM5MD7O,HSM67VEE,HSM7CYX2,16.0,26.0,36.0,10.0,10.0,0.7468633788556585,0.2064911810640611,-0.3504617876807961,HI_intermediate_state,HI_intermediate_state,0.3859005584368516,HI_intermediate_state,-0.3504617876807961,0.3859005584368516,-0.7363623461176477,0.7363623461176477,Intermediate,Intermediate
H4007,HSM5MD4Q,HSM5MD4O,HSM6XRSN,4.0,9.0,16.0,5.0,7.0,2.0636267960956123,1.7294009813602726,1.087227511301701,HI_high_state,HI_high_state,1.7400895038098407,HI_high_state,1.087227511301701,1.7400895038098407,-0.6528619925081398,0.6528619925081398,High,High
H4008,HSM5MD8A,HSM5MD5D,HSM6XRSZ,0.0,8.0,16.0,8.0,8.0,-0.5074981699313276,-1.536880172088301,-1.2117939614044264,HI_low_state,HI_low_state,-1.119997194434862,HI_low_state,-1.2117939614044264,-1.119997194434862,-0.09179676696956451,0.09179676696956451,Low,Low
H4008,HSM5MD5D,HSM6XRSZ,HSM67VFZ,8.0,16.0,26.0,8.0,10.0,-1.536880172088301,-1.2117939614044264,-1.6694758928237747,HI_low_state,HI_low_state,-1.2881098132960749,HI_low_state,-1.6694758928237747,-1.2881098132960749,-0.38136607952769985,0.38136607952769985,Low,Low
H4008,HSM6XRSZ,HSM67VFZ,HSM7CZ2P,16.0,26.0,45.0,10.0,19.0,-1.2117939614044264,-1.6694758928237747,-1.1344773316561625,HI_low_state,HI_low_state,-1.5274363662845365,HI_low_state,-1.1344773316561625,-1.5274363662845365,0.392959034628374,0.392959034628374,Low,Low
H4009,HSM5MD82,HSM5MD8B,HSM6XRTC,0.0,7.0,15.0,7.0,8.0,-1.3130727851713515,-1.3614909272580984,-1.3815767465017357,HI_low_state,HI_low_state,-1.299714463296178,HI_low_state,-1.3815767465017357,-1.299714463296178,-0.08186228320555777,0.08186228320555777,Low,Low
H4009,HSM5MD8B,HSM6XRTC,HSM67VGA,7.0,15.0,23.0,8.0,8.0,-1.3614909272580984,-1.3815767465017357,-1.069088724904112,HI_low_state,HI_low_state,-1.3364070434872382,HI_low_state,-1.069088724904112,-1.3364070434872382,0.26731831858312605,0.26731831858312605,Low,Low
H4009,HSM6XRTC,HSM67VGA,HSM7CYYZ,15.0,23.0,46.0,8.0,23.0,-1.3815767465017357,-1.069088724904112,-1.184666264723628,HI_low_state,HI_low_state,-1.1979815231166289,HI_low_state,-1.184666264723628,-1.1979815231166289,0.013315258393000962,0.013315258393000962,Low,Low
H4010,HSM5MD87,HSM5MD43,HSM5MD3Y,0.0,6.0,11.0,6.0,5.0,0.2689572003276578,0.3438156380627072,-0.3054893528497427,HI_intermediate_state,HI_intermediate_state,0.3303014459166433,HI_intermediate_state,-0.3054893528497427,0.3303014459166433,-0.635790798766386,0.635790798766386,Intermediate,Intermediate
H4010,HSM5MD43,HSM5MD3Y,HSM6XRTM,6.0,11.0,22.0,5.0,11.0,0.3438156380627072,-0.3054893528497427,0.8248186565475392,HI_high_state,HI_high_state,-0.0022589235125448,HI_intermediate_state,0.8248186565475392,-0.0022589235125448,0.8270775800600839,0.8270775800600839,High,Intermediate
H4010,HSM5MD3Y,HSM6XRTM,HSM67VH1,11.0,22.0,47.0,11.0,25.0,-0.3054893528497427,0.8248186565475392,-0.3185426532363495,HI_intermediate_state,HI_intermediate_state,0.508334986710901,HI_high_state,-0.3185426532363495,0.508334986710901,-0.8268776399472506,0.8268776399472506,Intermediate,High
H4013,HSM5MD6K,HSM6XRRJ,HSM6XRVC,7.0,15.0,25.0,8.0,10.0,-0.5438646759392383,-0.2131545991952233,-0.7839436203230079,HI_low_state,HI_low_state,-0.2411651083553921,HI_intermediate_state,-0.7839436203230079,-0.2411651083553921,-0.5427785119676158,0.5427785119676158,Low,Intermediate
H4013,HSM6XRRJ,HSM6XRVC,HSM6XRVK,15.0,25.0,31.0,10.0,6.0,-0.2131545991952233,-0.7839436203230079,-0.6782907276401533,HI_low_state,HI_low_state,-0.6188240910156421,HI_low_state,-0.6782907276401533,-0.6188240910156421,-0.05946663662451124,0.05946663662451124,Low,Low
H4013,HSM6XRVC,HSM6XRVK,HSM7J4R2,25.0,31.0,41.0,6.0,10.0,-0.7839436203230079,-0.6782907276401533,-0.4242335111865131,HI_intermediate_state,HI_intermediate_state,-0.6788749558055531,HI_low_state,-0.4242335111865131,-0.6788749558055531,0.25464144461904004,0.25464144461904004,Intermediate,Low
H4014,HSM5MD3L,HSM5MD6A,HSM6XRRV,0.0,8.0,16.0,8.0,8.0,-1.0814944562567492,-0.2518874211630733,0.4936843422828088,HI_high_state,HI_high_state,-0.5011860442322706,HI_low_state,0.4936843422828088,-0.5011860442322706,0.9948703865150794,0.9948703865150794,High,Low
H4014,HSM5MD6A,HSM6XRRV,HSM6XRVO,8.0,16.0,27.0,8.0,11.0,-0.2518874211630733,0.4936843422828088,0.8773220571569322,HI_high_state,HI_high_state,0.1743189269912736,HI_intermediate_state,0.8773220571569322,0.1743189269912736,0.7030031301656586,0.7030031301656586,High,Intermediate
H4014,HSM6XRRV,HSM6XRVO,HSM7J4QT,16.0,27.0,50.0,11.0,23.0,0.4936843422828088,0.8773220571569322,1.3203613614152072,HI_high_state,HI_high_state,0.6367199322384564,HI_high_state,1.3203613614152072,0.6367199322384564,0.6836414291767509,0.6836414291767509,High,High
H4015,HSM5MD62,HSM5MD73,HSM7CYZ7,2.0,8.0,26.0,6.0,18.0,0.352594196745917,0.1734460761936484,-0.0107113258657362,HI_intermediate_state,HI_intermediate_state,0.175910071895735,HI_intermediate_state,-0.0107113258657362,0.175910071895735,-0.18662139776147119,0.18662139776147119,Intermediate,Intermediate
H4015,HSM5MD73,HSM7CYZ7,HSM7J4QJ,8.0,26.0,44.0,18.0,18.0,0.1734460761936484,-0.0107113258657362,0.2398953838190682,HI_intermediate_state,HI_intermediate_state,-0.0714901809736652,HI_intermediate_state,0.2398953838190682,-0.0714901809736652,0.3113855647927334,0.3113855647927334,Intermediate,Intermediate
H4016,HSM5MD6U,HSM67VF3,HSM7J4I3,8.0,15.0,35.0,7.0,20.0,-0.2098545857768183,0.0572682589390316,0.2561179732747754,HI_intermediate_state,HI_intermediate_state,-0.0518425661210447,HI_intermediate_state,0.2561179732747754,-0.0518425661210447,0.30796053939582013,0.30796053939582013,Intermediate,Intermediate
H4016,HSM67VF3,HSM7J4I3,HSM7J4KQ,15.0,35.0,47.0,20.0,12.0,0.0572682589390316,0.2561179732747754,0.0237902642145107,HI_intermediate_state,HI_intermediate_state,0.1161591079087656,HI_intermediate_state,0.0237902642145107,0.1161591079087656,-0.09236884369425491,0.09236884369425491,Intermediate,Intermediate
H4018,HSM6XRQC,HSM67VFR,HSM7J4LD,0.0,18.0,36.0,18.0,18.0,0.4931089634204356,0.4150733369977921,0.0998223658404455,HI_intermediate_state,HI_intermediate_state,0.369579239959415,HI_intermediate_state,0.0998223658404455,0.369579239959415,-0.2697568741189695,0.2697568741189695,Intermediate,Intermediate
H4018,HSM67VFR,HSM7J4LD,HSM7J4LN,18.0,36.0,46.0,18.0,10.0,0.4150733369977921,0.0998223658404455,-0.0744420457671089,HI_intermediate_state,HI_intermediate_state,0.2892925556590687,HI_intermediate_state,-0.0744420457671089,0.2892925556590687,-0.3637346014261776,0.3637346014261776,Intermediate,Intermediate
H4019,HSM6XRQE,HSM6XRRD,HSM6XRV2,0.0,10.0,16.0,10.0,6.0,0.6923241970943984,0.1891879976422284,1.7616323742740134,HI_high_state,HI_high_state,0.3057831120611421,HI_intermediate_state,1.7616323742740134,0.3057831120611421,1.4558492622128714,1.4558492622128714,High,Intermediate
H4019,HSM6XRRD,HSM6XRV2,HSM7J4M4,10.0,16.0,37.0,6.0,21.0,0.1891879976422284,1.7616323742740134,1.5609678903673734,HI_high_state,HI_high_state,1.1511036463622712,HI_high_state,1.5609678903673734,1.1511036463622712,0.40986424400510213,0.40986424400510213,High,High
H4019,HSM6XRV2,HSM7J4M4,HSM7J4ME,16.0,37.0,46.0,21.0,9.0,1.7616323742740134,1.5609678903673734,0.93454908126935,HI_high_state,HI_high_state,1.3916617168459733,HI_high_state,0.93454908126935,1.3916617168459733,-0.4571126355766233,0.4571126355766233,High,High
H4022,HSM67VDX,HSM67VES,HSM7CYZJ,0.0,6.0,14.0,6.0,8.0,-0.7786711381087369,-1.4344869753175056,-1.5608463294864057,HI_low_state,HI_low_state,-1.1165499822928049,HI_low_state,-1.5608463294864057,-1.1165499822928049,-0.4442963471936008,0.4442963471936008,Low,Low
H4022,HSM67VES,HSM7CYZJ,HSM7J4G1,6.0,14.0,28.0,8.0,14.0,-1.4344869753175056,-1.5608463294864057,-1.2649877355864092,HI_low_state,HI_low_state,-1.4940937150702691,HI_low_state,-1.2649877355864092,-1.4940937150702691,0.2291059794838599,0.2291059794838599,Low,Low
H4022,HSM7CYZJ,HSM7J4G1,HSM7J4IU,14.0,28.0,36.0,14.0,8.0,-1.5608463294864057,-1.2649877355864092,-1.1413108174511326,HI_low_state,HI_low_state,-1.3268957264537649,HI_low_state,-1.1413108174511326,-1.3268957264537649,0.18558490900263225,0.18558490900263225,Low,Low
H4023,HSM67VDR,HSM6XRQ8,HSM7J4HC,0.0,9.0,24.0,9.0,15.0,-0.5671544528079571,-0.3150405072675331,-0.9182225169557968,HI_low_state,HI_low_state,-0.2454901082058938,HI_intermediate_state,-0.9182225169557968,-0.2454901082058938,-0.672732408749903,0.672732408749903,Low,Intermediate
H4023,HSM6XRQ8,HSM7J4HC,HSM7J4KC,9.0,24.0,35.0,15.0,11.0,-0.3150405072675331,-0.9182225169557968,-0.4869226109459901,HI_intermediate_state,HI_low_state,-0.8139806625029401,HI_low_state,-0.4869226109459901,-0.8139806625029401,0.32705805155695,0.32705805155695,Low,Low
H4023,HSM7J4HC,HSM7J4KC,HSM7J4KK,24.0,35.0,43.0,11.0,8.0,-0.9182225169557968,-0.4869226109459901,-1.5599744116957506,HI_low_state,HI_low_state,-0.412596592911357,HI_intermediate_state,-1.5599744116957506,-0.412596592911357,-1.1473778187843937,1.1473778187843937,Low,Intermediate
H4024,HSM67VI5,HSM7J4O1,HSM7J4O3,3.0,38.0,40.0,35.0,2.0,-1.096605083394936,-1.1847158659291304,-1.0596251069426432,HI_low_state,HI_low_state,-1.2836554687946928,HI_low_state,-1.0596251069426432,-1.2836554687946928,0.2240303618520496,0.2240303618520496,Low,Low
H4027,HSM7J4GR,HSM7J4NE,HSMA33O1,17.0,25.0,35.0,8.0,10.0,1.1707297604102358,1.0263116015075626,0.58410039390408,HI_high_state,HI_high_state,0.9737838150768698,HI_high_state,0.58410039390408,0.9737838150768698,-0.38968342117278987,0.38968342117278987,High,High
H4027,HSM7J4NE,HSMA33O1,HSMA33O5,25.0,35.0,40.0,10.0,5.0,1.0263116015075626,0.58410039390408,1.3695555735511906,HI_high_state,HI_high_state,0.6272129576583549,HI_high_state,1.3695555735511906,0.6272129576583549,0.7423426158928357,0.7423426158928357,High,High
H4031,HSM7CZ3G,HSM7J4MK,HSM7J4OE,8.0,16.0,26.0,8.0,10.0,-1.0126218280717003,-1.071279758421092,-1.2773280396602305,HI_low_state,HI_low_state,-1.0458789474075234,HI_low_state,-1.2773280396602305,-1.0458789474075234,-0.23144909225270704,0.23144909225270704,Low,Low
H4035,HSM7J4HS,HSM7J4JZ,HSM7J4K8,8.0,12.0,20.0,4.0,8.0,1.9561346560070687,2.1059515018503583,0.6328859479686386,HI_high_state,HI_high_state,1.9245372557527,HI_high_state,0.6328859479686386,1.9245372557527,-1.2916513077840615,1.2916513077840615,High,High
H4035,HSM7J4JZ,HSM7J4K8,HSMA33OR,12.0,20.0,26.0,8.0,6.0,2.1059515018503583,0.6328859479686386,1.8902836447264868,HI_high_state,HI_high_state,0.8721754435410003,HI_high_state,1.8902836447264868,0.8721754435410003,1.0181082011854865,1.0181082011854865,High,High
H4035,HSM7J4K8,HSMA33OR,HSMA33MI,20.0,26.0,44.0,6.0,18.0,0.6328859479686386,1.8902836447264868,1.913336159072744,HI_high_state,HI_high_state,1.3880872845967405,HI_high_state,1.913336159072744,1.3880872845967405,0.5252488744760035,0.5252488744760035,High,High
M2008,MSM5LLDS,MSM5LLHZ,MSM5LLHQ,10.0,17.0,27.0,7.0,10.0,0.556559424423889,0.6032233583642131,0.6641440194657383,HI_high_state,HI_high_state,0.5159617744145529,HI_high_state,0.6641440194657383,0.5159617744145529,0.14818224505118538,0.14818224505118538,High,High
M2008,MSM5LLHZ,MSM5LLHQ,MSM5LLDA,17.0,27.0,37.0,10.0,10.0,0.6032233583642131,0.6641440194657383,0.538821939078918,HI_high_state,HI_high_state,0.5681508977588021,HI_high_state,0.538821939078918,0.5681508977588021,-0.029328958679884165,0.029328958679884165,High,High
M2008,MSM5LLHQ,MSM5LLDA,MSM6J2LB,27.0,37.0,52.0,10.0,15.0,0.6641440194657383,0.538821939078918,0.9472432013099372,HI_high_state,HI_high_state,0.478014511231821,HI_high_state,0.9472432013099372,0.478014511231821,0.46922869007811624,0.46922869007811624,High,High
M2014,MSM5FZ9X,MSM5FZA2,MSM5LLGH,4.0,8.0,16.0,4.0,8.0,0.162996688345057,0.189332384709377,1.0600138610139265,HI_high_state,HI_high_state,0.1399111936919266,HI_intermediate_state,1.0600138610139265,0.1399111936919266,0.9201026673219999,0.9201026673219999,High,Intermediate
M2014,MSM5FZA2,MSM5LLGH,MSM6J2IQ,8.0,16.0,26.0,8.0,10.0,0.189332384709377,1.0600138610139265,0.4801863166917098,HI_high_state,HI_high_state,0.7310965968092014,HI_high_state,0.4801863166917098,0.7310965968092014,-0.25091028011749156,0.25091028011749156,High,High
M2014,MSM5LLGH,MSM6J2IQ,MSM6J2J1,16.0,26.0,36.0,10.0,10.0,1.0600138610139265,0.4801863166917098,1.02048616904569,HI_high_state,HI_high_state,0.5688167194410941,HI_high_state,1.02048616904569,0.5688167194410941,0.45166944960459576,0.45166944960459576,High,High
M2014,MSM6J2IQ,MSM6J2J1,MSM6J2QZ,26.0,36.0,48.0,10.0,12.0,0.4801863166917098,1.02048616904569,0.8815061467734665,HI_high_state,HI_high_state,0.7862249197663731,HI_high_state,0.8815061467734665,0.7862249197663731,0.0952812270070934,0.0952812270070934,High,High
M2025,MSM5LLIC,MSM5LLHM,MSM6J2J5,0.0,11.0,18.0,11.0,7.0,-1.7432074637228885,-1.5741212350345728,-1.8950417782874347,HI_low_state,HI_low_state,-1.593709240997048,HI_low_state,-1.8950417782874347,-1.593709240997048,-0.3013325372903868,0.3013325372903868,Low,Low
M2025,MSM5LLHM,MSM6J2J5,MSM6J2PE,11.0,18.0,30.0,7.0,12.0,-1.5741212350345728,-1.8950417782874347,-1.435421838648699,HI_low_state,HI_low_state,-1.7372720722174264,HI_low_state,-1.435421838648699,-1.7372720722174264,0.3018502335687274,0.3018502335687274,Low,Low
M2025,MSM6J2J5,MSM6J2PE,MSM6J2PM,18.0,30.0,38.0,12.0,8.0,-1.8950417782874347,-1.435421838648699,-0.6980647072688602,HI_low_state,HI_low_state,-1.5165829555079275,HI_low_state,-0.6980647072688602,-1.5165829555079275,0.8185182482390674,0.8185182482390674,Low,Low
M2026,MSM5LLFK,MSM5LLFO,MSM6J2HF,2.0,6.0,18.0,4.0,12.0,1.2175050308764928,-0.0838758773678564,0.3414005449643597,HI_intermediate_state,HI_intermediate_state,0.6090714612239433,HI_high_state,0.3414005449643597,0.6090714612239433,-0.2676709162595836,0.2676709162595836,Intermediate,High
M2027,MSM5LLIS,MSM5LLH8,MSM6J2KE,0.0,8.0,18.0,8.0,10.0,-0.3372134157027094,-0.7376459130872167,-0.9916037099661232,HI_low_state,HI_low_state,-0.5655604033130411,HI_low_state,-0.9916037099661232,-0.5655604033130411,-0.4260433066530821,0.4260433066530821,Low,Low
M2027,MSM5LLH8,MSM6J2KE,MSM6J2R2,8.0,18.0,26.0,10.0,8.0,-0.7376459130872167,-0.9916037099661232,-0.6997707140147423,HI_low_state,HI_low_state,-0.9032007483494686,HI_low_state,-0.6997707140147423,-0.9032007483494686,0.20343003433472628,0.20343003433472628,Low,Low
M2028,MSM5LLFG,MSM5LLGR,MSM6J2IG,0.0,6.0,17.0,6.0,11.0,-0.426497494471368,-0.2814870399693572,-0.3007775955041217,HI_intermediate_state,HI_intermediate_state,-0.2316225484180812,HI_intermediate_state,-0.3007775955041217,-0.2316225484180812,-0.0691550470860405,0.0691550470860405,Intermediate,Intermediate
M2034,MSM5LLEH,MSM5LLF4,MSM6J2LL,0.0,7.0,17.0,7.0,10.0,0.5032909610738491,0.2486635833200695,-0.0820974447352117,HI_intermediate_state,HI_intermediate_state,0.3698450197983824,HI_intermediate_state,-0.0820974447352117,0.3698450197983824,-0.4519424645335941,0.4519424645335941,Intermediate,Intermediate
M2039,MSM6J2H9,MSM6J2QP,MSM79HAH,0.0,20.0,48.0,20.0,28.0,1.1279882772178529,-0.8770031356336809,-0.8331959787504079,HI_low_state,HI_low_state,-0.4132450565522013,HI_intermediate_state,-0.8331959787504079,-0.4132450565522013,-0.41995092219820657,0.41995092219820657,Low,Intermediate
M2047,MSM6J2PO,MSM79H7Q,MSM79H7Y,0.0,28.0,33.0,28.0,5.0,-1.83096234419121,-2.220221524919637,-1.9534001625824189,HI_low_state,HI_low_state,-2.144463814452462,HI_low_state,-1.9534001625824189,-2.144463814452462,0.19106365187004304,0.19106365187004304,Low,Low
M2047,MSM79H7Q,MSM79H7Y,MSM9VZNL,28.0,33.0,39.0,5.0,6.0,-2.220221524919637,-1.9534001625824189,-2.2294014071011605,HI_low_state,HI_low_state,-1.965618451851789,HI_low_state,-2.2294014071011605,-1.965618451851789,-0.26378295524937156,0.26378295524937156,Low,Low
M2060,MSM79H52,MSM9VZF7,MSM9VZPV,2.0,27.0,40.0,25.0,13.0,-0.8054318758475787,-0.5442427662829292,-0.6173486620070614,HI_low_state,HI_low_state,-0.7487526174208063,HI_low_state,-0.6173486620070614,-0.7487526174208063,0.13140395541374494,0.13140395541374494,Low,Low
M2061,MSM6J2NA,MSM9VZGO,MSM9VZLJ,0.0,30.0,38.0,30.0,8.0,-1.567006097527316,-1.1121141214213242,-1.5638788191376116,HI_low_state,HI_low_state,-1.117229424654914,HI_low_state,-1.5638788191376116,-1.117229424654914,-0.4466493944826977,0.4466493944826977,Low,Low
M2068,MSM79HDQ,MSM9VZEK,MSM9VZES,8.0,15.0,23.0,7.0,8.0,1.159263648353665,0.3532331802206572,0.8930339518634534,HI_high_state,HI_high_state,0.6402076155947867,HI_high_state,0.8930339518634534,0.6402076155947867,0.2528263362686667,0.2528263362686667,High,High
M2068,MSM9VZEK,MSM9VZES,MSMA26AL,15.0,23.0,39.0,8.0,16.0,0.3532331802206572,0.8930339518634534,-0.7439744697738736,HI_low_state,HI_low_state,0.6619010417862874,HI_high_state,-0.7439744697738736,0.6619010417862874,-1.4058755115601609,1.4058755115601609,Low,High
M2069,MSM79HDE,MSM9VZEW,MSM9VZOU,8.0,16.0,28.0,8.0,12.0,1.6411836529295067,1.372543992311445,1.2438006699848134,HI_high_state,HI_high_state,1.306842004908454,HI_high_state,1.2438006699848134,1.306842004908454,-0.0630413349236405,0.0630413349236405,High,High
M2072,MSM79H85,MSM9VZOI,MSM9VZHR,15.0,25.0,43.0,10.0,18.0,-0.2203689339828436,-0.522871454785484,-0.6323894008399816,HI_low_state,HI_low_state,-0.4333083100080047,HI_intermediate_state,-0.6323894008399816,-0.4333083100080047,-0.19908109083197695,0.19908109083197695,Low,Intermediate
M2075,MSM79H8D,MSM79H8J,MSM9VZJZ,0.0,5.0,14.0,5.0,9.0,-0.7807901155758764,-0.897021704959752,-1.3407044722923664,HI_low_state,HI_low_state,-0.827648301483452,HI_low_state,-1.3407044722923664,-0.827648301483452,-0.5130561708089144,0.5130561708089144,Low,Low
M2075,MSM79H8J,MSM9VZJZ,MSM9VZH1,5.0,14.0,28.0,9.0,14.0,-0.897021704959752,-1.3407044722923664,-0.5712350108308494,HI_low_state,HI_low_state,-1.1951943212292853,HI_low_state,-0.5712350108308494,-1.1951943212292853,0.6239593103984359,0.6239593103984359,Low,Low
M2075,MSM9VZJZ,MSM9VZH1,MSMAPC7J,14.0,28.0,37.0,14.0,9.0,-1.3407044722923664,-0.5712350108308494,-0.7119126324565465,HI_low_state,HI_low_state,-0.7672195122532135,HI_low_state,-0.7119126324565465,-0.7672195122532135,0.05530687979666704,0.05530687979666704,Low,Low
M2079,MSM9VZFJ,MSM9VZFR,MSM9VZKE,0.0,8.0,17.0,8.0,9.0,-0.9832509922422776,-0.4249958936237093,-0.9602104278475468,HI_low_state,HI_low_state,-0.4834443734310155,HI_low_state,-0.9602104278475468,-0.4834443734310155,-0.47676605441653136,0.47676605441653136,Low,Low
M2079,MSM9VZFR,MSM9VZKE,MSMA26BR,8.0,17.0,32.0,9.0,15.0,-0.4249958936237093,-0.9602104278475468,-1.2284047170696213,HI_low_state,HI_low_state,-0.8255364193212682,HI_low_state,-1.2284047170696213,-0.8255364193212682,-0.4028682977483531,0.4028682977483531,Low,Low
M2084,MSM9VZMM,MSM9VZMU,MSM9VZL9,0.0,8.0,14.0,8.0,6.0,-0.8049361689157679,-0.999968559286546,-0.9285543382722355,HI_low_state,HI_low_state,-0.9097236515111636,HI_low_state,-0.9285543382722355,-0.9097236515111636,-0.018830686761071913,0.018830686761071913,Low,Low
M2084,MSM9VZMU,MSM9VZL9,MSMA26BB,8.0,14.0,25.0,6.0,11.0,-0.999968559286546,-0.9285543382722355,-1.2451067629457693,HI_low_state,HI_low_state,-0.9394833342992476,HI_low_state,-1.2451067629457693,-0.9394833342992476,-0.3056234286465217,0.3056234286465217,Low,Low
M2085,MSM9VZM4,MSM9VZPL,MSMA26CX,0.0,7.0,26.0,7.0,19.0,-1.0239068823935522,0.1967956044095269,-1.643039887880264,HI_low_state,HI_low_state,0.0627753323480986,HI_intermediate_state,-1.643039887880264,0.0627753323480986,-1.7058152202283625,1.7058152202283625,Low,Intermediate
M2085,MSM9VZPL,MSMA26CX,MSMAPC6G,7.0,26.0,36.0,19.0,10.0,0.1967956044095269,-1.643039887880264,-1.721185184289179,HI_low_state,HI_low_state,-1.1689886925801083,HI_low_state,-1.721185184289179,-1.1689886925801083,-0.5521964917090707,0.5521964917090707,Low,Low
M2085,MSMA26CX,MSMAPC6G,MSMB4LXY,26.0,36.0,40.0,10.0,4.0,-1.643039887880264,-1.721185184289179,-0.6581835999681585,HI_low_state,HI_low_state,-1.6331951861315714,HI_low_state,-0.6581835999681585,-1.6331951861315714,0.975011586163413,0.975011586163413,Low,Low
P6005,PSM6XBQM,PSM6XBQY,PSM6XBSS,0.0,8.0,16.0,8.0,8.0,0.287118484290135,1.2489425559407712,0.8866543089968018,HI_high_state,HI_high_state,0.8915188998232257,HI_high_state,0.8866543089968018,0.8915188998232257,-0.004864590826423987,0.004864590826423987,High,High
P6005,PSM6XBQY,PSM6XBSS,PSM7J136,8.0,16.0,41.0,8.0,25.0,1.2489425559407712,0.8866543089968018,0.9866805692877848,HI_high_state,HI_high_state,0.8676302573425234,HI_high_state,0.9866805692877848,0.8676302573425234,0.11905031194526139,0.11905031194526139,High,High
P6009,PSM6XBRK,PSM6XBS6,PSM7J1CK,0.0,5.0,25.0,5.0,20.0,-0.2745698212735754,0.0535885177479478,-0.1222907646078009,HI_intermediate_state,HI_intermediate_state,-0.0789732404764406,HI_intermediate_state,-0.1222907646078009,-0.0789732404764406,-0.04331752413136031,0.04331752413136031,Intermediate,Intermediate
P6009,PSM6XBS6,PSM7J1CK,PSM7J1CU,5.0,25.0,36.0,20.0,11.0,0.0535885177479478,-0.1222907646078009,0.1532903013578258,HI_intermediate_state,HI_intermediate_state,-0.1568371204217661,HI_intermediate_state,0.1532903013578258,-0.1568371204217661,0.31012742177959185,0.31012742177959185,Intermediate,Intermediate
P6009,PSM7J1CK,PSM7J1CU,PSM7J141,25.0,36.0,44.0,11.0,8.0,-0.1222907646078009,0.1532903013578258,0.0370591277337023,HI_intermediate_state,HI_intermediate_state,0.0812572922215344,HI_intermediate_state,0.0370591277337023,0.0812572922215344,-0.0441981644878321,0.0441981644878321,Intermediate,Intermediate
P6010,PSM6XBSI,PSM6XBSK,PSM6XBUO,2.0,9.0,25.0,7.0,16.0,1.3746971436774684,0.2428033403502075,1.5365005770070232,HI_high_state,HI_high_state,0.7189514225801847,HI_high_state,1.5365005770070232,0.7189514225801847,0.8175491544268385,0.8175491544268385,High,High
P6010,PSM6XBSK,PSM6XBUO,PSM7J14L,9.0,25.0,40.0,16.0,15.0,0.2428033403502075,1.5365005770070232,2.1916890884592672,HI_high_state,HI_high_state,1.1903345906035874,HI_high_state,2.1916890884592672,1.1903345906035874,1.0013544978556799,1.0013544978556799,High,High
P6010,PSM6XBUO,PSM7J14L,PSM7J14T,25.0,40.0,47.0,15.0,7.0,1.5365005770070232,2.1916890884592672,-0.4386423426219734,HI_intermediate_state,HI_intermediate_state,1.938270976638452,HI_high_state,-0.4386423426219734,1.938270976638452,-2.3769133192604253,2.3769133192604253,Intermediate,High
P6016,PSM7J17L,PSM7J158,PSMA265N,16.0,26.0,38.0,10.0,12.0,1.5225848902804868,0.5137367177970952,0.431722679062159,HI_high_state,HI_intermediate_state,0.7475873706629479,HI_high_state,0.431722679062159,0.7475873706629479,-0.3158646916007889,0.3158646916007889,Intermediate,High
P6018,PSM7J17X,PSM7J15M,PSM7J15U,16.0,28.0,36.0,12.0,8.0,-0.1515177343940691,-0.4297390120897575,-0.8323053333017328,HI_low_state,HI_low_state,-0.2983444795498619,HI_intermediate_state,-0.8323053333017328,-0.2983444795498619,-0.533960853751871,0.533960853751871,Low,Intermediate
P6024,PSM7J1BN,PSM7J12J,PSM7J12R,6.0,15.0,23.0,9.0,8.0,1.636573066799612,0.972831207355114,0.4786418723648837,HI_high_state,HI_high_state,1.1054986756974734,HI_high_state,0.4786418723648837,1.1054986756974734,-0.6268568033325896,0.6268568033325896,High,High
P6024,PSM7J12J,PSM7J12R,PSMA263W,15.0,23.0,37.0,8.0,14.0,0.972831207355114,0.4786418723648837,0.5745236881210486,HI_high_state,HI_high_state,0.5794787498968326,HI_high_state,0.5745236881210486,0.5794787498968326,-0.0049550617757839754,0.0049550617757839754,High,High
P6035,PSMA264Q,PSMA267P,PSMB4MBK,4.0,23.0,34.0,19.0,11.0,0.3124399023343204,-0.3046954841803494,-0.1739012317062609,HI_intermediate_state,HI_intermediate_state,-0.1584734048477819,HI_intermediate_state,-0.1739012317062609,-0.1584734048477819,-0.015427826858478988,0.015427826858478988,Intermediate,Intermediate
