participant_id,sample_t1,sample_t2,sample_t3,score_t1,score_t2,score_t3,linear_pred_score_t3,dt12,dt23,ridge_delta_base_uncalibrated_next_high_state_observed,ridge_delta_base_uncalibrated_next_high_state_risk_score,ridge_plus_modules_score_calibrated_next_high_extreme_observed,ridge_plus_modules_score_calibrated_next_high_extreme_risk_score,persistence_next_high_state_risk_score,persistence_next_high_extreme_risk_score
C3001,CSM5FZ3N,CSM5FZ4C,CSM5MCVV,-0.0662806238460732,-0.0880064217299814,0.3433039220421384,-0.1097322196138896,8.0,8.0,0.0,-0.0489175111131907,0.0,-0.0697061433023541,-0.0880064217299814,-0.0880064217299814
C3001,CSM5FZ4C,CSM5MCVV,CSM67UA2,-0.0880064217299814,0.3433039220421384,-0.0707196973322844,0.990269437700318,8.0,12.0,0.0,0.2778931128667868,0.0,0.3458302866612546,0.3433039220421384,0.3433039220421384
C3001,CSM5MCVV,CSM67UA2,CSM79HMZ,0.3433039220421384,-0.0707196973322844,-0.2554539295406798,-0.6917551263939186,12.0,18.0,0.0,0.072213318263754,0.0,-0.0669200874947617,-0.0707196973322844,-0.0707196973322844
C3002,CSM5FZ3T,CSM5FZ44,CSM5MCVN,2.9771485425667747,2.4988059310248096,2.626345832411357,2.0204633194828445,8.0,8.0,1.0,2.409134078100345,1.0,2.5157216217699374,2.4988059310248096,2.4988059310248096
C3002,CSM5FZ44,CSM5MCVN,CSM67UBN,2.4988059310248096,2.626345832411357,2.458130364573807,2.8814256351844514,8.0,16.0,1.0,2.370039938857451,1.0,2.5339778987767123,2.626345832411357,2.626345832411357
C3002,CSM5MCVN,CSM67UBN,CSM79HK1,2.626345832411357,2.458130364573807,2.2238848258048525,2.363509163915185,16.0,9.0,1.0,2.2695336755557944,1.0,2.3742539641085103,2.458130364573807,2.458130364573807
C3003,CSM5FZ48,CSM5FZ4K,CSM5MCYK,0.409622651558264,0.8168099956376383,0.9533255230703124,1.4566758220480838,7.0,11.0,1.0,0.6005086313194472,1.0,0.7476669580929771,0.8168099956376383,0.8168099956376383
C3003,CSM5FZ4K,CSM5MCYK,CSM67UBZ,0.8168099956376383,0.9533255230703124,1.804926098018779,1.052609543021348,11.0,8.0,1.0,0.8304029086771177,1.0,0.8982114180379714,0.9533255230703124,0.9533255230703124
C3003,CSM5MCYK,CSM67UBZ,CSM79HLM,0.9533255230703124,1.804926098018779,1.5668118460924565,3.0823269604414785,8.0,12.0,1.0,1.410242001854635,1.0,1.6889033177518251,1.804926098018779,1.804926098018779
C3004,CSM5FZ4A,CSM5MCUC,CSM5MCXL,0.4703791403428092,-0.2450101624585909,-0.2271715258475561,-0.960399465259991,8.0,8.0,0.0,-0.0046511282388167,0.0,-0.0821696096344977,-0.2450101624585909,-0.2450101624585909
C3004,CSM5MCUC,CSM5MCXL,CSM67UDN,-0.2450101624585909,-0.2271715258475561,0.6503600588091822,-0.2004135709310039,8.0,12.0,1.0,-0.2675501224617048,0.0,-0.2967035667108091,-0.2271715258475561,-0.2271715258475561
C3004,CSM5MCXL,CSM67UDN,CSM79HLA,-0.2271715258475561,0.6503600588091822,-0.1592681817675094,1.2353811152470078,12.0,8.0,0.0,0.3759914031301191,0.0,0.617071505516473,0.6503600588091822,0.6503600588091822
C3005,CSM5FZ4O,CSM5MCUU,CSM5MCY8,-0.0460482963115119,0.7204941177659321,0.7006489285582466,2.25357894592082,5.0,10.0,1.0,0.4310561986568341,0.0,0.6571402054913721,0.7204941177659321,0.7204941177659321
C3005,CSM5MCUU,CSM5MCY8,CSM67UEA,0.7204941177659321,0.7006489285582466,0.6149198260912165,0.6768347015090239,10.0,12.0,0.0,0.6144613463600711,0.0,0.667826844105601,0.7006489285582466,0.7006489285582466
C3005,CSM5MCY8,CSM67UEA,CSM67UEI,0.7006489285582466,0.6149198260912165,1.2249661003458054,0.550622999240944,12.0,9.0,1.0,0.5543536165435466,1.0,0.5850540105771306,0.6149198260912165,0.6149198260912165
C3006,CSM5MCTZ,CSM5MCUM,CSM5MCX3,1.748719198228693,1.2362558936830597,1.788262277923941,0.7878505022056306,8.0,7.0,1.0,1.2786986422069408,1.0,1.258930572450076,1.2362558936830597,1.2362558936830597
C3006,CSM5MCUM,CSM5MCX3,CSM67UFZ,1.2362558936830597,1.788262277923941,2.729742971147766,2.576842826839486,7.0,10.0,1.0,1.5310324403948148,1.0,1.7929861650072445,1.788262277923941,1.788262277923941
C3006,CSM5MCX3,CSM67UFZ,CSM79HMN,1.788262277923941,2.729742971147766,2.3843421862172227,3.671223664371591,10.0,10.0,1.0,2.376410356757221,1.0,2.725615975752232,2.729742971147766,2.729742971147766
C3009,CSM5MCVH,CSM67UAA,CSM79HI7,-0.082020467057529,0.5818875916271888,0.1844519951832977,1.162807142976317,16.0,14.0,0.0,0.3321610936737055,0.0,0.5129511635565753,0.5818875916271888,0.5818875916271888
C3009,CSM67UAA,CSM79HI7,CSM7KOJO,0.5818875916271888,0.1844519951832977,0.4976518458302105,-0.2697601150382921,14.0,16.0,1.0,0.2172487484395724,0.0,-0.3890884675375927,0.1844519951832977,0.1844519951832977
C3010,CSM5MCWK,CSM5MCXZ,CSM67UCK,-1.1717313772663611,-0.9545587920890052,-1.1021696716376734,-0.6753368968609761,7.0,9.0,0.0,-1.0004848527282637,0.0,-0.9666938905982012,-0.9545587920890052,-0.9545587920890052
C3010,CSM5MCXZ,CSM67UCK,CSM7KOLE,-0.9545587920890052,-1.1021696716376734,-0.7384588787510632,-1.57780472796116,9.0,29.0,0.0,-1.1448610957514582,0.0,-1.088459799854586,-1.1021696716376734,-1.1021696716376734
C3011,CSM5MCXB,CSM5MCYO,CSM67UEW,0.0901634426760076,0.43784599484175,0.2136303666162199,0.9014227310627398,6.0,8.0,0.0,0.2233676000187162,0.0,0.4026330582880653,0.43784599484175,0.43784599484175
C3011,CSM5MCYO,CSM67UEW,CSM7KOMT,0.43784599484175,0.2136303666162199,-0.2220268453116747,-0.5430973786449442,8.0,27.0,0.0,0.3690067355901194,0.0,0.229076414328926,0.2136303666162199,0.2136303666162199
C3012,CSM5MCXF,CSM5MCZF,CSM67UGO,0.5038435087610593,0.4681230861823829,0.3623229826615776,0.4085890485512555,6.0,10.0,1.0,0.4459660930616867,0.0,0.477448301613264,0.4681230861823829,0.4681230861823829
C3012,CSM5MCZF,CSM67UGO,CSM7KON8,0.4681230861823829,0.3623229826615776,0.4511848566304576,0.0449226720991616,10.0,30.0,1.0,0.3627844028940974,0.0,0.3368278577782623,0.3623229826615776,0.3623229826615776
C3013,CSM5MCYU,CSM67U9P,CSM79HGH,-0.3491572209191808,0.4736523210150734,-0.1965572101217951,1.3993130556911093,8.0,9.0,0.0,0.140370628600576,0.0,0.3393262198083576,0.4736523210150734,0.4736523210150734
C3013,CSM67U9P,CSM79HGH,CSM7KONS,0.4736523210150734,-0.1965572101217951,-0.1889126860582393,-1.6114439980774065,9.0,19.0,0.0,0.0120382460482916,0.0,-0.0816063284118837,-0.1965572101217951,-0.1965572101217951
C3015,CSM67U9T,CSM67UAQ,CSM7KOPI,-0.1781242968001973,-0.8753034939741068,-1.0272757345027794,-3.489725483376267,8.0,30.0,0.0,-0.6630168302870365,0.0,-0.8607642055812965,-0.8753034939741068,-0.8753034939741068
C3015,CSM67UAQ,CSM7KOPI,CSM7KOPQ,-0.8753034939741068,-1.0272757345027794,-0.8558318577963644,-1.0678016653104254,30.0,8.0,0.0,-1.1101819172238911,0.0,-1.095345117949346,-1.0272757345027794,-1.0272757345027794
C3016,CSM67U9V,CSM67UB1,CSM79HIT,0.5711892452546903,0.3136016208088708,-0.4135250422368208,0.0560139963630512,8.0,8.0,0.0,0.469126262888458,0.0,0.3610586121343178,0.3136016208088708,0.3136016208088708
C3016,CSM67UB1,CSM79HIT,CSM7KOPS,0.3136016208088708,-0.4135250422368208,1.2791900549800783,-2.2313416998510496,8.0,20.0,1.0,-0.2381829978565245,1.0,-0.2967533040148881,-0.4135250422368208,-0.4135250422368208
C3016,CSM79HIT,CSM7KOPS,CSM7KOQ3,-0.4135250422368208,1.2791900549800783,0.7521759185603388,2.125547603588528,20.0,10.0,1.0,0.8014928348953547,0.0,0.8282169068237966,1.2791900549800783,1.2791900549800783
C3017,CSM67U9X,CSM67UBB,CSM79HJ6,0.6268699278874078,-0.4556218929303035,0.7425936944264443,-1.2975599757885234,9.0,7.0,1.0,-0.0750759613526685,0.0,-0.2274020193387017,-0.4556218929303035,-0.4556218929303035
C3017,CSM67UBB,CSM79HJ6,CSM7KOQZ,-0.4556218929303035,0.7425936944264443,0.9234861324095244,4.508414111833366,7.0,22.0,1.0,0.209303095625333,1.0,0.4998280034888606,0.7425936944264443,0.7425936944264443
C3017,CSM79HJ6,CSM7KOQZ,CSM7KOR8,0.7425936944264443,0.9234861324095244,-0.5961286130580464,0.989265200767008,22.0,8.0,0.0,0.7851949292080784,0.0,0.8891139511817359,0.9234861324095244,0.9234861324095244
C3022,CSM67UH7,CSM79HGZ,CSM7KOOH,-1.4296027153029158,-0.6995648666230153,-1.021917174426349,0.4684956912648256,10.0,16.0,0.0,-0.8966921053639677,0.0,-0.7092371675414144,-0.6995648666230153,-0.6995648666230153
C3022,CSM79HGZ,CSM7KOOH,CSM7KOOR,-0.6995648666230153,-1.021917174426349,-0.5462993124244566,-1.2233873668034327,16.0,10.0,0.0,-0.9928239932416464,0.0,-0.8657550301965964,-1.021917174426349,-1.021917174426349
C3022,CSM7KOOH,CSM7KOOR,CSMAG78W,-1.021917174426349,-0.5462993124244566,-0.7549692831360414,-0.0706814504225641,10.0,10.0,0.0,-0.6971775442277264,0.0,-0.6442655197237674,-0.5462993124244566,-0.5462993124244566
C3023,CSM79HG4,CSM79HH8,CSM7KONC,0.1535557890394693,0.5891103533608268,0.0678977237608616,1.5691081230838813,8.0,18.0,0.0,0.3950923478281025,0.0,0.532882730930365,0.5891103533608268,0.5891103533608268
C3023,CSM79HH8,CSM7KONC,CSM7KONK,0.5891103533608268,0.0678977237608616,0.7590308697250658,-0.1637523338391229,18.0,8.0,1.0,0.136086257549428,0.0,0.1156495596998822,0.0678977237608616,0.0678977237608616
C3023,CSM7KONC,CSM7KONK,CSM7KOTK,0.0678977237608616,0.7590308697250658,0.1148982573632436,1.7957305886713724,8.0,12.0,0.0,0.5229159364138225,0.0,0.745717640236126,0.7590308697250658,0.7590308697250658
C3027,CSM79HJM,CSM79HJS,CSM7KOOV,-0.5194966640117482,-0.4014324646878831,-0.3979174547732196,-0.0472398667162876,6.0,18.0,0.0,-0.4763215514357926,0.0,-0.433926698745702,-0.4014324646878831,-0.4014324646878831
C3027,CSM79HJS,CSM7KOOV,CSMA9J65,-0.4014324646878831,-0.3979174547732196,0.1120522480506222,-0.3955741148301106,18.0,12.0,0.0,-0.4473655164013819,0.0,-0.4165938580304337,-0.3979174547732196,-0.3979174547732196
C3032,CSM7KOP8,CSM7KOPC,CSM7KOU9,-0.4882580329500449,-0.6075825267875011,-0.7347557431707039,-0.7865692675436855,4.0,6.0,0.0,-0.6377763368547569,0.0,-0.5976849377763218,-0.6075825267875011,-0.6075825267875011
C3032,CSM7KOPC,CSM7KOU9,CSM7KOUF,-0.6075825267875011,-0.7347557431707039,-0.8282878330897392,-0.8619289595539067,6.0,6.0,0.0,-0.7038734170494074,0.0,-0.722925084522045,-0.7347557431707039,-0.7347557431707039
C3032,CSM7KOU9,CSM7KOUF,CSM9X22G,-0.7347557431707039,-0.8282878330897392,-0.6077495639716922,-1.0932954211936723,6.0,17.0,0.0,-0.8108331462233043,0.0,-0.8170504248374014,-0.8282878330897392,-0.8282878330897392
C3034,CSM79HQR,CSM7KORU,CSM9X1XW,1.2332593937510177,1.9221139717239908,1.7785174263231822,2.610968549696964,8.0,8.0,1.0,1.6462832282112816,1.0,1.858490005894982,1.9221139717239908,1.9221139717239908
C3034,CSM7KORU,CSM9X1XW,CSM9X21P,1.9221139717239908,1.7785174263231822,1.0935599693400333,1.3477277901207565,8.0,24.0,1.0,1.6452134881144378,1.0,1.7620471316795812,1.7785174263231822,1.7785174263231822
E5004,ESM5MEEG,ESM5GEZ6,ESM5MEBU,1.042991090526604,0.8642394228025381,0.8785880000002216,0.5067360873544062,5.0,10.0,1.0,0.8528135070399004,1.0,0.8803400013608568,0.8642394228025381,0.8642394228025381
E5004,ESM5GEZ6,ESM5MEBU,ESM5MEC5,0.8642394228025381,0.8785880000002216,0.9301627757699716,0.8943714349176736,10.0,11.0,1.0,0.7946261243626369,1.0,0.8733366521861974,0.8785880000002216,0.8785880000002216
E5004,ESM5MEBU,ESM5MEC5,ESM718SY,0.8785880000002216,0.9301627757699716,0.9174795237119292,0.991114783497858,11.0,13.0,1.0,0.8209096980699415,1.0,0.9724654837023164,0.9301627757699716,0.9301627757699716
E5009,ESM5MEDN,ESM5MEDD,ESM718UH,-1.051961246869758,-1.330198677673091,-0.8953035148359388,-1.5686879040759478,7.0,6.0,0.0,-1.1838239755512727,0.0,-1.2963679799158152,-1.330198677673091,-1.330198677673091
E5009,ESM5MEDD,ESM718UH,ESM9IEP5,-1.330198677673091,-0.8953035148359388,-1.2571986548574972,1.061724717931246,6.0,27.0,0.0,-1.0532468129705186,0.0,-0.8919384817667175,-0.8953035148359388,-0.8953035148359388
E5013,ESM5MEB9,ESM718V8,ESM718TM,-0.695425097245674,-0.7398931053291499,-0.6145692642834215,-0.7970662585793331,7.0,9.0,0.0,-0.7156634304355591,0.0,-0.6607905764188458,-0.7398931053291499,-0.7398931053291499
E5013,ESM718V8,ESM718TM,ESM9IEP1,-0.7398931053291499,-0.6145692642834215,-1.077990673943954,-0.294297226055449,9.0,23.0,0.0,-0.7031382190827506,0.0,-0.6385727784242803,-0.6145692642834215,-0.6145692642834215
H4001,HSM5FZBJ,HSM5MD7W,HSM5MD5K,0.0853960331274843,-0.2250087073399472,0.1978017437317112,-0.3378831584190132,11.0,4.0,0.0,-0.0773564888545107,0.0,-0.1715921224397231,-0.2250087073399472,-0.2250087073399472
H4001,HSM5MD7W,HSM5MD5K,HSM5MD7H,-0.2250087073399472,0.1978017437317112,-0.4587278336054858,1.2548278714108572,4.0,10.0,0.0,0.1241853527920234,0.0,0.1896588877708348,0.1978017437317112,0.1978017437317112
H4001,HSM5MD5K,HSM5MD7H,HSM5MD79,0.1978017437317112,-0.4587278336054858,-0.1132571321600637,-0.9839514954752432,10.0,8.0,0.0,-0.2523551879061789,0.0,-0.3942084635742957,-0.4587278336054858,-0.4587278336054858
H4001,HSM5MD7H,HSM5MD79,HSM67VEA,-0.4587278336054858,-0.1132571321600637,-0.3989186966561091,0.4481327576887473,8.0,13.0,0.0,-0.134089499153346,0.0,-0.1031925259067772,-0.1132571321600637,-0.1132571321600637
H4004,HSM5MD4S,HSM5MD4W,HSM5MD5P,0.0079495881678621,-0.0443823505907075,-0.4139066240967468,-0.2013781668664163,4.0,12.0,0.0,0.0053298990895215,0.0,0.0132408462184734,-0.0443823505907075,-0.0443823505907075
H4004,HSM5MD4W,HSM5MD5P,HSM6XRSG,-0.0443823505907075,-0.4139066240967468,0.3196411672111752,-0.6602561397674396,12.0,8.0,0.0,-0.2762080569672636,0.0,-0.3637714386100176,-0.4139066240967468,-0.4139066240967468
H4004,HSM5MD5P,HSM6XRSG,HSM7CYZT,-0.4139066240967468,0.3196411672111752,-0.25224165632022,1.4199628541730582,8.0,12.0,0.0,0.1056226616955554,0.0,1.1369496701037765,0.3196411672111752,0.3196411672111752
H4004,HSM6XRSG,HSM7CYZT,HSM7CZ14,0.3196411672111752,-0.25224165632022,-0.332524905741116,-0.7288106759297159,12.0,10.0,0.0,-0.0827099172495312,0.0,-1.2097342663433377,-0.25224165632022,-0.25224165632022
H4006,HSM5MD86,HSM5MD4A,HSM5MD7O,0.3572527961654784,0.1135116477658744,0.7468633788556585,-0.2927235995667989,6.0,10.0,1.0,0.2195217522576141,0.0,0.1924488054313495,0.1135116477658744,0.1135116477658744
H4006,HSM5MD4A,HSM5MD7O,HSM67VEE,0.1135116477658744,0.7468633788556585,0.2064911810640611,1.3802151099454425,10.0,10.0,0.0,0.4678461150141287,0.0,0.5110606072019298,0.7468633788556585,0.7468633788556585
H4006,HSM5MD7O,HSM67VEE,HSM7CYX2,0.7468633788556585,0.2064911810640611,-0.3504617876807961,-0.3338810167275363,10.0,10.0,0.0,0.3859005584368516,0.0,-0.7510014289590567,0.2064911810640611,0.2064911810640611
H4007,HSM5MD4Q,HSM5MD4O,HSM6XRSN,2.0636267960956123,1.7294009813602726,1.087227511301701,1.2614848407307973,5.0,7.0,1.0,1.7400895038098407,1.0,1.7419924359029662,1.7294009813602726,1.7294009813602726
H4008,HSM5MD8A,HSM5MD5D,HSM6XRSZ,-0.5074981699313276,-1.536880172088301,-1.2117939614044264,-2.5662621742452743,8.0,8.0,0.0,-1.119997194434862,0.0,-1.4914379263949782,-1.536880172088301,-1.536880172088301
H4008,HSM5MD5D,HSM6XRSZ,HSM67VFZ,-1.536880172088301,-1.2117939614044264,-1.6694758928237747,-0.8054361980495832,8.0,10.0,0.0,-1.2881098132960749,0.0,-1.2797738592481327,-1.2117939614044264,-1.2117939614044264
H4008,HSM6XRSZ,HSM67VFZ,HSM7CZ2P,-1.2117939614044264,-1.6694758928237747,-1.1344773316561625,-2.5390715625205367,10.0,19.0,0.0,-1.5274363662845365,0.0,-1.6655359382223638,-1.6694758928237747,-1.6694758928237747
H4009,HSM5MD82,HSM5MD8B,HSM6XRTC,-1.3130727851713515,-1.3614909272580984,-1.3815767465017357,-1.416825946785809,7.0,8.0,0.0,-1.299714463296178,0.0,-1.367571085819595,-1.3614909272580984,-1.3614909272580984
H4009,HSM5MD8B,HSM6XRTC,HSM67VGA,-1.3614909272580984,-1.3815767465017357,-1.069088724904112,-1.401662565745373,8.0,8.0,0.0,-1.3364070434872382,0.0,-1.3638431871996717,-1.3815767465017357,-1.3815767465017357
H4009,HSM6XRTC,HSM67VGA,HSM7CYYZ,-1.3815767465017357,-1.069088724904112,-1.184666264723628,-0.1706856628109443,8.0,23.0,0.0,-1.1979815231166289,0.0,-1.1136049033669078,-1.069088724904112,-1.069088724904112
H4010,HSM5MD87,HSM5MD43,HSM5MD3Y,0.2689572003276578,0.3438156380627072,-0.3054893528497427,0.4061976695085817,6.0,5.0,0.0,0.3303014459166433,0.0,0.3452124794300095,0.3438156380627072,0.3438156380627072
H4010,HSM5MD43,HSM5MD3Y,HSM6XRTM,0.3438156380627072,-0.3054893528497427,0.8248186565475392,-1.7339603328571327,5.0,11.0,1.0,-0.0022589235125448,0.0,-0.2387494788404011,-0.3054893528497427,-0.3054893528497427
H4010,HSM5MD3Y,HSM6XRTM,HSM67VH1,-0.3054893528497427,0.8248186565475392,-0.3185426532363495,3.3937004960868165,11.0,25.0,0.0,0.508334986710901,0.0,0.7266323627756881,0.8248186565475392,0.8248186565475392
H4013,HSM5MD6K,HSM6XRRJ,HSM6XRVC,-0.5438646759392383,-0.2131545991952233,-0.7839436203230079,0.2002329967347954,8.0,10.0,0.0,-0.2411651083553921,0.0,-0.1993380415543161,-0.2131545991952233,-0.2131545991952233
H4013,HSM6XRRJ,HSM6XRVC,HSM6XRVK,-0.2131545991952233,-0.7839436203230079,-0.6782907276401533,-1.1264170329996783,10.0,6.0,0.0,-0.6188240910156421,0.0,-0.6713801820241854,-0.7839436203230079,-0.7839436203230079
H4013,HSM6XRVC,HSM6XRVK,HSM7J4R2,-0.7839436203230079,-0.6782907276401533,-0.4242335111865131,-0.502202573168729,6.0,10.0,0.0,-0.6788749558055531,0.0,-0.7195387812474273,-0.6782907276401533,-0.6782907276401533
H4014,HSM5MD3L,HSM5MD6A,HSM6XRRV,-1.0814944562567492,-0.2518874211630733,0.4936843422828088,0.5777196139306027,8.0,8.0,1.0,-0.5011860442322706,0.0,-0.4007590546144717,-0.2518874211630733,-0.2518874211630733
H4014,HSM5MD6A,HSM6XRRV,HSM6XRVO,-0.2518874211630733,0.4936843422828088,0.8773220571569322,1.5188455170208963,8.0,11.0,1.0,0.1743189269912736,0.0,0.3964280367935678,0.4936843422828088,0.4936843422828088
H4014,HSM6XRRV,HSM6XRVO,HSM7J4QT,0.4936843422828088,0.8773220571569322,1.3203613614152072,1.6794736428028267,11.0,23.0,1.0,0.6367199322384564,1.0,0.8320326899686967,0.8773220571569322,0.8773220571569322
H4015,HSM5MD62,HSM5MD73,HSM7CYZ7,0.352594196745917,0.1734460761936484,-0.0107113258657362,-0.3639982854631575,6.0,18.0,0.0,0.175910071895735,0.0,0.1334544723239339,0.1734460761936484,0.1734460761936484
H4015,HSM5MD73,HSM7CYZ7,HSM7J4QJ,0.1734460761936484,-0.0107113258657362,0.2398953838190682,-0.1948687279251208,18.0,18.0,0.0,-0.0714901809736652,0.0,-0.0785829481874434,-0.0107113258657362,-0.0107113258657362
H4016,HSM5MD6U,HSM67VF3,HSM7J4I3,-0.2098545857768183,0.0572682589390316,0.2561179732747754,0.8204763866986029,7.0,20.0,0.0,-0.0518425661210447,0.0,0.0081897441422629,0.0572682589390316,0.0572682589390316
H4016,HSM67VF3,HSM7J4I3,HSM7J4KQ,0.0572682589390316,0.2561179732747754,0.0237902642145107,0.3754278018762217,20.0,12.0,0.0,0.1161591079087656,0.0,0.2351208288641786,0.2561179732747754,0.2561179732747754
H4018,HSM6XRQC,HSM67VFR,HSM7J4LD,0.4931089634204356,0.4150733369977921,0.0998223658404455,0.3370377105751486,18.0,18.0,0.0,0.369579239959415,0.0,0.4293450274366135,0.4150733369977921,0.4150733369977921
H4018,HSM67VFR,HSM7J4LD,HSM7J4LN,0.4150733369977921,0.0998223658404455,-0.0744420457671089,-0.0753170625803025,18.0,10.0,0.0,0.2892925556590687,0.0,0.1053716243821569,0.0998223658404455,0.0998223658404455
H4019,HSM6XRQE,HSM6XRRD,HSM6XRV2,0.6923241970943984,0.1891879976422284,1.7616323742740134,-0.1126937220290736,10.0,6.0,1.0,0.3057831120611421,1.0,0.2312814165348019,0.1891879976422284,0.1891879976422284
H4019,HSM6XRRD,HSM6XRV2,HSM7J4M4,0.1891879976422284,1.7616323742740134,1.5609678903673734,7.26518769248526,6.0,21.0,1.0,1.1511036463622712,1.0,1.5128009615689542,1.7616323742740134,1.7616323742740134
H4019,HSM6XRV2,HSM7J4M4,HSM7J4ME,1.7616323742740134,1.5609678903673734,0.93454908126935,1.474968825835956,21.0,9.0,1.0,1.3916617168459733,1.0,1.4429348453354172,1.5609678903673734,1.5609678903673734
H4022,HSM67VDX,HSM67VES,HSM7CYZJ,-0.7786711381087369,-1.4344869753175056,-1.5608463294864057,-2.308908091595864,6.0,8.0,0.0,-1.1165499822928049,0.0,-1.372551562352882,-1.4344869753175056,-1.4344869753175056
H4022,HSM67VES,HSM7CYZJ,HSM7J4G1,-1.4344869753175056,-1.5608463294864057,-1.2649877355864092,-1.7819751992819808,8.0,14.0,0.0,-1.4940937150702691,0.0,-1.5551673684981608,-1.5608463294864057,-1.5608463294864057
H4022,HSM7CYZJ,HSM7J4G1,HSM7J4IU,-1.5608463294864057,-1.2649877355864092,-1.1413108174511326,-1.0959256819292684,14.0,8.0,0.0,-1.3268957264537649,0.0,-1.2751870004929318,-1.2649877355864092,-1.2649877355864092
H4023,HSM67VDR,HSM6XRQ8,HSM7J4HC,-0.5671544528079571,-0.3150405072675331,-0.9182225169557968,0.1051494019665069,9.0,15.0,0.0,-0.2454901082058938,0.0,-0.2884857936929426,-0.3150405072675331,-0.3150405072675331
H4023,HSM6XRQ8,HSM7J4HC,HSM7J4KC,-0.3150405072675331,-0.9182225169557968,-0.4869226109459901,-1.3605559907271902,15.0,11.0,0.0,-0.8139806625029401,0.0,-0.8634857255050407,-0.9182225169557968,-0.9182225169557968
H4023,HSM7J4HC,HSM7J4KC,HSM7J4KK,-0.9182225169557968,-0.4869226109459901,-1.5599744116957506,-0.173249952029767,11.0,8.0,0.0,-0.412596592911357,0.0,-0.4904912859177432,-0.4869226109459901,-0.4869226109459901
H4024,HSM67VI5,HSM7J4O1,HSM7J4O3,-1.096605083394936,-1.1847158659291304,-1.0596251069426432,-1.189750767788227,35.0,2.0,0.0,-1.2836554687946928,0.0,-1.2063300548196123,-1.1847158659291304,-1.1847158659291304
H4027,HSM7J4GR,HSM7J4NE,HSMA33O1,1.1707297604102358,1.0263116015075626,0.58410039390408,0.8457889028792211,8.0,10.0,1.0,0.9737838150768698,0.0,0.9530130111761284,1.0263116015075626,1.0263116015075626
H4027,HSM7J4NE,HSMA33O1,HSMA33O5,1.0263116015075626,0.58410039390408,1.3695555735511906,0.3629947901023386,10.0,5.0,1.0,0.6272129576583549,1.0,0.609578847991703,0.58410039390408,0.58410039390408
H4031,HSM7CZ3G,HSM7J4MK,HSM7J4OE,-1.0126218280717003,-1.071279758421092,-1.2773280396602305,-1.1446021713578316,8.0,10.0,0.0,-1.0458789474075234,0.0,-1.084609150242826,-1.071279758421092,-1.071279758421092
H4035,HSM7J4HS,HSM7J4JZ,HSM7J4K8,1.9561346560070687,2.1059515018503583,0.6328859479686386,2.405585193536937,4.0,8.0,1.0,1.9245372557527,0.0,1.938887184080647,2.1059515018503583,2.1059515018503583
H4035,HSM7J4JZ,HSM7J4K8,HSMA33OR,2.1059515018503583,0.6328859479686386,1.8902836447264868,-0.4719132174426512,8.0,6.0,1.0,0.8721754435410003,1.0,0.6867168086759075,0.6328859479686386,0.6328859479686386
H4035,HSM7J4K8,HSMA33OR,HSMA33MI,0.6328859479686386,1.8902836447264868,1.913336159072744,5.662476735000031,6.0,18.0,1.0,1.3880872845967405,1.0,1.780315199783857,1.8902836447264868,1.8902836447264868
M2008,MSM5LLDS,MSM5LLHZ,MSM5LLHQ,0.556559424423889,0.6032233583642131,0.6641440194657383,0.6698861211361049,7.0,10.0,1.0,0.5159617744145529,0.0,0.6147294931670716,0.6032233583642131,0.6032233583642131
M2008,MSM5LLHZ,MSM5LLHQ,MSM5LLDA,0.6032233583642131,0.6641440194657383,0.538821939078918,0.7250646805672635,10.0,10.0,1.0,0.5681508977588021,0.0,0.6417229093395997,0.6641440194657383,0.6641440194657383
M2008,MSM5LLHQ,MSM5LLDA,MSM6J2LB,0.6641440194657383,0.538821939078918,0.9472432013099372,0.3508388184986874,10.0,15.0,1.0,0.478014511231821,1.0,0.5629843623992697,0.538821939078918,0.538821939078918
M2014,MSM5FZ9X,MSM5FZA2,MSM5LLGH,0.162996688345057,0.189332384709377,1.0600138610139265,0.2420037774380169,4.0,8.0,1.0,0.1399111936919266,1.0,0.1771621632534764,0.189332384709377,0.189332384709377
M2014,MSM5FZA2,MSM5LLGH,MSM6J2IQ,0.189332384709377,1.0600138610139265,0.4801863166917098,2.148365706394613,8.0,10.0,0.0,0.7310965968092014,0.0,0.9813173829924878,1.0600138610139265,1.0600138610139265
M2014,MSM5LLGH,MSM6J2IQ,MSM6J2J1,1.0600138610139265,0.4801863166917098,1.02048616904569,-0.0996412276305069,10.0,10.0,1.0,0.5688167194410941,1.0,0.5938086823593897,0.4801863166917098,0.4801863166917098
M2014,MSM6J2IQ,MSM6J2J1,MSM6J2QZ,0.4801863166917098,1.02048616904569,0.8815061467734665,1.668845991870466,10.0,12.0,1.0,0.7862249197663731,0.0,0.796771273680126,1.02048616904569,1.02048616904569
M2025,MSM5LLIC,MSM5LLHM,MSM6J2J5,-1.7432074637228885,-1.5741212350345728,-1.8950417782874347,-1.4665209076874628,11.0,7.0,0.0,-1.593709240997048,0.0,-1.6000655450875634,-1.5741212350345728,-1.5741212350345728
M2025,MSM5LLHM,MSM6J2J5,MSM6J2PE,-1.5741212350345728,-1.8950417782874347,-1.435421838648699,-2.4451912810066263,7.0,12.0,0.0,-1.7372720722174264,0.0,-1.8298209787209312,-1.8950417782874347,-1.8950417782874347
M2025,MSM6J2J5,MSM6J2PE,MSM6J2PM,-1.8950417782874347,-1.435421838648699,-0.6980647072688602,-1.1290085455562084,12.0,8.0,0.0,-1.5165829555079275,0.0,-1.3945352920250005,-1.435421838648699,-1.435421838648699
M2026,MSM5LLFK,MSM5LLFO,MSM6J2HF,1.2175050308764928,-0.0838758773678564,0.3414005449643597,-3.988018602100904,4.0,12.0,0.0,0.6090714612239433,0.0,0.0274867673238067,-0.0838758773678564,-0.0838758773678564
M2027,MSM5LLIS,MSM5LLH8,MSM6J2KE,-0.3372134157027094,-0.7376459130872167,-0.9916037099661232,-1.238186534817851,8.0,10.0,0.0,-0.5655604033130411,0.0,-0.6487317449380905,-0.7376459130872167,-0.7376459130872167
M2027,MSM5LLH8,MSM6J2KE,MSM6J2R2,-0.7376459130872167,-0.9916037099661232,-0.6997707140147423,-1.1947699474692484,10.0,8.0,0.0,-0.9032007483494686,0.0,-1.0117092125856977,-0.9916037099661232,-0.9916037099661232
M2028,MSM5LLFG,MSM5LLGR,MSM6J2IG,-0.426497494471368,-0.2814870399693572,-0.3007775955041217,-0.0156345400490041,6.0,11.0,0.0,-0.2316225484180812,0.0,-0.2586801028973083,-0.2814870399693572,-0.2814870399693572
M2034,MSM5LLEH,MSM5LLF4,MSM6J2LL,0.5032909610738491,0.2486635833200695,-0.0820974447352117,-0.1150898134710442,7.0,10.0,0.0,0.3698450197983824,0.0,0.2439289589166196,0.2486635833200695,0.2486635833200695
M2039,MSM6J2H9,MSM6J2QP,MSM79HAH,1.1279882772178529,-0.8770031356336809,-0.8331959787504079,-3.683991113625829,20.0,28.0,0.0,-0.4132450565522013,0.0,-0.588963109556942,-0.8770031356336809,-0.8770031356336809
M2047,MSM6J2PO,MSM79H7Q,MSM79H7Y,-1.83096234419121,-2.220221524919637,-1.9534001625824189,-2.2897320929068563,28.0,5.0,0.0,-2.144463814452462,0.0,-2.056576639262308,-2.220221524919637,-2.220221524919637
M2047,MSM79H7Q,MSM79H7Y,MSM9VZNL,-2.220221524919637,-1.9534001625824189,-2.2294014071011605,-1.633214527777757,5.0,6.0,0.0,-1.965618451851789,0.0,-2.034290980572014,-1.9534001625824189,-1.9534001625824189
M2060,MSM79H52,MSM9VZF7,MSM9VZPV,-0.8054318758475787,-0.5442427662829292,-0.6173486620070614,-0.4084244293093115,25.0,13.0,0.0,-0.7487526174208063,0.0,-0.532970377769956,-0.5442427662829292,-0.5442427662829292
M2061,MSM6J2NA,MSM9VZGO,MSM9VZLJ,-1.567006097527316,-1.1121141214213242,-1.5638788191376116,-0.9908095944597264,30.0,8.0,0.0,-1.117229424654914,0.0,-1.083986802135844,-1.1121141214213242,-1.1121141214213242
M2068,MSM79HDQ,MSM9VZEK,MSM9VZES,1.159263648353665,0.3532331802206572,0.8930339518634534,-0.5679444976456374,7.0,8.0,1.0,0.6402076155947867,0.0,0.4197167006766087,0.3532331802206572,0.3532331802206572
M2068,MSM9VZEK,MSM9VZES,MSMA26AL,0.3532331802206572,0.8930339518634534,-0.7439744697738736,1.9726354951490457,8.0,16.0,0.0,0.6619010417862874,0.0,0.8098505091746528,0.8930339518634534,0.8930339518634534
M2069,MSM79HDE,MSM9VZEW,MSM9VZOU,1.6411836529295067,1.372543992311445,1.2438006699848134,0.9695845013843526,8.0,12.0,1.0,1.306842004908454,1.0,1.4069379311582588,1.372543992311445,1.372543992311445
M2072,MSM79H85,MSM9VZOI,MSM9VZHR,-0.2203689339828436,-0.522871454785484,-0.6323894008399816,-1.0673759922302368,10.0,18.0,0.0,-0.4333083100080047,0.0,-0.5368394543373534,-0.522871454785484,-0.522871454785484
M2075,MSM79H8D,MSM79H8J,MSM9VZJZ,-0.7807901155758764,-0.897021704959752,-1.3407044722923664,-1.106238565850728,5.0,9.0,0.0,-0.827648301483452,0.0,-0.8950937535186906,-0.897021704959752,-0.897021704959752
M2075,MSM79H8J,MSM9VZJZ,MSM9VZH1,-0.897021704959752,-1.3407044722923664,-0.5712350108308494,-2.030877665920878,9.0,14.0,0.0,-1.1951943212292853,0.0,-1.334480155552683,-1.3407044722923664,-1.3407044722923664
M2075,MSM9VZJZ,MSM9VZH1,MSMAPC7J,-1.3407044722923664,-0.5712350108308494,-0.7119126324565465,-0.0765760713198741,14.0,9.0,0.0,-0.7672195122532135,0.0,-0.6178630052252624,-0.5712350108308494,-0.5712350108308494
M2079,MSM9VZFJ,MSM9VZFR,MSM9VZKE,-0.9832509922422776,-0.4249958936237093,-0.9602104278475468,0.2030410923221801,8.0,9.0,0.0,-0.4834443734310155,0.0,-0.3933496520500932,-0.4249958936237093,-0.4249958936237093
M2079,MSM9VZFR,MSM9VZKE,MSMA26BR,-0.4249958936237093,-0.9602104278475468,-1.2284047170696213,-1.8522346515539423,9.0,15.0,0.0,-0.8255364193212682,0.0,-0.9187894095530416,-0.9602104278475468,-0.9602104278475468
M2084,MSM9VZMM,MSM9VZMU,MSM9VZL9,-0.8049361689157679,-0.999968559286546,-0.9285543382722355,-1.1462428520646295,8.0,6.0,0.0,-0.9097236515111636,0.0,-0.8349229286137014,-0.999968559286546,-0.999968559286546
M2084,MSM9VZMU,MSM9VZL9,MSMA26BB,-0.999968559286546,-0.9285543382722355,-1.2451067629457693,-0.7976282664126664,6.0,11.0,0.0,-0.9394833342992476,0.0,-0.8782899077543205,-0.9285543382722355,-0.9285543382722355
M2085,MSM9VZM4,MSM9VZPL,MSMA26CX,-1.0239068823935522,0.1967956044095269,-1.643039887880264,3.5101309257321702,7.0,19.0,0.0,0.0627753323480986,0.0,0.1749461520548492,0.1967956044095269,0.1967956044095269
M2085,MSM9VZPL,MSMA26CX,MSMAPC6G,0.1967956044095269,-1.643039887880264,-1.721185184289179,-2.6113743575064694,19.0,10.0,0.0,-1.1689886925801083,0.0,-1.5925596867789862,-1.643039887880264,-1.643039887880264
M2085,MSMA26CX,MSMAPC6G,MSMB4LXY,-1.643039887880264,-1.721185184289179,-0.6581835999681585,-1.752443302852745,10.0,4.0,0.0,-1.6331951861315714,0.0,-1.6876097860165056,-1.721185184289179,-1.721185184289179
P6005,PSM6XBQM,PSM6XBQY,PSM6XBSS,0.287118484290135,1.2489425559407712,0.8866543089968018,2.210766627591408,8.0,8.0,1.0,0.8915188998232257,0.0,1.173065627880693,1.2489425559407712,1.2489425559407712
P6005,PSM6XBQY,PSM6XBSS,PSM7J136,1.2489425559407712,0.8866543089968018,0.9866805692877848,-0.2454964627031026,8.0,25.0,1.0,0.8676302573425234,1.0,0.9235401833598972,0.8866543089968018,0.8866543089968018
P6009,PSM6XBRK,PSM6XBS6,PSM7J1CK,-0.2745698212735754,0.0535885177479478,-0.1222907646078009,1.3662218738340406,5.0,20.0,0.0,-0.0789732404764406,0.0,0.043175737754783,0.0535885177479478,0.0535885177479478
P6009,PSM6XBS6,PSM7J1CK,PSM7J1CU,0.0535885177479478,-0.1222907646078009,0.1532903013578258,-0.2190243699034627,20.0,11.0,0.0,-0.1568371204217661,0.0,-0.1040446701266843,-0.1222907646078009,-0.1222907646078009
P6009,PSM7J1CK,PSM7J1CU,PSM7J141,-0.1222907646078009,0.1532903013578258,0.0370591277337023,0.3537128947873724,11.0,8.0,0.0,0.0812572922215344,0.0,0.1384685354213675,0.1532903013578258,0.1532903013578258
P6010,PSM6XBSI,PSM6XBSK,PSM6XBUO,1.3746971436774684,0.2428033403502075,1.5365005770070232,-2.344382495826389,7.0,16.0,1.0,0.7189514225801847,1.0,0.3489263861420869,0.2428033403502075,0.2428033403502075
P6010,PSM6XBSK,PSM6XBUO,PSM7J14L,0.2428033403502075,1.5365005770070232,2.1916890884592672,2.749341736372788,16.0,15.0,1.0,1.1903345906035874,1.0,1.4738085971876778,1.5365005770070232,1.5365005770070232
P6010,PSM6XBUO,PSM7J14L,PSM7J14T,1.5365005770070232,2.1916890884592672,-0.4386423426219734,2.497443727136981,15.0,7.0,0.0,1.938270976638452,0.0,2.04738038805042,2.1916890884592672,2.1916890884592672
P6016,PSM7J17L,PSM7J158,PSMA265N,1.5225848902804868,0.5137367177970952,0.431722679062159,-0.6968810891829748,10.0,12.0,0.0,0.7475873706629479,0.0,0.2674475064524468,0.5137367177970952,0.5137367177970952
P6018,PSM7J17X,PSM7J15M,PSM7J15U,-0.1515177343940691,-0.4297390120897575,-0.8323053333017328,-0.6152198638868831,12.0,8.0,0.0,-0.2983444795498619,0.0,-0.4351003646601205,-0.4297390120897575,-0.4297390120897575
P6024,PSM7J1BN,PSM7J12J,PSM7J12R,1.636573066799612,0.972831207355114,0.4786418723648837,0.3828384434044491,9.0,8.0,0.0,1.1054986756974734,0.0,0.9202672468210532,0.972831207355114,0.972831207355114
P6024,PSM7J12J,PSM7J12R,PSMA263W,0.972831207355114,0.4786418723648837,0.5745236881210486,-0.3861894638680193,8.0,14.0,0.0,0.5794787498968326,0.0,0.4575446619914545,0.4786418723648837,0.4786418723648837
P6035,PSMA264Q,PSMA267P,PSMB4MBK,0.3124399023343204,-0.3046954841803494,-0.1739012317062609,-0.6619843921625267,19.0,11.0,0.0,-0.1584734048477819,0.0,-0.2302612520716594,-0.3046954841803494,-0.3046954841803494
