participant_id,sample_t1,sample_t2,sample_t3,time_t3,ridge_delta_base_uncalibrated_next_high_state_observed,ridge_delta_base_uncalibrated_next_high_state_risk_score,ridge_plus_modules_score_calibrated_next_high_extreme_observed,ridge_plus_modules_score_calibrated_next_high_extreme_risk_score,ridge_delta_base_uncalibrated_meaningful_improvement_delta_observed,ridge_delta_base_uncalibrated_meaningful_improvement_delta_risk_score,ridge_plus_modules_uncalibrated_meaningful_worsening_delta_observed,ridge_plus_modules_uncalibrated_meaningful_worsening_delta_risk_score
C3001,CSM5FZ3N,CSM5FZ4C,CSM5MCVV,16.0,0.0,-0.0489175111131907,0.0,-0.0697061433023541,0.0,-0.0390889106167906,1.0,0.0522865097932208
C3001,CSM5FZ4C,CSM5MCVV,CSM67UA2,28.0,0.0,0.2778931128667868,0.0,0.3458302866612546,1.0,0.0654108091753515,0.0,0.0072181846260465
C3001,CSM5MCVV,CSM67UA2,CSM79HMZ,46.0,0.0,0.072213318263754,0.0,-0.0669200874947617,1.0,-0.1429330155960385,0.0,0.0108560281072076
C3002,CSM5FZ3T,CSM5FZ44,CSM5MCVN,16.0,1.0,2.409134078100345,1.0,2.5157216217699374,0.0,0.0896718529244646,1.0,0.0483305449860799
C3002,CSM5FZ44,CSM5MCVN,CSM67UBN,32.0,1.0,2.370039938857451,1.0,2.5339778987767123,1.0,0.2563058935539056,0.0,-0.2639083818132697
C3002,CSM5MCVN,CSM67UBN,CSM79HK1,41.0,1.0,2.2695336755557944,1.0,2.3742539641085103,1.0,0.1885966890180123,0.0,-0.239646858472276
C3003,CSM5FZ48,CSM5FZ4K,CSM5MCYK,18.0,1.0,0.6005086313194472,1.0,0.7476669580929771,0.0,0.2163013643181911,1.0,-0.1063739039148634
C3003,CSM5FZ4K,CSM5MCYK,CSM67UBZ,26.0,1.0,0.8304029086771177,1.0,0.8982114180379714,0.0,0.1229226143931946,1.0,-0.0847909308189861
C3003,CSM5MCYK,CSM67UBZ,CSM79HLM,38.0,1.0,1.410242001854635,1.0,1.6889033177518251,1.0,0.3946840961641434,0.0,-0.1784965850260825
C3004,CSM5FZ4A,CSM5MCUC,CSM5MCXL,16.0,0.0,-0.0046511282388167,0.0,-0.0821696096344977,0.0,-0.2403590342197741,0.0,0.4071013820602328
C3004,CSM5MCUC,CSM5MCXL,CSM67UDN,28.0,1.0,-0.2675501224617048,0.0,-0.2967035667108091,0.0,0.0403785966141486,1.0,-0.1738301021581326
C3004,CSM5MCXL,CSM67UDN,CSM79HLA,36.0,0.0,0.3759914031301191,0.0,0.617071505516473,1.0,0.2743686556790631,0.0,-0.083221383231773
C3005,CSM5FZ4O,CSM5MCUU,CSM5MCY8,15.0,1.0,0.4310561986568341,0.0,0.6571402054913721,0.0,0.2894379191090979,0.0,-0.1810111779273143
C3005,CSM5MCUU,CSM5MCY8,CSM67UEA,27.0,0.0,0.6144613463600711,0.0,0.667826844105601,0.0,0.0861875821981755,0.0,-0.093777384150416
C3005,CSM5MCY8,CSM67UEA,CSM67UEI,36.0,1.0,0.5543536165435466,1.0,0.5850540105771306,0.0,0.0605662095476699,1.0,-0.085330901468817
C3006,CSM5MCTZ,CSM5MCUM,CSM5MCX3,15.0,1.0,1.2786986422069408,1.0,1.258930572450076,0.0,-0.042442748523881,1.0,0.0647847964771901
C3006,CSM5MCUM,CSM5MCX3,CSM67UFZ,25.0,1.0,1.5310324403948148,1.0,1.7929861650072445,0.0,0.2572298375291262,1.0,0.0134968202380101
C3006,CSM5MCX3,CSM67UFZ,CSM79HMN,35.0,1.0,2.376410356757221,1.0,2.725615975752232,1.0,0.3533326143905453,0.0,-0.0117914154158136
C3009,CSM5MCVH,CSM67UAA,CSM79HI7,30.0,0.0,0.3321610936737055,0.0,0.5129511635565753,1.0,0.2497264979534833,0.0,-0.1723410701765338
C3009,CSM67UAA,CSM79HI7,CSM7KOJO,46.0,1.0,0.2172487484395724,0.0,-0.3890884675375927,0.0,-0.0327967532562747,1.0,-1.433851156802226
C3010,CSM5MCWK,CSM5MCXZ,CSM67UCK,16.0,0.0,-1.0004848527282637,0.0,-0.9666938905982012,1.0,0.0459260606392582,0.0,-0.0346717100262743
C3010,CSM5MCXZ,CSM67UCK,CSM7KOLE,45.0,0.0,-1.1448610957514582,0.0,-1.088459799854586,0.0,0.0426914241137848,1.0,0.0391710622373927
C3011,CSM5MCXB,CSM5MCYO,CSM67UEW,14.0,0.0,0.2233676000187162,0.0,0.4026330582880653,1.0,0.2144783948230337,0.0,-0.1006083901533848
C3011,CSM5MCYO,CSM67UEW,CSM7KOMT,41.0,0.0,0.3690067355901194,0.0,0.229076414328926,1.0,-0.1553763689738995,0.0,0.044131564893446
C3012,CSM5MCXF,CSM5MCZF,CSM67UGO,16.0,1.0,0.4459660930616867,0.0,0.477448301613264,0.0,0.0221569931206961,0.0,0.0266434726596605
C3012,CSM5MCZF,CSM67UGO,CSM7KON8,46.0,1.0,0.3627844028940974,0.0,0.3368278577782623,0.0,-0.0004614202325198,0.0,-0.0728432139523293
C3013,CSM5MCYU,CSM67U9P,CSM79HGH,17.0,0.0,0.140370628600576,0.0,0.3393262198083576,1.0,0.3332816924144973,0.0,-0.2066555403180242
C3013,CSM67U9P,CSM79HGH,CSM7KONS,36.0,0.0,0.0120382460482916,0.0,-0.0816063284118837,0.0,-0.2085954561700867,0.0,0.1768475103229405
C3015,CSM67U9T,CSM67UAQ,CSM7KOPI,38.0,0.0,-0.6630168302870365,0.0,-0.8607642055812965,1.0,-0.2122866636870703,0.0,0.0363482209820256
C3015,CSM67UAQ,CSM7KOPI,CSM7KOPQ,46.0,0.0,-1.1101819172238911,0.0,-1.095345117949346,0.0,0.0829061827211116,1.0,-0.1701734586164167
C3016,CSM67U9V,CSM67UB1,CSM79HIT,16.0,0.0,0.469126262888458,0.0,0.3610586121343178,1.0,-0.1555246420795872,0.0,0.1355914037869915
C3016,CSM67UB1,CSM79HIT,CSM7KOPS,36.0,1.0,-0.2381829978565245,1.0,-0.2967533040148881,0.0,-0.1753420443802962,1.0,0.3336335377769506
C3016,CSM79HIT,CSM7KOPS,CSM7KOQ3,46.0,1.0,0.8014928348953547,0.0,0.8282169068237966,1.0,0.4776972200847236,0.0,-1.288494709017948
C3017,CSM67U9X,CSM67UBB,CSM79HJ6,16.0,1.0,-0.0750759613526685,0.0,-0.2274020193387017,0.0,-0.3805459315776349,1.0,0.3511074978332334
C3017,CSM67UBB,CSM79HJ6,CSM7KOQZ,38.0,1.0,0.209303095625333,1.0,0.4998280034888606,0.0,0.5332905988011113,1.0,-0.3734856783655134
C3017,CSM79HJ6,CSM7KOQZ,CSM7KOR8,46.0,0.0,0.7851949292080784,0.0,0.8891139511817359,1.0,0.1382912032014459,0.0,-0.0528802788119823
C3022,CSM67UH7,CSM79HGZ,CSM7KOOH,26.0,0.0,-0.8966921053639677,0.0,-0.7092371675414144,1.0,0.1971272387409524,0.0,-0.0241807522959978
C3022,CSM79HGZ,CSM7KOOH,CSM7KOOR,36.0,0.0,-0.9928239932416464,0.0,-0.8657550301965964,0.0,-0.0290931811847027,1.0,0.3904053605743817
C3022,CSM7KOOH,CSM7KOOR,CSMAG78W,46.0,0.0,-0.6971775442277264,0.0,-0.6442655197237674,1.0,0.1508782318032697,0.0,-0.2449155182482772
C3023,CSM79HG4,CSM79HH8,CSM7KONC,26.0,0.0,0.3950923478281025,0.0,0.532882730930365,1.0,0.1940180055327243,0.0,-0.1606503498013197
C3023,CSM79HH8,CSM7KONC,CSM7KONK,34.0,1.0,0.136086257549428,0.0,0.1156495596998822,0.0,-0.0681885337885664,1.0,0.1364338169686303
C3023,CSM7KONC,CSM7KONK,CSM7KOTK,46.0,0.0,0.5229159364138225,0.0,0.745717640236126,1.0,0.2361149333112432,0.0,-0.0380377985398281
C3027,CSM79HJM,CSM79HJS,CSM7KOOV,26.0,0.0,-0.4763215514357926,0.0,-0.433926698745702,0.0,0.0748890867479095,0.0,-0.0928406687366255
C3027,CSM79HJS,CSM7KOOV,CSMA9J65,38.0,0.0,-0.4473655164013819,0.0,-0.4165938580304337,0.0,0.0494480616281622,1.0,-0.0533611521634689
C3032,CSM7KOP8,CSM7KOPC,CSM7KOU9,14.0,0.0,-0.6377763368547569,0.0,-0.5976849377763218,1.0,0.0301938100672557,0.0,0.0282788257462265
C3032,CSM7KOPC,CSM7KOU9,CSM7KOUF,20.0,0.0,-0.7038734170494074,0.0,-0.722925084522045,0.0,-0.0308823261212965,0.0,0.0338018818533112
C3032,CSM7KOU9,CSM7KOUF,CSM9X22G,37.0,0.0,-0.8108331462233043,0.0,-0.8170504248374014,0.0,-0.0174546868664348,1.0,0.0321068807209651
C3034,CSM79HQR,CSM7KORU,CSM9X1XW,16.0,1.0,1.6462832282112816,1.0,1.858490005894982,1.0,0.2758307435127092,0.0,-0.1817827595114537
C3034,CSM7KORU,CSM9X1XW,CSM9X21P,40.0,1.0,1.6452134881144378,1.0,1.7620471316795812,1.0,0.1333039382087444,0.0,-0.0470579846960033
E5004,ESM5MEEG,ESM5GEZ6,ESM5MEBU,15.0,1.0,0.8528135070399004,1.0,0.8803400013608568,0.0,0.0114259157626375,0.0,0.0460016530237676
E5004,ESM5GEZ6,ESM5MEBU,ESM5MEC5,26.0,1.0,0.7946261243626369,1.0,0.8733366521861974,0.0,0.0839618756375847,0.0,-0.0150038508972123
E5004,ESM5MEBU,ESM5MEC5,ESM718SY,39.0,1.0,0.8209096980699415,1.0,0.9724654837023164,0.0,0.1092530777000301,0.0,0.1208648798066993
E5009,ESM5MEDN,ESM5MEDD,ESM718UH,15.0,0.0,-1.1838239755512727,0.0,-1.2963679799158152,0.0,-0.1463747021218182,1.0,0.0966591364493596
E5009,ESM5MEDD,ESM718UH,ESM9IEP5,42.0,0.0,-1.0532468129705186,0.0,-0.8919384817667175,1.0,0.1579432981345798,0.0,0.0096143801977753
E5013,ESM5MEB9,ESM718V8,ESM718TM,16.0,0.0,-0.7156634304355591,0.0,-0.6607905764188458,0.0,-0.0242296748935907,1.0,0.1216961983235448
E5013,ESM718V8,ESM718TM,ESM9IEP1,39.0,0.0,-0.7031382190827506,0.0,-0.6385727784242803,1.0,0.0885689547993291,0.0,-0.0369284832936288
H4001,HSM5FZBJ,HSM5MD7W,HSM5MD5K,15.0,0.0,-0.0773564888545107,0.0,-0.1715921224397231,0.0,-0.1476522184854364,1.0,0.1526188140006402
H4001,HSM5MD7W,HSM5MD5K,HSM5MD7H,25.0,0.0,0.1241853527920234,0.0,0.1896588877708348,1.0,0.0736163909396877,0.0,-0.0232653027453609
H4001,HSM5MD5K,HSM5MD7H,HSM5MD79,33.0,0.0,-0.2523551879061789,0.0,-0.3942084635742957,0.0,-0.2063726456993068,1.0,0.1843410572319718
H4001,HSM5MD7H,HSM5MD79,HSM67VEA,46.0,0.0,-0.134089499153346,0.0,-0.1031925259067772,1.0,0.0208323669932822,0.0,0.0287560178665327
H4004,HSM5MD4S,HSM5MD4W,HSM5MD5P,16.0,0.0,0.0053298990895215,0.0,0.0132408462184734,1.0,-0.049712249680229,0.0,0.0886510720141245
H4004,HSM5MD4W,HSM5MD5P,HSM6XRSG,24.0,0.0,-0.2762080569672636,0.0,-0.3637714386100176,0.0,-0.1376985671294831,1.0,0.077131054594968
H4004,HSM5MD5P,HSM6XRSG,HSM7CYZT,36.0,0.0,0.1056226616955554,0.0,1.1369496701037765,1.0,0.2140185055156197,0.0,1.2573976967578482
H4004,HSM6XRSG,HSM7CYZT,HSM7CZ14,46.0,0.0,-0.0827099172495312,0.0,-1.2097342663433377,0.0,-0.1695317390706887,0.0,-1.4730655538817197
H4006,HSM5MD86,HSM5MD4A,HSM5MD7O,16.0,1.0,0.2195217522576141,0.0,0.1924488054313495,0.0,-0.1060101044917397,1.0,0.1214417810238079
H4006,HSM5MD4A,HSM5MD7O,HSM67VEE,26.0,0.0,0.4678461150141287,0.0,0.5110606072019298,1.0,0.2790172638415297,0.0,-0.3627734948518902
H4006,HSM5MD7O,HSM67VEE,HSM7CYX2,36.0,0.0,0.3859005584368516,0.0,-0.7510014289590567,1.0,-0.1794093773727905,0.0,-1.4730655538817197
H4007,HSM5MD4Q,HSM5MD4O,HSM6XRSN,16.0,1.0,1.7400895038098407,1.0,1.7419924359029662,1.0,-0.0106885224495681,0.0,0.0193714685272208
H4008,HSM5MD8A,HSM5MD5D,HSM6XRSZ,16.0,0.0,-1.119997194434862,0.0,-1.4914379263949782,0.0,-0.4168829776534387,1.0,0.1136056142333072
H4008,HSM5MD5D,HSM6XRSZ,HSM67VFZ,26.0,0.0,-1.2881098132960749,0.0,-1.2797738592481327,1.0,0.0763158518916485,0.0,-0.1699497446092657
H4008,HSM6XRSZ,HSM67VFZ,HSM7CZ2P,45.0,0.0,-1.5274363662845365,0.0,-1.6655359382223638,0.0,-0.1420395265392383,1.0,0.0098498865035271
H4009,HSM5MD82,HSM5MD8B,HSM6XRTC,15.0,0.0,-1.299714463296178,0.0,-1.367571085819595,0.0,-0.0617764639619202,0.0,-0.017371881604276
H4009,HSM5MD8B,HSM6XRTC,HSM67VGA,23.0,0.0,-1.3364070434872382,0.0,-1.3638431871996717,0.0,-0.0451697030144975,1.0,0.0506673122916123
H4009,HSM6XRTC,HSM67VGA,HSM7CYYZ,46.0,0.0,-1.1979815231166289,0.0,-1.1136049033669078,0.0,0.1288927982125167,0.0,-0.1271890813222732
H4010,HSM5MD87,HSM5MD43,HSM5MD3Y,11.0,0.0,0.3303014459166433,0.0,0.3452124794300095,1.0,0.0135141921460639,0.0,0.0039909753351495
H4010,HSM5MD43,HSM5MD3Y,HSM6XRTM,22.0,1.0,-0.0022589235125448,0.0,-0.2387494788404011,0.0,-0.3032304293371979,1.0,0.1906853543124047
H4010,HSM5MD3Y,HSM6XRTM,HSM67VH1,47.0,0.0,0.508334986710901,0.0,0.7266323627756881,1.0,0.316483669836638,0.0,-0.2805322679195746
H4013,HSM5MD6K,HSM6XRRJ,HSM6XRVC,25.0,0.0,-0.2411651083553921,0.0,-0.1993380415543161,1.0,0.0280105091601688,0.0,0.0394758789740205
H4013,HSM6XRRJ,HSM6XRVC,HSM6XRVK,31.0,0.0,-0.6188240910156421,0.0,-0.6713801820241854,0.0,-0.1651195293073658,1.0,0.3216098237109215
H4013,HSM6XRVC,HSM6XRVK,HSM7J4R2,41.0,0.0,-0.6788749558055531,0.0,-0.7195387812474273,0.0,0.0005842281653997,1.0,-0.1178515817350686
H4014,HSM5MD3L,HSM5MD6A,HSM6XRRV,16.0,1.0,-0.5011860442322706,0.0,-0.4007590546144717,0.0,0.2492986230691973,1.0,-0.2290332822329206
H4014,HSM5MD6A,HSM6XRRV,HSM6XRVO,27.0,1.0,0.1743189269912736,0.0,0.3964280367935678,0.0,0.3193654152915351,1.0,-0.149625085368063
H4014,HSM6XRRV,HSM6XRVO,HSM7J4QT,50.0,1.0,0.6367199322384564,1.0,0.8320326899686967,0.0,0.2406021249184758,1.0,-0.0696759495203623
H4015,HSM5MD62,HSM5MD73,HSM7CYZ7,26.0,0.0,0.175910071895735,0.0,0.1334544723239339,1.0,-0.0024639957020866,0.0,-0.0999790096742861
H4015,HSM5MD73,HSM7CYZ7,HSM7J4QJ,44.0,0.0,-0.0714901809736652,0.0,-0.0785829481874434,0.0,0.060778855107929,1.0,-0.1696790558042681
H4016,HSM5MD6U,HSM67VF3,HSM7J4I3,35.0,0.0,-0.0518425661210447,0.0,0.0081897441422629,0.0,0.1091108250600763,1.0,-0.1402243279907677
H4016,HSM67VF3,HSM7J4I3,HSM7J4KQ,47.0,0.0,0.1161591079087656,0.0,0.2351208288641786,1.0,0.1399588653660098,0.0,-0.0599918411731336
H4018,HSM6XRQC,HSM67VFR,HSM7J4LD,36.0,0.0,0.369579239959415,0.0,0.4293450274366135,1.0,0.045494097038377,0.0,0.0407762583966328
H4018,HSM67VFR,HSM7J4LD,HSM7J4LN,46.0,0.0,0.2892925556590687,0.0,0.1053716243821569,1.0,-0.1894701898186232,0.0,0.0158550244048899
H4019,HSM6XRQE,HSM6XRRD,HSM6XRV2,16.0,1.0,0.3057831120611421,1.0,0.2312814165348019,0.0,-0.1165951144189137,1.0,0.1052335472314337
H4019,HSM6XRRD,HSM6XRV2,HSM7J4M4,37.0,1.0,1.1511036463622712,1.0,1.5128009615689542,1.0,0.6105287279117422,0.0,-0.6220785317626482
H4019,HSM6XRV2,HSM7J4M4,HSM7J4ME,46.0,1.0,1.3916617168459733,1.0,1.4429348453354172,1.0,0.1693061735214001,0.0,-0.2950826125798907
H4022,HSM67VDX,HSM67VES,HSM7CYZJ,14.0,0.0,-1.1165499822928049,0.0,-1.372551562352882,1.0,-0.3179369930247007,0.0,0.1769583227560676
H4022,HSM67VES,HSM7CYZJ,HSM7J4G1,28.0,0.0,-1.4940937150702691,0.0,-1.5551673684981608,0.0,-0.0667526144161366,1.0,0.0162256028235565
H4022,HSM7CYZJ,HSM7J4G1,HSM7J4IU,36.0,0.0,-1.3268957264537649,0.0,-1.2751870004929318,0.0,0.0619079908673555,1.0,-0.0291407568757789
H4023,HSM67VDR,HSM6XRQ8,HSM7J4HC,24.0,0.0,-0.2454901082058938,0.0,-0.2884857936929426,1.0,-0.0695503990616392,0.0,0.0758706102131156
H4023,HSM6XRQ8,HSM7J4HC,HSM7J4KC,35.0,0.0,-0.8139806625029401,0.0,-0.8634857255050407,0.0,-0.1042418544528567,1.0,0.1563908327164461
H4023,HSM7J4HC,HSM7J4KC,HSM7J4KK,43.0,0.0,-0.412596592911357,0.0,-0.4904912859177432,1.0,-0.0743260180346331,0.0,-0.0101962142050089
H4024,HSM67VI5,HSM7J4O1,HSM7J4O3,40.0,0.0,-1.2836554687946928,0.0,-1.2063300548196123,0.0,0.0989396028655624,1.0,-0.0540354722262051
H4027,HSM7J4GR,HSM7J4NE,HSMA33O1,35.0,1.0,0.9737838150768698,0.0,0.9530130111761284,1.0,0.0525277864306927,0.0,-0.209424543804098
H4027,HSM7J4NE,HSMA33O1,HSMA33O5,40.0,1.0,0.6272129576583549,1.0,0.609578847991703,0.0,-0.0431125637542749,1.0,0.0727955831074946
H4031,HSM7CZ3G,HSM7J4MK,HSM7J4OE,26.0,0.0,-1.0458789474075234,0.0,-1.084609150242826,1.0,-0.0254008110135685,0.0,-0.038083976633526
H4035,HSM7J4HS,HSM7J4JZ,HSM7J4K8,20.0,1.0,1.9245372557527,0.0,1.938887184080647,1.0,0.1814142460976588,0.0,-0.477326622199175
H4035,HSM7J4JZ,HSM7J4K8,HSMA33OR,26.0,1.0,0.8721754435410003,1.0,0.6867168086759075,0.0,-0.2392894955723616,1.0,0.1538024591636251
H4035,HSM7J4K8,HSMA33OR,HSMA33MI,44.0,1.0,1.3880872845967405,1.0,1.780315199783857,0.0,0.5021963601297462,0.0,-0.3141955569789418
M2008,MSM5LLDS,MSM5LLHZ,MSM5LLHQ,27.0,1.0,0.5159617744145529,0.0,0.6147294931670716,0.0,0.0872615839496602,0.0,0.0177017458505514
M2008,MSM5LLHZ,MSM5LLHQ,MSM5LLDA,37.0,1.0,0.5681508977588021,0.0,0.6417229093395997,1.0,0.0959931217069362,0.0,-0.0344940155786748
M2008,MSM5LLHQ,MSM5LLDA,MSM6J2LB,52.0,1.0,0.478014511231821,1.0,0.5629843623992697,0.0,0.0608074278470968,1.0,0.0371729589543873
M2014,MSM5FZ9X,MSM5FZA2,MSM5LLGH,16.0,1.0,0.1399111936919266,1.0,0.1771621632534764,0.0,0.0494211910174503,1.0,-0.0304255536397515
M2014,MSM5FZA2,MSM5LLGH,MSM6J2IQ,26.0,0.0,0.7310965968092014,0.0,0.9813173829924878,1.0,0.3289172642047251,0.0,-0.1967411950535967
M2014,MSM5LLGH,MSM6J2IQ,MSM6J2J1,36.0,1.0,0.5688167194410941,1.0,0.5938086823593897,0.0,-0.0886304027493843,1.0,0.2840559141691997
M2014,MSM6J2IQ,MSM6J2J1,MSM6J2QZ,48.0,1.0,0.7862249197663731,0.0,0.796771273680126,1.0,0.2342612492793168,0.0,-0.5592872384139097
M2025,MSM5LLIC,MSM5LLHM,MSM6J2J5,18.0,0.0,-1.593709240997048,0.0,-1.6000655450875634,1.0,0.019588005962475,0.0,-0.0648607751324763
M2025,MSM5LLHM,MSM6J2J5,MSM6J2PE,30.0,0.0,-1.7372720722174264,0.0,-1.8298209787209312,0.0,-0.1577697060700083,1.0,0.1630519989162586
M2025,MSM6J2J5,MSM6J2PE,MSM6J2PM,38.0,0.0,-1.5165829555079275,0.0,-1.3945352920250005,0.0,0.0811611168592284,1.0,0.1022163665592462
M2026,MSM5LLFK,MSM5LLFO,MSM6J2HF,18.0,0.0,0.6090714612239433,0.0,0.0274867673238067,0.0,-0.6929473385917997,1.0,0.3181789848333233
M2027,MSM5LLIS,MSM5LLH8,MSM6J2KE,18.0,0.0,-0.5655604033130411,0.0,-0.6487317449380905,1.0,-0.1720855097741755,0.0,0.1367910279217326
M2027,MSM5LLH8,MSM6J2KE,MSM6J2R2,26.0,0.0,-0.9032007483494686,0.0,-1.0117092125856977,0.0,-0.0884029616166546,1.0,-0.0309315424916526
M2028,MSM5LLFG,MSM5LLGR,MSM6J2IG,17.0,0.0,-0.2316225484180812,0.0,-0.2586801028973083,0.0,-0.049864491551276,0.0,0.0651626773487111
M2034,MSM5LLEH,MSM5LLF4,MSM6J2LL,17.0,0.0,0.3698450197983824,0.0,0.2439289589166196,1.0,-0.1211814364783129,0.0,-0.007284037543769
M2039,MSM6J2H9,MSM6J2QP,MSM79HAH,48.0,0.0,-0.4132450565522013,0.0,-0.588963109556942,0.0,-0.4637580790814796,0.0,0.7201000651918473
M2047,MSM6J2PO,MSM79H7Q,MSM79H7Y,33.0,0.0,-2.144463814452462,0.0,-2.056576639262308,0.0,-0.0757577104671753,1.0,0.4091122141433241
M2047,MSM79H7Q,MSM79H7Y,MSM9VZNL,39.0,0.0,-1.965618451851789,0.0,-2.034290980572014,1.0,0.01221828926937,0.0,-0.2022270449739895
M2060,MSM79H52,MSM9VZF7,MSM9VZPV,40.0,0.0,-0.7487526174208063,0.0,-0.532970377769956,0.0,0.204509851137877,0.0,0.0322068243227805
M2061,MSM6J2NA,MSM9VZGO,MSM9VZLJ,38.0,0.0,-1.117229424654914,0.0,-1.083986802135844,1.0,0.0051153032335897,0.0,0.080363769387086
M2068,MSM79HDQ,MSM9VZEK,MSM9VZES,23.0,1.0,0.6402076155947867,0.0,0.4197167006766087,0.0,-0.2869744353741295,1.0,0.189952915588433
M2068,MSM9VZEK,MSM9VZES,MSMA26AL,39.0,0.0,0.6619010417862874,0.0,0.8098505091746528,1.0,0.2311329100771659,0.0,-0.2376669791108587
M2069,MSM79HDE,MSM9VZEW,MSM9VZOU,28.0,1.0,1.306842004908454,1.0,1.4069379311582588,1.0,0.0657019874029912,0.0,0.0982683967051824
M2072,MSM79H85,MSM9VZOI,MSM9VZHR,43.0,0.0,-0.4333083100080047,0.0,-0.5368394543373534,0.0,-0.0895631447774793,0.0,-0.0214892300797989
M2075,MSM79H8D,MSM79H8J,MSM9VZJZ,14.0,0.0,-0.827648301483452,0.0,-0.8950937535186906,1.0,-0.0693734034762999,0.0,0.0055084326887469
M2075,MSM79H8J,MSM9VZJZ,MSM9VZH1,28.0,0.0,-1.1951943212292853,0.0,-1.334480155552683,0.0,-0.1455101510630813,1.0,0.0177837621133812
M2075,MSM9VZJZ,MSM9VZH1,MSMAPC7J,37.0,0.0,-0.7672195122532135,0.0,-0.6178630052252624,1.0,0.1959845014223641,0.0,-0.1332228411268943
M2079,MSM9VZFJ,MSM9VZFR,MSM9VZKE,17.0,0.0,-0.4834443734310155,0.0,-0.3933496520500932,1.0,0.0584484798073061,0.0,0.0904178330674747
M2079,MSM9VZFR,MSM9VZKE,MSMA26BR,32.0,0.0,-0.8255364193212682,0.0,-0.9187894095530416,1.0,-0.1346740085262787,0.0,0.118345766555729
M2084,MSM9VZMM,MSM9VZMU,MSM9VZL9,14.0,0.0,-0.9097236515111636,0.0,-0.8349229286137014,0.0,-0.0902449077753823,0.0,0.2539163548812994
M2084,MSM9VZMU,MSM9VZL9,MSMA26BB,25.0,0.0,-0.9394833342992476,0.0,-0.8782899077543205,1.0,0.0109289960270121,0.0,0.0773298931044847
M2085,MSM9VZM4,MSM9VZPL,MSMA26CX,26.0,0.0,0.0627753323480986,0.0,0.1749461520548492,1.0,0.1340202720614282,0.0,-0.0624270067276504
M2085,MSM9VZPL,MSMA26CX,MSMAPC6G,36.0,0.0,-1.1689886925801083,0.0,-1.5925596867789862,0.0,-0.4740511953001554,0.0,0.1442291460036505
M2085,MSMA26CX,MSMAPC6G,MSMB4LXY,40.0,0.0,-1.6331951861315714,0.0,-1.6876097860165056,0.0,-0.0879899981576074,1.0,0.0959297093504954
P6005,PSM6XBQM,PSM6XBQY,PSM6XBSS,16.0,1.0,0.8915188998232257,0.0,1.173065627880693,1.0,0.3574236561175455,0.0,-0.1896923201501956
P6005,PSM6XBQY,PSM6XBSS,PSM7J136,41.0,1.0,0.8676302573425234,1.0,0.9235401833598972,0.0,0.0190240516542782,1.0,0.0922146859077389
P6009,PSM6XBRK,PSM6XBS6,PSM7J1CK,25.0,0.0,-0.0789732404764406,0.0,0.043175737754783,1.0,0.1325617582243884,0.0,-0.0297507999804707
P6009,PSM6XBS6,PSM7J1CK,PSM7J1CU,36.0,0.0,-0.1568371204217661,0.0,-0.1040446701266843,0.0,0.0345463558139652,1.0,0.052131698517476
P6009,PSM7J1CK,PSM7J1CU,PSM7J141,44.0,0.0,0.0812572922215344,0.0,0.1384685354213675,0.0,0.0720330091362913,0.0,-0.0423479026755951
P6010,PSM6XBSI,PSM6XBSK,PSM6XBUO,25.0,1.0,0.7189514225801847,1.0,0.3489263861420869,0.0,-0.4761480822299773,1.0,0.3032087022625125
P6010,PSM6XBSK,PSM6XBUO,PSM7J14L,40.0,1.0,1.1903345906035874,1.0,1.4738085971876778,0.0,0.3461659864034359,1.0,-0.179119942340987
P6010,PSM6XBUO,PSM7J14L,PSM7J14T,47.0,0.0,1.938270976638452,0.0,2.04738038805042,1.0,0.2534181118208158,0.0,-0.4123105725967074
P6016,PSM7J17L,PSM7J158,PSMA265N,38.0,0.0,0.7475873706629479,0.0,0.2674475064524468,0.0,-0.2338506528658527,0.0,-0.7036834609847095
P6018,PSM7J17X,PSM7J15M,PSM7J15U,36.0,0.0,-0.2983444795498619,0.0,-0.4351003646601205,1.0,-0.1313945325398956,0.0,-0.0153181502010371
P6024,PSM7J1BN,PSM7J12J,PSM7J12R,23.0,0.0,1.1054986756974734,0.0,0.9202672468210532,1.0,-0.1326674683423594,0.0,-0.1501827443830306
P6024,PSM7J12J,PSM7J12R,PSMA263W,37.0,0.0,0.5794787498968326,0.0,0.4575446619914545,0.0,-0.1008368775319488,0.0,-0.0602777439240834
P6035,PSMA264Q,PSMA267P,PSMB4MBK,34.0,0.0,-0.1584734048477819,0.0,-0.2302612520716594,0.0,-0.1462220793325674,1.0,0.1145142032441384
