outer_fold,model,n_windows,mae,r2,spearman
0,ridge,27,0.3930009288882803,0.8371026347801369,0.8919413919413919
0,persistence,27,0.3873895872143688,0.8058487755518777,0.877899877899878
0,linear,27,0.614799557903074,0.4878669456504816,0.7789987789987789
1,ridge,38,0.4893459389226206,0.6969307901799638,0.841558157347631
1,persistence,38,0.5535116026600218,0.6217109320590031,0.8004158004158004
1,linear,38,0.9710020192783616,-0.11770889305853571,0.5992997045628624
2,ridge,22,0.5946207869084531,0.5169975293713533,0.5968379446640317
2,persistence,22,0.6573941670604815,0.37203724782939473,0.5776397515527951
2,linear,22,1.2086101261721132,-0.8527156941756207,0.39582156973461324
3,ridge,34,0.40605595101903014,0.816481153419487,0.9122994652406416
3,persistence,34,0.4512214209425778,0.7882227151271011,0.8890756302521009
3,linear,34,0.8062264890748325,0.30403450447377056,0.6785332314744079
4,ridge,31,0.45764312705556115,0.44848555642077437,0.705241935483871
4,persistence,31,0.5210512897884981,0.29241752245158803,0.6830645161290324
4,linear,31,1.0396708531359897,-1.062645985801089,0.3947580645161291
