participant_id,sample_t1,sample_t2,sample_t3,score_t3,observed_three_state_t3,high_HI_t3,ridge_delta_base_pred_next_HI_score,locf_pred_score_t3,linear_pred_score_t3
C3001,CSM5FZ3N,CSM5FZ4C,CSM5MCVV,0.3433039220421384,HI_intermediate_state,0,-0.0489175111131907,-0.0880064217299814,-0.1097322196138896
C3001,CSM5FZ4C,CSM5MCVV,CSM67UA2,-0.0707196973322844,HI_intermediate_state,0,0.2778931128667868,0.3433039220421384,0.990269437700318
C3001,CSM5MCVV,CSM67UA2,CSM79HMZ,-0.2554539295406798,HI_intermediate_state,0,0.072213318263754,-0.0707196973322844,-0.6917551263939186
C3002,CSM5FZ3T,CSM5FZ44,CSM5MCVN,2.626345832411357,HI_high_state,1,2.409134078100345,2.4988059310248096,2.0204633194828445
C3002,CSM5FZ44,CSM5MCVN,CSM67UBN,2.458130364573807,HI_high_state,1,2.370039938857451,2.626345832411357,2.8814256351844514
C3002,CSM5MCVN,CSM67UBN,CSM79HK1,2.2238848258048525,HI_high_state,1,2.2695336755557944,2.458130364573807,2.363509163915185
C3003,CSM5FZ48,CSM5FZ4K,CSM5MCYK,0.9533255230703124,HI_high_state,1,0.6005086313194472,0.8168099956376383,1.4566758220480838
C3003,CSM5FZ4K,CSM5MCYK,CSM67UBZ,1.804926098018779,HI_high_state,1,0.8304029086771177,0.9533255230703124,1.052609543021348
C3003,CSM5MCYK,CSM67UBZ,CSM79HLM,1.5668118460924565,HI_high_state,1,1.410242001854635,1.804926098018779,3.0823269604414785
C3004,CSM5FZ4A,CSM5MCUC,CSM5MCXL,-0.2271715258475561,HI_intermediate_state,0,-0.0046511282388167,-0.2450101624585909,-0.960399465259991
C3004,CSM5MCUC,CSM5MCXL,CSM67UDN,0.6503600588091822,HI_high_state,1,-0.2675501224617048,-0.2271715258475561,-0.2004135709310039
C3004,CSM5MCXL,CSM67UDN,CSM79HLA,-0.1592681817675094,HI_intermediate_state,0,0.3759914031301191,0.6503600588091822,1.2353811152470078
C3005,CSM5FZ4O,CSM5MCUU,CSM5MCY8,0.7006489285582466,HI_high_state,1,0.4310561986568341,0.7204941177659321,2.25357894592082
C3005,CSM5MCUU,CSM5MCY8,CSM67UEA,0.6149198260912165,HI_high_state,1,0.6144613463600711,0.7006489285582466,0.6768347015090239
C3005,CSM5MCY8,CSM67UEA,CSM67UEI,1.2249661003458054,HI_high_state,1,0.5543536165435466,0.6149198260912165,0.550622999240944
C3006,CSM5MCTZ,CSM5MCUM,CSM5MCX3,1.788262277923941,HI_high_state,1,1.2786986422069408,1.2362558936830597,0.7878505022056306
C3006,CSM5MCUM,CSM5MCX3,CSM67UFZ,2.729742971147766,HI_high_state,1,1.5310324403948148,1.788262277923941,2.576842826839486
C3006,CSM5MCX3,CSM67UFZ,CSM79HMN,2.3843421862172227,HI_high_state,1,2.376410356757221,2.729742971147766,3.671223664371591
C3009,CSM5MCVH,CSM67UAA,CSM79HI7,0.1844519951832977,HI_intermediate_state,0,0.3321610936737055,0.5818875916271888,1.162807142976317
C3009,CSM67UAA,CSM79HI7,CSM7KOJO,0.4976518458302105,HI_high_state,1,0.2172487484395724,0.1844519951832977,-0.2697601150382921
C3010,CSM5MCWK,CSM5MCXZ,CSM67UCK,-1.1021696716376734,HI_low_state,0,-1.0004848527282637,-0.9545587920890052,-0.6753368968609761
C3010,CSM5MCXZ,CSM67UCK,CSM7KOLE,-0.7384588787510632,HI_low_state,0,-1.1448610957514582,-1.1021696716376734,-1.57780472796116
C3011,CSM5MCXB,CSM5MCYO,CSM67UEW,0.2136303666162199,HI_intermediate_state,0,0.2233676000187162,0.43784599484175,0.9014227310627398
C3011,CSM5MCYO,CSM67UEW,CSM7KOMT,-0.2220268453116747,HI_intermediate_state,0,0.3690067355901194,0.2136303666162199,-0.5430973786449442
C3012,CSM5MCXF,CSM5MCZF,CSM67UGO,0.3623229826615776,HI_intermediate_state,0,0.4459660930616867,0.4681230861823829,0.4085890485512555
C3012,CSM5MCZF,CSM67UGO,CSM7KON8,0.4511848566304576,HI_intermediate_state,0,0.3627844028940974,0.3623229826615776,0.0449226720991616
C3013,CSM5MCYU,CSM67U9P,CSM79HGH,-0.1965572101217951,HI_intermediate_state,0,0.140370628600576,0.4736523210150734,1.3993130556911093
C3013,CSM67U9P,CSM79HGH,CSM7KONS,-0.1889126860582393,HI_intermediate_state,0,0.0120382460482916,-0.1965572101217951,-1.6114439980774065
C3015,CSM67U9T,CSM67UAQ,CSM7KOPI,-1.0272757345027794,HI_low_state,0,-0.6630168302870365,-0.8753034939741068,-3.489725483376267
C3015,CSM67UAQ,CSM7KOPI,CSM7KOPQ,-0.8558318577963644,HI_low_state,0,-1.1101819172238911,-1.0272757345027794,-1.0678016653104254
C3016,CSM67U9V,CSM67UB1,CSM79HIT,-0.4135250422368208,HI_intermediate_state,0,0.469126262888458,0.3136016208088708,0.0560139963630512
C3016,CSM67UB1,CSM79HIT,CSM7KOPS,1.2791900549800783,HI_high_state,1,-0.2381829978565245,-0.4135250422368208,-2.2313416998510496
C3016,CSM79HIT,CSM7KOPS,CSM7KOQ3,0.7521759185603388,HI_high_state,1,0.8014928348953547,1.2791900549800783,2.125547603588528
C3017,CSM67U9X,CSM67UBB,CSM79HJ6,0.7425936944264443,HI_high_state,1,-0.0750759613526685,-0.4556218929303035,-1.2975599757885234
C3017,CSM67UBB,CSM79HJ6,CSM7KOQZ,0.9234861324095244,HI_high_state,1,0.209303095625333,0.7425936944264443,4.508414111833366
C3017,CSM79HJ6,CSM7KOQZ,CSM7KOR8,-0.5961286130580464,HI_low_state,0,0.7851949292080784,0.9234861324095244,0.989265200767008
C3022,CSM67UH7,CSM79HGZ,CSM7KOOH,-1.021917174426349,HI_low_state,0,-0.8966921053639677,-0.6995648666230153,0.4684956912648256
C3022,CSM79HGZ,CSM7KOOH,CSM7KOOR,-0.5462993124244566,HI_low_state,0,-0.9928239932416464,-1.021917174426349,-1.2233873668034327
C3022,CSM7KOOH,CSM7KOOR,CSMAG78W,-0.7549692831360414,HI_low_state,0,-0.6971775442277264,-0.5462993124244566,-0.0706814504225641
C3023,CSM79HG4,CSM79HH8,CSM7KONC,0.0678977237608616,HI_intermediate_state,0,0.3950923478281025,0.5891103533608268,1.5691081230838813
C3023,CSM79HH8,CSM7KONC,CSM7KONK,0.7590308697250658,HI_high_state,1,0.136086257549428,0.0678977237608616,-0.1637523338391229
C3023,CSM7KONC,CSM7KONK,CSM7KOTK,0.1148982573632436,HI_intermediate_state,0,0.5229159364138225,0.7590308697250658,1.7957305886713724
C3027,CSM79HJM,CSM79HJS,CSM7KOOV,-0.3979174547732196,HI_intermediate_state,0,-0.4763215514357926,-0.4014324646878831,-0.0472398667162876
C3027,CSM79HJS,CSM7KOOV,CSMA9J65,0.1120522480506222,HI_intermediate_state,0,-0.4473655164013819,-0.3979174547732196,-0.3955741148301106
C3032,CSM7KOP8,CSM7KOPC,CSM7KOU9,-0.7347557431707039,HI_low_state,0,-0.6377763368547569,-0.6075825267875011,-0.7865692675436855
C3032,CSM7KOPC,CSM7KOU9,CSM7KOUF,-0.8282878330897392,HI_low_state,0,-0.7038734170494074,-0.7347557431707039,-0.8619289595539067
C3032,CSM7KOU9,CSM7KOUF,CSM9X22G,-0.6077495639716922,HI_low_state,0,-0.8108331462233043,-0.8282878330897392,-1.0932954211936723
C3034,CSM79HQR,CSM7KORU,CSM9X1XW,1.7785174263231822,HI_high_state,1,1.6462832282112816,1.9221139717239908,2.610968549696964
C3034,CSM7KORU,CSM9X1XW,CSM9X21P,1.0935599693400333,HI_high_state,1,1.6452134881144378,1.7785174263231822,1.3477277901207565
E5004,ESM5MEEG,ESM5GEZ6,ESM5MEBU,0.8785880000002216,HI_high_state,1,0.8528135070399004,0.8642394228025381,0.5067360873544062
E5004,ESM5GEZ6,ESM5MEBU,ESM5MEC5,0.9301627757699716,HI_high_state,1,0.7946261243626369,0.8785880000002216,0.8943714349176736
E5004,ESM5MEBU,ESM5MEC5,ESM718SY,0.9174795237119292,HI_high_state,1,0.8209096980699415,0.9301627757699716,0.991114783497858
E5009,ESM5MEDN,ESM5MEDD,ESM718UH,-0.8953035148359388,HI_low_state,0,-1.1838239755512727,-1.330198677673091,-1.5686879040759478
E5009,ESM5MEDD,ESM718UH,ESM9IEP5,-1.2571986548574972,HI_low_state,0,-1.0532468129705186,-0.8953035148359388,1.061724717931246
E5013,ESM5MEB9,ESM718V8,ESM718TM,-0.6145692642834215,HI_low_state,0,-0.7156634304355591,-0.7398931053291499,-0.7970662585793331
E5013,ESM718V8,ESM718TM,ESM9IEP1,-1.077990673943954,HI_low_state,0,-0.7031382190827506,-0.6145692642834215,-0.294297226055449
H4001,HSM5FZBJ,HSM5MD7W,HSM5MD5K,0.1978017437317112,HI_intermediate_state,0,-0.0773564888545107,-0.2250087073399472,-0.3378831584190132
H4001,HSM5MD7W,HSM5MD5K,HSM5MD7H,-0.4587278336054858,HI_low_state,0,0.1241853527920234,0.1978017437317112,1.2548278714108572
H4001,HSM5MD5K,HSM5MD7H,HSM5MD79,-0.1132571321600637,HI_intermediate_state,0,-0.2523551879061789,-0.4587278336054858,-0.9839514954752432
H4001,HSM5MD7H,HSM5MD79,HSM67VEA,-0.3989186966561091,HI_intermediate_state,0,-0.134089499153346,-0.1132571321600637,0.4481327576887473
H4004,HSM5MD4S,HSM5MD4W,HSM5MD5P,-0.4139066240967468,HI_intermediate_state,0,0.0053298990895215,-0.0443823505907075,-0.2013781668664163
H4004,HSM5MD4W,HSM5MD5P,HSM6XRSG,0.3196411672111752,HI_intermediate_state,0,-0.2762080569672636,-0.4139066240967468,-0.6602561397674396
H4004,HSM5MD5P,HSM6XRSG,HSM7CYZT,-0.25224165632022,HI_intermediate_state,0,0.1056226616955554,0.3196411672111752,1.4199628541730582
H4004,HSM6XRSG,HSM7CYZT,HSM7CZ14,-0.332524905741116,HI_intermediate_state,0,-0.0827099172495312,-0.25224165632022,-0.7288106759297159
H4006,HSM5MD86,HSM5MD4A,HSM5MD7O,0.7468633788556585,HI_high_state,1,0.2195217522576141,0.1135116477658744,-0.2927235995667989
H4006,HSM5MD4A,HSM5MD7O,HSM67VEE,0.2064911810640611,HI_intermediate_state,0,0.4678461150141287,0.7468633788556585,1.3802151099454425
H4006,HSM5MD7O,HSM67VEE,HSM7CYX2,-0.3504617876807961,HI_intermediate_state,0,0.3859005584368516,0.2064911810640611,-0.3338810167275363
H4007,HSM5MD4Q,HSM5MD4O,HSM6XRSN,1.087227511301701,HI_high_state,1,1.7400895038098407,1.7294009813602726,1.2614848407307973
H4008,HSM5MD8A,HSM5MD5D,HSM6XRSZ,-1.2117939614044264,HI_low_state,0,-1.119997194434862,-1.536880172088301,-2.5662621742452743
H4008,HSM5MD5D,HSM6XRSZ,HSM67VFZ,-1.6694758928237747,HI_low_state,0,-1.2881098132960749,-1.2117939614044264,-0.8054361980495832
H4008,HSM6XRSZ,HSM67VFZ,HSM7CZ2P,-1.1344773316561625,HI_low_state,0,-1.5274363662845365,-1.6694758928237747,-2.5390715625205367
H4009,HSM5MD82,HSM5MD8B,HSM6XRTC,-1.3815767465017357,HI_low_state,0,-1.299714463296178,-1.3614909272580984,-1.416825946785809
H4009,HSM5MD8B,HSM6XRTC,HSM67VGA,-1.069088724904112,HI_low_state,0,-1.3364070434872382,-1.3815767465017357,-1.401662565745373
H4009,HSM6XRTC,HSM67VGA,HSM7CYYZ,-1.184666264723628,HI_low_state,0,-1.1979815231166289,-1.069088724904112,-0.1706856628109443
H4010,HSM5MD87,HSM5MD43,HSM5MD3Y,-0.3054893528497427,HI_intermediate_state,0,0.3303014459166433,0.3438156380627072,0.4061976695085817
H4010,HSM5MD43,HSM5MD3Y,HSM6XRTM,0.8248186565475392,HI_high_state,1,-0.0022589235125448,-0.3054893528497427,-1.7339603328571327
H4010,HSM5MD3Y,HSM6XRTM,HSM67VH1,-0.3185426532363495,HI_intermediate_state,0,0.508334986710901,0.8248186565475392,3.3937004960868165
H4013,HSM5MD6K,HSM6XRRJ,HSM6XRVC,-0.7839436203230079,HI_low_state,0,-0.2411651083553921,-0.2131545991952233,0.2002329967347954
H4013,HSM6XRRJ,HSM6XRVC,HSM6XRVK,-0.6782907276401533,HI_low_state,0,-0.6188240910156421,-0.7839436203230079,-1.1264170329996783
H4013,HSM6XRVC,HSM6XRVK,HSM7J4R2,-0.4242335111865131,HI_intermediate_state,0,-0.6788749558055531,-0.6782907276401533,-0.502202573168729
H4014,HSM5MD3L,HSM5MD6A,HSM6XRRV,0.4936843422828088,HI_high_state,1,-0.5011860442322706,-0.2518874211630733,0.5777196139306027
H4014,HSM5MD6A,HSM6XRRV,HSM6XRVO,0.8773220571569322,HI_high_state,1,0.1743189269912736,0.4936843422828088,1.5188455170208963
H4014,HSM6XRRV,HSM6XRVO,HSM7J4QT,1.3203613614152072,HI_high_state,1,0.6367199322384564,0.8773220571569322,1.6794736428028267
H4015,HSM5MD62,HSM5MD73,HSM7CYZ7,-0.0107113258657362,HI_intermediate_state,0,0.175910071895735,0.1734460761936484,-0.3639982854631575
H4015,HSM5MD73,HSM7CYZ7,HSM7J4QJ,0.2398953838190682,HI_intermediate_state,0,-0.0714901809736652,-0.0107113258657362,-0.1948687279251208
H4016,HSM5MD6U,HSM67VF3,HSM7J4I3,0.2561179732747754,HI_intermediate_state,0,-0.0518425661210447,0.0572682589390316,0.8204763866986029
H4016,HSM67VF3,HSM7J4I3,HSM7J4KQ,0.0237902642145107,HI_intermediate_state,0,0.1161591079087656,0.2561179732747754,0.3754278018762217
H4018,HSM6XRQC,HSM67VFR,HSM7J4LD,0.0998223658404455,HI_intermediate_state,0,0.369579239959415,0.4150733369977921,0.3370377105751486
H4018,HSM67VFR,HSM7J4LD,HSM7J4LN,-0.0744420457671089,HI_intermediate_state,0,0.2892925556590687,0.0998223658404455,-0.0753170625803025
H4019,HSM6XRQE,HSM6XRRD,HSM6XRV2,1.7616323742740134,HI_high_state,1,0.3057831120611421,0.1891879976422284,-0.1126937220290736
H4019,HSM6XRRD,HSM6XRV2,HSM7J4M4,1.5609678903673734,HI_high_state,1,1.1511036463622712,1.7616323742740134,7.26518769248526
H4019,HSM6XRV2,HSM7J4M4,HSM7J4ME,0.93454908126935,HI_high_state,1,1.3916617168459733,1.5609678903673734,1.474968825835956
H4022,HSM67VDX,HSM67VES,HSM7CYZJ,-1.5608463294864057,HI_low_state,0,-1.1165499822928049,-1.4344869753175056,-2.308908091595864
H4022,HSM67VES,HSM7CYZJ,HSM7J4G1,-1.2649877355864092,HI_low_state,0,-1.4940937150702691,-1.5608463294864057,-1.7819751992819808
H4022,HSM7CYZJ,HSM7J4G1,HSM7J4IU,-1.1413108174511326,HI_low_state,0,-1.3268957264537649,-1.2649877355864092,-1.0959256819292684
H4023,HSM67VDR,HSM6XRQ8,HSM7J4HC,-0.9182225169557968,HI_low_state,0,-0.2454901082058938,-0.3150405072675331,0.1051494019665069
H4023,HSM6XRQ8,HSM7J4HC,HSM7J4KC,-0.4869226109459901,HI_low_state,0,-0.8139806625029401,-0.9182225169557968,-1.3605559907271902
H4023,HSM7J4HC,HSM7J4KC,HSM7J4KK,-1.5599744116957506,HI_low_state,0,-0.412596592911357,-0.4869226109459901,-0.173249952029767
H4024,HSM67VI5,HSM7J4O1,HSM7J4O3,-1.0596251069426432,HI_low_state,0,-1.2836554687946928,-1.1847158659291304,-1.189750767788227
H4027,HSM7J4GR,HSM7J4NE,HSMA33O1,0.58410039390408,HI_high_state,1,0.9737838150768698,1.0263116015075626,0.8457889028792211
H4027,HSM7J4NE,HSMA33O1,HSMA33O5,1.3695555735511906,HI_high_state,1,0.6272129576583549,0.58410039390408,0.3629947901023386
H4031,HSM7CZ3G,HSM7J4MK,HSM7J4OE,-1.2773280396602305,HI_low_state,0,-1.0458789474075234,-1.071279758421092,-1.1446021713578316
H4035,HSM7J4HS,HSM7J4JZ,HSM7J4K8,0.6328859479686386,HI_high_state,1,1.9245372557527,2.1059515018503583,2.405585193536937
H4035,HSM7J4JZ,HSM7J4K8,HSMA33OR,1.8902836447264868,HI_high_state,1,0.8721754435410003,0.6328859479686386,-0.4719132174426512
H4035,HSM7J4K8,HSMA33OR,HSMA33MI,1.913336159072744,HI_high_state,1,1.3880872845967405,1.8902836447264868,5.662476735000031
M2008,MSM5LLDS,MSM5LLHZ,MSM5LLHQ,0.6641440194657383,HI_high_state,1,0.5159617744145529,0.6032233583642131,0.6698861211361049
M2008,MSM5LLHZ,MSM5LLHQ,MSM5LLDA,0.538821939078918,HI_high_state,1,0.5681508977588021,0.6641440194657383,0.7250646805672635
M2008,MSM5LLHQ,MSM5LLDA,MSM6J2LB,0.9472432013099372,HI_high_state,1,0.478014511231821,0.538821939078918,0.3508388184986874
M2014,MSM5FZ9X,MSM5FZA2,MSM5LLGH,1.0600138610139265,HI_high_state,1,0.1399111936919266,0.189332384709377,0.2420037774380169
M2014,MSM5FZA2,MSM5LLGH,MSM6J2IQ,0.4801863166917098,HI_high_state,1,0.7310965968092014,1.0600138610139265,2.148365706394613
M2014,MSM5LLGH,MSM6J2IQ,MSM6J2J1,1.02048616904569,HI_high_state,1,0.5688167194410941,0.4801863166917098,-0.0996412276305069
M2014,MSM6J2IQ,MSM6J2J1,MSM6J2QZ,0.8815061467734665,HI_high_state,1,0.7862249197663731,1.02048616904569,1.668845991870466
M2025,MSM5LLIC,MSM5LLHM,MSM6J2J5,-1.8950417782874347,HI_low_state,0,-1.593709240997048,-1.5741212350345728,-1.4665209076874628
M2025,MSM5LLHM,MSM6J2J5,MSM6J2PE,-1.435421838648699,HI_low_state,0,-1.7372720722174264,-1.8950417782874347,-2.4451912810066263
M2025,MSM6J2J5,MSM6J2PE,MSM6J2PM,-0.6980647072688602,HI_low_state,0,-1.5165829555079275,-1.435421838648699,-1.1290085455562084
M2026,MSM5LLFK,MSM5LLFO,MSM6J2HF,0.3414005449643597,HI_intermediate_state,0,0.6090714612239433,-0.0838758773678564,-3.988018602100904
M2027,MSM5LLIS,MSM5LLH8,MSM6J2KE,-0.9916037099661232,HI_low_state,0,-0.5655604033130411,-0.7376459130872167,-1.238186534817851
M2027,MSM5LLH8,MSM6J2KE,MSM6J2R2,-0.6997707140147423,HI_low_state,0,-0.9032007483494686,-0.9916037099661232,-1.1947699474692484
M2028,MSM5LLFG,MSM5LLGR,MSM6J2IG,-0.3007775955041217,HI_intermediate_state,0,-0.2316225484180812,-0.2814870399693572,-0.0156345400490041
M2034,MSM5LLEH,MSM5LLF4,MSM6J2LL,-0.0820974447352117,HI_intermediate_state,0,0.3698450197983824,0.2486635833200695,-0.1150898134710442
M2039,MSM6J2H9,MSM6J2QP,MSM79HAH,-0.8331959787504079,HI_low_state,0,-0.4132450565522013,-0.8770031356336809,-3.683991113625829
M2047,MSM6J2PO,MSM79H7Q,MSM79H7Y,-1.9534001625824189,HI_low_state,0,-2.144463814452462,-2.220221524919637,-2.2897320929068563
M2047,MSM79H7Q,MSM79H7Y,MSM9VZNL,-2.2294014071011605,HI_low_state,0,-1.965618451851789,-1.9534001625824189,-1.633214527777757
M2060,MSM79H52,MSM9VZF7,MSM9VZPV,-0.6173486620070614,HI_low_state,0,-0.7487526174208063,-0.5442427662829292,-0.4084244293093115
M2061,MSM6J2NA,MSM9VZGO,MSM9VZLJ,-1.5638788191376116,HI_low_state,0,-1.117229424654914,-1.1121141214213242,-0.9908095944597264
M2068,MSM79HDQ,MSM9VZEK,MSM9VZES,0.8930339518634534,HI_high_state,1,0.6402076155947867,0.3532331802206572,-0.5679444976456374
M2068,MSM9VZEK,MSM9VZES,MSMA26AL,-0.7439744697738736,HI_low_state,0,0.6619010417862874,0.8930339518634534,1.9726354951490457
M2069,MSM79HDE,MSM9VZEW,MSM9VZOU,1.2438006699848134,HI_high_state,1,1.306842004908454,1.372543992311445,0.9695845013843526
M2072,MSM79H85,MSM9VZOI,MSM9VZHR,-0.6323894008399816,HI_low_state,0,-0.4333083100080047,-0.522871454785484,-1.0673759922302368
M2075,MSM79H8D,MSM79H8J,MSM9VZJZ,-1.3407044722923664,HI_low_state,0,-0.827648301483452,-0.897021704959752,-1.106238565850728
M2075,MSM79H8J,MSM9VZJZ,MSM9VZH1,-0.5712350108308494,HI_low_state,0,-1.1951943212292853,-1.3407044722923664,-2.030877665920878
M2075,MSM9VZJZ,MSM9VZH1,MSMAPC7J,-0.7119126324565465,HI_low_state,0,-0.7672195122532135,-0.5712350108308494,-0.0765760713198741
M2079,MSM9VZFJ,MSM9VZFR,MSM9VZKE,-0.9602104278475468,HI_low_state,0,-0.4834443734310155,-0.4249958936237093,0.2030410923221801
M2079,MSM9VZFR,MSM9VZKE,MSMA26BR,-1.2284047170696213,HI_low_state,0,-0.8255364193212682,-0.9602104278475468,-1.8522346515539423
M2084,MSM9VZMM,MSM9VZMU,MSM9VZL9,-0.9285543382722355,HI_low_state,0,-0.9097236515111636,-0.999968559286546,-1.1462428520646295
M2084,MSM9VZMU,MSM9VZL9,MSMA26BB,-1.2451067629457693,HI_low_state,0,-0.9394833342992476,-0.9285543382722355,-0.7976282664126664
M2085,MSM9VZM4,MSM9VZPL,MSMA26CX,-1.643039887880264,HI_low_state,0,0.0627753323480986,0.1967956044095269,3.5101309257321702
M2085,MSM9VZPL,MSMA26CX,MSMAPC6G,-1.721185184289179,HI_low_state,0,-1.1689886925801083,-1.643039887880264,-2.6113743575064694
M2085,MSMA26CX,MSMAPC6G,MSMB4LXY,-0.6581835999681585,HI_low_state,0,-1.6331951861315714,-1.721185184289179,-1.752443302852745
P6005,PSM6XBQM,PSM6XBQY,PSM6XBSS,0.8866543089968018,HI_high_state,1,0.8915188998232257,1.2489425559407712,2.210766627591408
P6005,PSM6XBQY,PSM6XBSS,PSM7J136,0.9866805692877848,HI_high_state,1,0.8676302573425234,0.8866543089968018,-0.2454964627031026
P6009,PSM6XBRK,PSM6XBS6,PSM7J1CK,-0.1222907646078009,HI_intermediate_state,0,-0.0789732404764406,0.0535885177479478,1.3662218738340406
P6009,PSM6XBS6,PSM7J1CK,PSM7J1CU,0.1532903013578258,HI_intermediate_state,0,-0.1568371204217661,-0.1222907646078009,-0.2190243699034627
P6009,PSM7J1CK,PSM7J1CU,PSM7J141,0.0370591277337023,HI_intermediate_state,0,0.0812572922215344,0.1532903013578258,0.3537128947873724
P6010,PSM6XBSI,PSM6XBSK,PSM6XBUO,1.5365005770070232,HI_high_state,1,0.7189514225801847,0.2428033403502075,-2.344382495826389
P6010,PSM6XBSK,PSM6XBUO,PSM7J14L,2.1916890884592672,HI_high_state,1,1.1903345906035874,1.5365005770070232,2.749341736372788
P6010,PSM6XBUO,PSM7J14L,PSM7J14T,-0.4386423426219734,HI_intermediate_state,0,1.938270976638452,2.1916890884592672,2.497443727136981
P6016,PSM7J17L,PSM7J158,PSMA265N,0.431722679062159,HI_intermediate_state,0,0.7475873706629479,0.5137367177970952,-0.6968810891829748
P6018,PSM7J17X,PSM7J15M,PSM7J15U,-0.8323053333017328,HI_low_state,0,-0.2983444795498619,-0.4297390120897575,-0.6152198638868831
P6024,PSM7J1BN,PSM7J12J,PSM7J12R,0.4786418723648837,HI_high_state,1,1.1054986756974734,0.972831207355114,0.3828384434044491
P6024,PSM7J12J,PSM7J12R,PSMA263W,0.5745236881210486,HI_high_state,1,0.5794787498968326,0.4786418723648837,-0.3861894638680193
P6035,PSMA264Q,PSMA267P,PSMB4MBK,-0.1739012317062609,HI_intermediate_state,0,-0.1584734048477819,-0.3046954841803494,-0.6619843921625267
